area,tech,bus,gen,lat,lng,dist_km,capacity,capacity_factor,cost_poi_usd_per_mw,cost_reinforcement_usd_per_mw,cost_spur_usd_per_km_mw,same_area,system_capacity
1.0,wind,bus_101,wind_3840,32.91772711277368,-115.08185540278947,127.6220784983524,78.0,29.86654403472681,35000.0,257014.03,13494.356293888508,1,3370.0
1.0,wind,bus_101,wind_3841,32.91772711277368,-114.94380074321053,116.06404996177854,66.0,32.903536507098664,35000.0,317563.62,13922.127475281783,1,3370.0
3.0,wind,bus_101,wind_3867,34.18784684133704,-116.976571399,303.29494254407365,66.0,22.15517101019571,15000.0,550612.56,10357.109068159081,0,3370.0
3.0,wind,bus_101,wind_4614,34.274428058174074,-117.04700127174074,312.2588453806624,228.0,45.46469677479659,15000.0,542013.2,9597.691972840154,0,3370.0
3.0,wind,bus_101,wind_4625,34.361009275011114,-118.24430910833333,420.8558782379746,186.0,40.587012468578514,35000.0,411351.8,5539.314954486427,0,3370.0
1.0,wind,bus_101,wind_5738,33.01659015964737,-114.80574608363158,99.63338814910254,144.0,45.67545565294453,35000.0,185248.53,6033.371193415638,1,3370.0
3.0,wind,bus_101,wind_5759,34.534171708685186,-118.5260285992963,450.63832922841914,246.0,27.70681974270578,15000.0,579130.6,4889.942746873255,0,3370.0
3.0,wind,bus_101,wind_5762,34.534171708685186,-118.31473898107407,431.9767788766267,204.0,38.767218884089594,15000.0,378539.16,11720.692783303672,0,3370.0
1.0,wind,bus_101,wind_6124,33.11545320652105,-116.324347339,233.50010935222227,60.0,52.26981609860366,35000.0,376899.84,13854.580762104344,1,3370.0
2.0,wind,bus_101,wind_6862,35.173489048534485,-114.48490435742858,206.4403313238712,42.0,49.37766374099247,35000.0,362114.1,5022.801101628039,0,3370.0
2.0,wind,bus_101,wind_6864,35.173489048534485,-114.309647486,202.3765106680403,252.0,39.248624139220354,35000.0,454195.8,4487.393906682622,0,3370.0
2.0,wind,bus_101,wind_8004,35.216359122351726,-115.01067497171428,229.375367677389,222.0,57.02361614208024,15000.0,347759.25,3906.8795749374895,0,3370.0
1.0,wind,bus_101,wind_8011,33.31317930026842,-115.63407404110526,167.28927034759724,228.0,17.733234099813693,15000.0,124354.65,5979.508496701373,1,3370.0
1.0,wind,bus_101,wind_8026,33.31317930026842,-113.701308807,15.514231986127951,126.0,33.18933618191138,35000.0,307217.75,13701.886610865902,1,3370.0
1.0,wind,bus_101,wind_8770,33.412042347142105,-113.9774181261579,13.279387247883395,276.0,40.85052500898017,35000.0,139822.95,4952.446145236453,1,3370.0
1.0,wind,bus_101,wind_8775,33.51090539401579,-116.0482380198421,205.66320078384,108.0,31.262503103984557,15000.0,240732.22,5543.147302292982,1,3370.0
2.0,wind,bus_101,wind_9542,35.25922919616897,-113.43336312885715,210.4370912962656,228.0,40.26782429171251,15000.0,206109.4,3636.3574772151674,0,3370.0
1.0,wind,bus_101,wind_9546,33.609768440889475,-116.18629267942106,219.2402180277323,258.0,31.322704717256308,35000.0,228112.95,6730.409007429606,1,3370.0
1.0,wind,bus_101,wind_9926,33.609768440889475,-115.7721287006842,181.11468572527423,288.0,29.121414121724055,35000.0,177124.89,5342.027528675423,1,3370.0
3.0,wind,bus_101,wind_10314,34.96707779287037,-118.38516885381482,453.4317552809806,246.0,41.28737036872091,15000.0,469507.75,3910.4721550060904,0,3370.0
3.0,wind,bus_101,wind_11080,35.05365900970741,-117.82172987188889,410.17024144076385,240.0,29.83449048851381,15000.0,473568.0,3140.1317006028785,0,3370.0
3.0,wind,bus_101,wind_11451,35.05365900970741,-117.39915063544444,375.876032089276,216.0,31.922420034212657,35000.0,286184.66,5037.468664619892,0,3370.0
3.0,wind,bus_101,wind_11462,35.14024022654445,-118.59645847203703,478.47126424584616,72.0,30.90716157998361,15000.0,421182.88,4246.732688971792,0,3370.0
2.0,wind,bus_101,wind_12200,35.47357956525517,-115.44881715028572,274.3075000670411,282.0,35.868914710440556,35000.0,368521.7,3513.425303677313,0,3370.0
3.0,wind,bus_101,wind_12222,35.22682144338148,-118.80774809025925,499.8981969717004,180.0,7.294763642570183,15000.0,448000.2,4639.573607492375,0,3370.0
2.0,wind,bus_101,wind_13347,35.602189786706894,-115.36118871457143,282.3345853203193,240.0,31.74171522120349,35000.0,271069.88,4934.397613384755,0,3370.0
2.0,wind,bus_101,wind_13355,35.602189786706894,-114.66016122885715,256.6753164946373,258.0,46.71920613088312,35000.0,318633.25,4238.3168759567225,0,3370.0
2.0,wind,bus_101,wind_13719,35.602189786706894,-113.696248436,245.63789852342393,270.0,49.6009464184887,15000.0,369154.3,5210.298750561249,0,3370.0
2.0,wind,bus_101,wind_13723,35.602189786706894,-113.34573469314286,249.37882454262353,282.0,46.93785294623239,35000.0,342503.72,4586.018234119997,0,3370.0
2.0,wind,bus_101,wind_14115,35.645059860524135,-113.60862000028573,250.9357384491523,102.0,44.604152879739,35000.0,319696.4,5301.523045267489,0,3370.0
1.0,solar,bus_101,solar_1180,33.609768440889475,-113.9774181261579,27.15274460729719,119.51,20.66093307534744,35000.0,415575.4,10881.386489607035,1,540.0
1.0,solar,bus_101,solar_1938,33.70863148776316,-115.91018336026316,195.3551114863516,413.56,21.006451738438415,35000.0,136194.78,5589.921430933224,1,540.0
1.0,solar,bus_101,solar_2696,33.70863148776316,-114.5296367644737,73.09943082206951,975.34,20.23556579392014,15000.0,326046.84,5842.262500000001,1,540.0
3.0,solar,bus_101,solar_3481,35.31340266021852,-117.54001038092592,401.3096290577173,235.46,20.98557988500825,15000.0,1450488.9,9015.091456745968,0,540.0
3.0,solar,bus_101,solar_3865,35.399983877055554,-117.89215974462962,433.7288376627458,555.68,20.956046218629005,15000.0,748010.2,8326.904253604604,0,540.0
1.0,solar,bus_101,solar_4974,33.90635758151053,-114.39158210489474,76.59709360590023,725.49,20.566563256377396,15000.0,151662.47,5015.97306034038,1,540.0
3.0,solar,bus_101,solar_5002,35.57314631072963,-117.75129999914815,432.8402258788327,321.51,20.805657171461945,15000.0,610527.6,14019.768686868687,0,540.0
2.0,solar,bus_101,solar_6866,35.773670081975865,-113.082849386,273.2047242242906,1975.87,20.3644778352278,15000.0,163287.61,3303.7093581362155,0,540.0
2.0,solar,bus_101,solar_6870,35.816540155793106,-115.27356027885715,299.58083339623727,511.49,20.3885561933549,15000.0,191078.33,4340.889018140537,0,540.0
1.0,solar,bus_101,solar_6877,34.20294672213158,-114.39158210489474,103.38217953083554,243.36,20.323107440582152,35000.0,248843.27,14732.03952695499,1,540.0
1.0,solar,bus_101,solar_7637,34.40067281587895,-116.0482380198421,232.7567583686605,115.64,20.97164538263398,15000.0,329703.16,8637.77394621809,1,540.0
1.0,solar,bus_101,solar_8402,34.59839890962632,-116.18629267942106,254.60965540165108,800.57,20.779362880359272,35000.0,309062.75,5348.813514564577,1,540.0
1.0,solar,bus_101,solar_8406,34.59839890962632,-115.63407404110526,212.97220833211105,381.67,20.52282248996236,35000.0,307217.75,13701.886610865902,1,540.0
3.0,solar,bus_101,solar_8422,36.00605239491482,-118.878177963,544.5974572221261,1534.09,18.4643785313685,15000.0,147581.83,4738.016111105843,0,540.0
1.0,solar,bus_101,solar_8772,34.59839890962632,-115.21991006236843,184.81369668322068,1262.43,20.827260532201606,15000.0,285082.16,4698.472227915261,1,540.0
3.0,solar,bus_101,solar_8801,36.00605239491482,-118.0330194901111,481.014574095326,1920.94,21.38626932296118,15000.0,166064.89,3150.371663040237,0,540.0
1.0,solar,bus_101,solar_9164,34.6972619565,-115.91018336026316,239.71010833767,1370.69,20.80076673898595,15000.0,228099.69,4582.887685702328,1,540.0
3.0,solar,bus_101,solar_9554,36.09263361175185,-118.73731821751852,538.8456949226517,2675.24,19.246807189138497,35000.0,439531.4,4826.783703703703,0,540.0
2.0,solar,bus_101,solar_10302,35.94515037724483,-113.95913374314286,283.66591418023046,774.09,20.206921077184717,35000.0,88726.28,5257.520563974944,0,540.0
3.0,solar,bus_101,solar_11083,36.26579604542593,-118.1738792355926,508.43439213415576,562.63,21.704051587967797,15000.0,407670.75,4334.185178850601,0,540.0
2.0,solar,bus_101,solar_11821,36.07376059869655,-115.36118871457143,328.747141238566,1895.69,20.33245961018209,35000.0,267489.94,4568.217359904856,0,540.0
3.0,solar,bus_101,solar_11837,36.35237726226296,-118.5260285992963,539.4519050353595,3199.82,21.280843517492393,35000.0,657265.94,3555.5323979640634,0,540.0
2.0,solar,bus_101,solar_12188,36.07376059869655,-114.48490435742858,303.5928878870885,1034.83,19.649696670386444,35000.0,345709.78,6176.704732336498,0,540.0
3.0,solar,bus_101,solar_12223,36.35237726226296,-117.3287207627037,457.75034533345416,616.44,19.899699049838656,15000.0,431066.34,4162.50411039619,0,540.0
2.0,solar,bus_101,solar_12568,36.11663067251379,-114.74778966457143,313.7710468077748,907.88,19.391389919897858,35000.0,404530.84,7771.421293493865,0,540.0
3.0,solar,bus_101,solar_12591,36.35237726226296,-117.11743114448147,444.5575969365762,1283.28,20.986785155739607,35000.0,243376.78,5059.439440354808,0,540.0
2.0,solar,bus_101,solar_12954,36.159500746331034,-114.13439061457143,308.4842671562453,216.79,19.79746766913336,35000.0,467371.66,9295.096465069715,0,540.0
2.0,solar,bus_101,solar_12977,36.202370820148275,-114.923046536,327.4508928387258,422.82,19.98129969611502,35000.0,365625.44,4648.62371364967,0,540.0
2.0,solar,bus_101,solar_13734,36.28811096778276,-115.01067497171428,338.9758776227195,1435.71,20.022836093802365,35000.0,275067.38,4670.662091503268,0,540.0
2.0,solar,bus_101,solar_14502,36.3309810416,-114.923046536,341.0830958933801,1274.09,19.972700974607537,35000.0,392252.53,3317.1199651070892,0,540.0
1.0,wind,bus_102,wind_3840,32.91772711277368,-115.08185540278947,126.75809822060506,78.0,29.86654403472681,35000.0,257014.03,13494.356293888508,1,3370.0
1.0,wind,bus_102,wind_3841,32.91772711277368,-114.94380074321053,115.0069860324241,66.0,32.903536507098664,35000.0,317563.62,13922.127475281783,1,3370.0
3.0,wind,bus_102,wind_3867,34.18784684133704,-116.976571399,305.47934331965666,66.0,22.15517101019571,15000.0,550612.56,10357.109068159081,0,3370.0
3.0,wind,bus_102,wind_4614,34.274428058174074,-117.04700127174074,314.53216999769325,228.0,45.46469677479659,15000.0,542013.2,9597.691972840154,0,3370.0
3.0,wind,bus_102,wind_4625,34.361009275011114,-118.24430910833333,422.9172701031807,186.0,40.587012468578514,35000.0,411351.8,5539.314954486427,0,3370.0
1.0,wind,bus_102,wind_5738,33.01659015964737,-114.80574608363158,98.75209722531322,144.0,45.67545565294453,35000.0,185248.53,6033.371193415638,1,3370.0
3.0,wind,bus_102,wind_5759,34.534171708685186,-118.5260285992963,452.8062277590189,246.0,27.70681974270578,15000.0,579130.6,4889.942746873255,0,3370.0
3.0,wind,bus_102,wind_5762,34.534171708685186,-118.31473898107407,434.18922653495457,204.0,38.767218884089594,15000.0,378539.16,11720.692783303672,0,3370.0
1.0,wind,bus_102,wind_6124,33.11545320652105,-116.324347339,233.915076547768,60.0,52.26981609860366,35000.0,376899.84,13854.580762104344,1,3370.0
2.0,wind,bus_102,wind_6862,35.173489048534485,-114.48490435742858,210.79268761493017,42.0,49.37766374099247,35000.0,362114.1,5022.801101628039,0,3370.0
2.0,wind,bus_102,wind_6864,35.173489048534485,-114.309647486,206.74313027060452,252.0,39.248624139220354,35000.0,454195.8,4487.393906682622,0,3370.0
2.0,wind,bus_102,wind_8004,35.216359122351726,-115.01067497171428,233.57967498477325,222.0,57.02361614208024,15000.0,347759.25,3906.8795749374895,0,3370.0
1.0,wind,bus_102,wind_8011,33.31317930026842,-115.63407404110526,168.0465913402512,228.0,17.733234099813693,15000.0,124354.65,5979.508496701373,1,3370.0
1.0,wind,bus_102,wind_8026,33.31317930026842,-113.701308807,12.59064666926488,126.0,33.18933618191138,35000.0,307217.75,13701.886610865902,1,3370.0
1.0,wind,bus_102,wind_8770,33.412042347142105,-113.9774181261579,15.30892399268579,276.0,40.85052500898017,35000.0,139822.95,4952.446145236453,1,3370.0
1.0,wind,bus_102,wind_8775,33.51090539401579,-116.0482380198421,206.9155700158187,108.0,31.262503103984557,15000.0,240732.22,5543.147302292982,1,3370.0
2.0,wind,bus_102,wind_9542,35.25922919616897,-113.43336312885715,214.494478229251,228.0,40.26782429171251,15000.0,206109.4,3636.3574772151674,0,3370.0
1.0,wind,bus_102,wind_9546,33.609768440889475,-116.18629267942106,220.68514509436943,258.0,31.322704717256308,35000.0,228112.95,6730.409007429606,1,3370.0
1.0,wind,bus_102,wind_9926,33.609768440889475,-115.7721287006842,182.6534344040242,288.0,29.121414121724055,35000.0,177124.89,5342.027528675423,1,3370.0
3.0,wind,bus_102,wind_10314,34.96707779287037,-118.38516885381482,456.0022886912011,246.0,41.28737036872091,15000.0,469507.75,3910.4721550060904,0,3370.0
3.0,wind,bus_102,wind_11080,35.05365900970741,-117.82172987188889,412.974775812028,240.0,29.83449048851381,15000.0,473568.0,3140.1317006028785,0,3370.0
3.0,wind,bus_102,wind_11451,35.05365900970741,-117.39915063544444,378.8270116902566,216.0,31.922420034212657,35000.0,286184.66,5037.468664619892,0,3370.0
3.0,wind,bus_102,wind_11462,35.14024022654445,-118.59645847203703,481.1210683894237,72.0,30.90716157998361,15000.0,421182.88,4246.732688971792,0,3370.0
2.0,wind,bus_102,wind_12200,35.47357956525517,-115.44881715028572,278.40796214759,282.0,35.868914710440556,35000.0,368521.7,3513.425303677313,0,3370.0
3.0,wind,bus_102,wind_12222,35.22682144338148,-118.80774809025925,502.5581878338657,180.0,7.294763642570183,15000.0,448000.2,4639.573607492375,0,3370.0
2.0,wind,bus_102,wind_13347,35.602189786706894,-115.36118871457143,286.50595329827127,240.0,31.74171522120349,35000.0,271069.88,4934.397613384755,0,3370.0
2.0,wind,bus_102,wind_13355,35.602189786706894,-114.66016122885715,261.0258797695069,258.0,46.71920613088312,35000.0,318633.25,4238.3168759567225,0,3370.0
2.0,wind,bus_102,wind_13719,35.602189786706894,-113.696248436,249.8611067305768,270.0,49.6009464184887,15000.0,369154.3,5210.298750561249,0,3370.0
2.0,wind,bus_102,wind_13723,35.602189786706894,-113.34573469314286,253.4286188316991,282.0,46.93785294623239,35000.0,342503.72,4586.018234119997,0,3370.0
2.0,wind,bus_102,wind_14115,35.645059860524135,-113.60862000028573,255.1233520968325,102.0,44.604152879739,35000.0,319696.4,5301.523045267489,0,3370.0
1.0,solar,bus_102,solar_1180,33.609768440889475,-113.9774181261579,31.354656978565203,119.51,20.66093307534744,35000.0,415575.4,10881.386489607035,1,540.0
1.0,solar,bus_102,solar_1938,33.70863148776316,-115.91018336026316,197.08389985816612,413.56,21.006451738438415,35000.0,136194.78,5589.921430933224,1,540.0
1.0,solar,bus_102,solar_2696,33.70863148776316,-114.5296367644737,76.00758722872435,975.34,20.23556579392014,15000.0,326046.84,5842.262500000001,1,540.0
3.0,solar,bus_102,solar_3481,35.31340266021852,-117.54001038092592,404.411139637956,235.46,20.98557988500825,15000.0,1450488.9,9015.091456745968,0,540.0
3.0,solar,bus_102,solar_3865,35.399983877055554,-117.89215974462962,436.7712770410928,555.68,20.956046218629005,15000.0,748010.2,8326.904253604604,0,540.0
1.0,solar,bus_102,solar_4974,33.90635758151053,-114.39158210489474,80.40346939423209,725.49,20.566563256377396,15000.0,151662.47,5015.97306034038,1,540.0
3.0,solar,bus_102,solar_5002,35.57314631072963,-117.75129999914815,436.0447079263887,321.51,20.805657171461945,15000.0,610527.6,14019.768686868687,0,540.0
2.0,solar,bus_102,solar_6866,35.773670081975865,-113.082849386,277.12568828336,1975.87,20.3644778352278,15000.0,163287.61,3303.7093581362155,0,540.0
2.0,solar,bus_102,solar_6870,35.816540155793106,-115.27356027885715,303.82444827861167,511.49,20.3885561933549,15000.0,191078.33,4340.889018140537,0,540.0
1.0,solar,bus_102,solar_6877,34.20294672213158,-114.39158210489474,107.54984905033751,243.36,20.323107440582152,35000.0,248843.27,14732.03952695499,1,540.0
1.0,solar,bus_102,solar_7637,34.40067281587895,-116.0482380198421,235.65647577322449,115.64,20.97164538263398,15000.0,329703.16,8637.77394621809,1,540.0
1.0,solar,bus_102,solar_8402,34.59839890962632,-116.18629267942106,257.6752288161525,800.57,20.779362880359272,35000.0,309062.75,5348.813514564577,1,540.0
1.0,solar,bus_102,solar_8406,34.59839890962632,-115.63407404110526,216.39725377104264,381.67,20.52282248996236,35000.0,307217.75,13701.886610865902,1,540.0
3.0,solar,bus_102,solar_8422,36.00605239491482,-118.878177963,547.7219973202931,1534.09,18.4643785313685,15000.0,147581.83,4738.016111105843,0,540.0
1.0,solar,bus_102,solar_8772,34.59839890962632,-115.21991006236843,188.5559555785607,1262.43,20.827260532201606,15000.0,285082.16,4698.472227915261,1,540.0
3.0,solar,bus_102,solar_8801,36.00605239491482,-118.0330194901111,484.37744087280913,1920.94,21.38626932296118,15000.0,166064.89,3150.371663040237,0,540.0
1.0,solar,bus_102,solar_9164,34.6972619565,-115.91018336026316,243.0528859708826,1370.69,20.80076673898595,15000.0,228099.69,4582.887685702328,1,540.0
3.0,solar,bus_102,solar_9554,36.09263361175185,-118.73731821751852,542.0525230083541,2675.24,19.246807189138497,35000.0,439531.4,4826.783703703703,0,540.0
2.0,solar,bus_102,solar_10302,35.94515037724483,-113.95913374314286,287.9715149903861,774.09,20.206921077184717,35000.0,88726.28,5257.520563974944,0,540.0
3.0,solar,bus_102,solar_11083,36.26579604542593,-118.1738792355926,511.88265591003784,562.63,21.704051587967797,15000.0,407670.75,4334.185178850601,0,540.0
2.0,solar,bus_102,solar_11821,36.07376059869655,-115.36118871457143,333.0077238215318,1895.69,20.33245961018209,35000.0,267489.94,4568.217359904856,0,540.0
3.0,solar,bus_102,solar_11837,36.35237726226296,-118.5260285992963,542.8415990032223,3199.82,21.280843517492393,35000.0,657265.94,3555.5323979640634,0,540.0
2.0,solar,bus_102,solar_12188,36.07376059869655,-114.48490435742858,307.9591468286154,1034.83,19.649696670386444,35000.0,345709.78,6176.704732336498,0,540.0
3.0,solar,bus_102,solar_12223,36.35237726226296,-117.3287207627037,461.49080026375606,616.44,19.899699049838656,15000.0,431066.34,4162.50411039619,0,540.0
2.0,solar,bus_102,solar_12568,36.11663067251379,-114.74778966457143,318.1309348857405,907.88,19.391389919897858,35000.0,404530.84,7771.421293493865,0,540.0
3.0,solar,bus_102,solar_12591,36.35237726226296,-117.11743114448147,448.364044858634,1283.28,20.986785155739607,35000.0,243376.78,5059.439440354808,0,540.0
2.0,solar,bus_102,solar_12954,36.159500746331034,-114.13439061457143,312.81954707972034,216.79,19.79746766913336,35000.0,467371.66,9295.096465069715,0,540.0
2.0,solar,bus_102,solar_12977,36.202370820148275,-114.923046536,331.7982979132508,422.82,19.98129969611502,35000.0,365625.44,4648.62371364967,0,540.0
2.0,solar,bus_102,solar_13734,36.28811096778276,-115.01067497171428,343.31744016713265,1435.71,20.022836093802365,35000.0,275067.38,4670.662091503268,0,540.0
2.0,solar,bus_102,solar_14502,36.3309810416,-114.923046536,345.43540585819073,1274.09,19.972700974607537,35000.0,392252.53,3317.1199651070892,0,540.0
1.0,wind,bus_103,wind_3840,32.91772711277368,-115.08185540278947,78.76433132485893,78.0,29.86654403472681,35000.0,257014.03,13494.356293888508,1,3370.0
1.0,wind,bus_103,wind_3841,32.91772711277368,-114.94380074321053,73.38823220298595,66.0,32.903536507098664,35000.0,317563.62,13922.127475281783,1,3370.0
3.0,wind,bus_103,wind_3867,34.18784684133704,-116.976571399,224.89936877826912,66.0,22.15517101019571,15000.0,550612.56,10357.109068159081,0,3370.0
3.0,wind,bus_103,wind_4614,34.274428058174074,-117.04700127174074,234.1549414862527,228.0,45.46469677479659,15000.0,542013.2,9597.691972840154,0,3370.0
3.0,wind,bus_103,wind_4625,34.361009275011114,-118.24430910833333,342.13694349119316,186.0,40.587012468578514,35000.0,411351.8,5539.314954486427,0,3370.0
1.0,wind,bus_103,wind_5738,33.01659015964737,-114.80574608363158,59.200840228390035,144.0,45.67545565294453,35000.0,185248.53,6033.371193415638,1,3370.0
3.0,wind,bus_103,wind_5759,34.534171708685186,-118.5260285992963,372.15750421433785,246.0,27.70681974270578,15000.0,579130.6,4889.942746873255,0,3370.0
3.0,wind,bus_103,wind_5762,34.534171708685186,-118.31473898107407,353.62373401833156,204.0,38.767218884089594,15000.0,378539.16,11720.692783303672,0,3370.0
1.0,wind,bus_103,wind_6124,33.11545320652105,-116.324347339,160.6501366667016,60.0,52.26981609860366,35000.0,376899.84,13854.580762104344,1,3370.0
2.0,wind,bus_103,wind_6862,35.173489048534485,-114.48490435742858,182.78262708154807,42.0,49.37766374099247,35000.0,362114.1,5022.801101628039,0,3370.0
2.0,wind,bus_103,wind_6864,35.173489048534485,-114.309647486,184.9758953934357,252.0,39.248624139220354,35000.0,454195.8,4487.393906682622,0,3370.0
2.0,wind,bus_103,wind_8004,35.216359122351726,-115.01067497171428,189.3473196719005,222.0,57.02361614208024,15000.0,347759.25,3906.8795749374895,0,3370.0
1.0,wind,bus_103,wind_8011,33.31317930026842,-115.63407404110526,92.82594375211504,228.0,17.733234099813693,15000.0,124354.65,5979.508496701373,1,3370.0
1.0,wind,bus_103,wind_8026,33.31317930026842,-113.701308807,93.31023469900666,126.0,33.18933618191138,35000.0,307217.75,13701.886610865902,1,3370.0
1.0,wind,bus_103,wind_8770,33.412042347142105,-113.9774181261579,65.75547555553548,276.0,40.85052500898017,35000.0,139822.95,4952.446145236453,1,3370.0
1.0,wind,bus_103,wind_8775,33.51090539401579,-116.0482380198421,127.75491194690544,108.0,31.262503103984557,15000.0,240732.22,5543.147302292982,1,3370.0
2.0,wind,bus_103,wind_9542,35.25922919616897,-113.43336312885715,222.62088131538383,228.0,40.26782429171251,15000.0,206109.4,3636.3574772151674,0,3370.0
1.0,wind,bus_103,wind_9546,33.609768440889475,-116.18629267942106,140.67308404258517,258.0,31.322704717256308,35000.0,228112.95,6730.409007429606,1,3370.0
1.0,wind,bus_103,wind_9926,33.609768440889475,-115.7721287006842,102.39123996528724,288.0,29.121414121724055,35000.0,177124.89,5342.027528675423,1,3370.0
3.0,wind,bus_103,wind_10314,34.96707779287037,-118.38516885381482,376.61233917451955,246.0,41.28737036872091,15000.0,469507.75,3910.4721550060904,0,3370.0
3.0,wind,bus_103,wind_11080,35.05365900970741,-117.82172987188889,335.0134558233527,240.0,29.83449048851381,15000.0,473568.0,3140.1317006028785,0,3370.0
3.0,wind,bus_103,wind_11451,35.05365900970741,-117.39915063544444,302.1110079160077,216.0,31.922420034212657,35000.0,286184.66,5037.468664619892,0,3370.0
3.0,wind,bus_103,wind_11462,35.14024022654445,-118.59645847203703,402.11029769337665,72.0,30.90716157998361,15000.0,421182.88,4246.732688971792,0,3370.0
2.0,wind,bus_103,wind_12200,35.47357956525517,-115.44881715028572,226.8589307341461,282.0,35.868914710440556,35000.0,368521.7,3513.425303677313,0,3370.0
3.0,wind,bus_103,wind_12222,35.22682144338148,-118.80774809025925,423.5838580863965,180.0,7.294763642570183,15000.0,448000.2,4639.573607492375,0,3370.0
2.0,wind,bus_103,wind_13347,35.602189786706894,-115.36118871457143,238.2057059825794,240.0,31.74171522120349,35000.0,271069.88,4934.397613384755,0,3370.0
2.0,wind,bus_103,wind_13355,35.602189786706894,-114.66016122885715,229.65912875729316,258.0,46.71920613088312,35000.0,318633.25,4238.3168759567225,0,3370.0
2.0,wind,bus_103,wind_13719,35.602189786706894,-113.696248436,246.3657806607231,270.0,49.6009464184887,15000.0,369154.3,5210.298750561249,0,3370.0
2.0,wind,bus_103,wind_13723,35.602189786706894,-113.34573469314286,259.71026728231675,282.0,46.93785294623239,35000.0,342503.72,4586.018234119997,0,3370.0
2.0,wind,bus_103,wind_14115,35.645059860524135,-113.60862000028573,253.76885386718513,102.0,44.604152879739,35000.0,319696.4,5301.523045267489,0,3370.0
1.0,solar,bus_103,solar_1180,33.609768440889475,-113.9774181261579,64.71150465885891,119.51,20.66093307534744,35000.0,415575.4,10881.386489607035,1,540.0
1.0,solar,bus_103,solar_1938,33.70863148776316,-115.91018336026316,116.37220749711152,413.56,21.006451738438415,35000.0,136194.78,5589.921430933224,1,540.0
1.0,solar,bus_103,solar_2696,33.70863148776316,-114.5296367644737,23.12577905699618,975.34,20.23556579392014,15000.0,326046.84,5842.262500000001,1,540.0
3.0,solar,bus_103,solar_3481,35.31340266021852,-117.54001038092592,329.062629299328,235.46,20.98557988500825,15000.0,1450488.9,9015.091456745968,0,540.0
3.0,solar,bus_103,solar_3865,35.399983877055554,-117.89215974462962,360.7299768641691,555.68,20.956046218629005,15000.0,748010.2,8326.904253604604,0,540.0
1.0,solar,bus_103,solar_4974,33.90635758151053,-114.39158210489474,48.510543154164985,725.49,20.566563256377396,15000.0,151662.47,5015.97306034038,1,540.0
3.0,solar,bus_103,solar_5002,35.57314631072963,-117.75129999914815,361.72897157703295,321.51,20.805657171461945,15000.0,610527.6,14019.768686868687,0,540.0
2.0,solar,bus_103,solar_6866,35.773670081975865,-113.082849386,287.99815076550993,1975.87,20.3644778352278,15000.0,163287.61,3303.7093581362155,0,540.0
2.0,solar,bus_103,solar_6870,35.816540155793106,-115.27356027885715,259.4210414831761,511.49,20.3885561933549,15000.0,191078.33,4340.889018140537,0,540.0
1.0,solar,bus_103,solar_6877,34.20294672213158,-114.39158210489474,78.4141094089378,243.36,20.323107440582152,35000.0,248843.27,14732.03952695499,1,540.0
1.0,solar,bus_103,solar_7637,34.40067281587895,-116.0482380198421,159.2808735748882,115.64,20.97164538263398,15000.0,329703.16,8637.77394621809,1,540.0
1.0,solar,bus_103,solar_8402,34.59839890962632,-116.18629267942106,182.83530726714883,800.57,20.779362880359272,35000.0,309062.75,5348.813514564577,1,540.0
1.0,solar,bus_103,solar_8406,34.59839890962632,-115.63407404110526,147.6899488270896,381.67,20.52282248996236,35000.0,307217.75,13701.886610865902,1,540.0
3.0,solar,bus_103,solar_8422,36.00605239491482,-118.878177963,472.25193715525614,1534.09,18.4643785313685,15000.0,147581.83,4738.016111105843,0,540.0
1.0,solar,bus_103,solar_8772,34.59839890962632,-115.21991006236843,128.43457361563364,1262.43,20.827260532201606,15000.0,285082.16,4698.472227915261,1,540.0
3.0,solar,bus_103,solar_8801,36.00605239491482,-118.0330194901111,411.91714265484507,1920.94,21.38626932296118,15000.0,166064.89,3150.371663040237,0,540.0
1.0,solar,bus_103,solar_9164,34.6972619565,-115.91018336026316,172.26291627881096,1370.69,20.80076673898595,15000.0,228099.69,4582.887685702328,1,540.0
3.0,solar,bus_103,solar_9554,36.09263361175185,-118.73731821751852,467.47715019505665,2675.24,19.246807189138497,35000.0,439531.4,4826.783703703703,0,540.0
2.0,solar,bus_103,solar_10302,35.94515037724483,-113.95913374314286,275.56331911290107,774.09,20.206921077184717,35000.0,88726.28,5257.520563974944,0,540.0
3.0,solar,bus_103,solar_11083,36.26579604542593,-118.1738792355926,440.5710705595264,562.63,21.704051587967797,15000.0,407670.75,4334.185178850601,0,540.0
2.0,solar,bus_103,solar_11821,36.07376059869655,-115.36118871457143,289.05535281516575,1895.69,20.33245961018209,35000.0,267489.94,4568.217359904856,0,540.0
3.0,solar,bus_103,solar_11837,36.35237726226296,-118.5260285992963,470.5760050417139,3199.82,21.280843517492393,35000.0,657265.94,3555.5323979640634,0,540.0
2.0,solar,bus_103,solar_12188,36.07376059869655,-114.48490435742858,282.60122924438,1034.83,19.649696670386444,35000.0,345709.78,6176.704732336498,0,540.0
3.0,solar,bus_103,solar_12223,36.35237726226296,-117.3287207627037,395.8427380939379,616.44,19.899699049838656,15000.0,431066.34,4162.50411039619,0,540.0
2.0,solar,bus_103,solar_12568,36.11663067251379,-114.74778966457143,286.94736108470056,907.88,19.391389919897858,35000.0,404530.84,7771.421293493865,0,540.0
3.0,solar,bus_103,solar_12591,36.35237726226296,-117.11743114448147,384.3633619085657,1283.28,20.986785155739607,35000.0,243376.78,5059.439440354808,0,540.0
2.0,solar,bus_103,solar_12954,36.159500746331034,-114.13439061457143,295.6991324979243,216.79,19.79746766913336,35000.0,467371.66,9295.096465069715,0,540.0
2.0,solar,bus_103,solar_12977,36.202370820148275,-114.923046536,297.28876458118515,422.82,19.98129969611502,35000.0,365625.44,4648.62371364967,0,540.0
2.0,solar,bus_103,solar_13734,36.28811096778276,-115.01067497171428,307.49680502276277,1435.71,20.022836093802365,35000.0,275067.38,4670.662091503268,0,540.0
2.0,solar,bus_103,solar_14502,36.3309810416,-114.923046536,311.5471414749984,1274.09,19.972700974607537,35000.0,392252.53,3317.1199651070892,0,540.0
1.0,wind,bus_104,wind_3840,32.91772711277368,-115.08185540278947,153.32601996871242,78.0,29.86654403472681,35000.0,257014.03,13494.356293888508,1,3370.0
1.0,wind,bus_104,wind_3841,32.91772711277368,-114.94380074321053,143.81056303175043,66.0,32.903536507098664,35000.0,317563.62,13922.127475281783,1,3370.0
3.0,wind,bus_104,wind_3867,34.18784684133704,-116.976571399,293.46155946334676,66.0,22.15517101019571,15000.0,550612.56,10357.109068159081,0,3370.0
3.0,wind,bus_104,wind_4614,34.274428058174074,-117.04700127174074,301.23019694046303,228.0,45.46469677479659,15000.0,542013.2,9597.691972840154,0,3370.0
3.0,wind,bus_104,wind_4625,34.361009275011114,-118.24430910833333,411.4518698676588,186.0,40.587012468578514,35000.0,411351.8,5539.314954486427,0,3370.0
1.0,wind,bus_104,wind_5738,33.01659015964737,-114.80574608363158,126.91452838933428,144.0,45.67545565294453,35000.0,185248.53,6033.371193415638,1,3370.0
3.0,wind,bus_104,wind_5759,34.534171708685186,-118.5260285992963,439.7810522247837,246.0,27.70681974270578,15000.0,579130.6,4889.942746873255,0,3370.0
3.0,wind,bus_104,wind_5762,34.534171708685186,-118.31473898107407,420.6897924170751,204.0,38.767218884089594,15000.0,378539.16,11720.692783303672,0,3370.0
1.0,wind,bus_104,wind_6124,33.11545320652105,-116.324347339,244.40633352870768,60.0,52.26981609860366,35000.0,376899.84,13854.580762104344,1,3370.0
2.0,wind,bus_104,wind_6862,35.173489048534485,-114.48490435742858,162.97675554508945,42.0,49.37766374099247,35000.0,362114.1,5022.801101628039,0,3370.0
2.0,wind,bus_104,wind_6864,35.173489048534485,-114.309647486,157.7278734699521,252.0,39.248624139220354,35000.0,454195.8,4487.393906682622,0,3370.0
2.0,wind,bus_104,wind_8004,35.216359122351726,-115.01067497171428,190.17443002689905,222.0,57.02361614208024,15000.0,347759.25,3906.8795749374895,0,3370.0
1.0,wind,bus_104,wind_8011,33.31317930026842,-115.63407404110526,176.53180561363075,228.0,17.733234099813693,15000.0,124354.65,5979.508496701373,1,3370.0
1.0,wind,bus_104,wind_8026,33.31317930026842,-113.701308807,56.67890857506319,126.0,33.18933618191138,35000.0,307217.75,13701.886610865902,1,3370.0
1.0,wind,bus_104,wind_8770,33.412042347142105,-113.9774181261579,46.67971949990649,276.0,40.85052500898017,35000.0,139822.95,4952.446145236453,1,3370.0
1.0,wind,bus_104,wind_8775,33.51090539401579,-116.0482380198421,208.43030233451228,108.0,31.262503103984557,15000.0,240732.22,5543.147302292982,1,3370.0
2.0,wind,bus_104,wind_9542,35.25922919616897,-113.43336312885715,164.84949423905368,228.0,40.26782429171251,15000.0,206109.4,3636.3574772151674,0,3370.0
1.0,wind,bus_104,wind_9546,33.609768440889475,-116.18629267942106,219.527398349357,258.0,31.322704717256308,35000.0,228112.95,6730.409007429606,1,3370.0
1.0,wind,bus_104,wind_9926,33.609768440889475,-115.7721287006842,181.46519764174,288.0,29.121414121724055,35000.0,177124.89,5342.027528675423,1,3370.0
3.0,wind,bus_104,wind_10314,34.96707779287037,-118.38516885381482,437.6115627666236,246.0,41.28737036872091,15000.0,469507.75,3910.4721550060904,0,3370.0
3.0,wind,bus_104,wind_11080,35.05365900970741,-117.82172987188889,391.60305862259145,240.0,29.83449048851381,15000.0,473568.0,3140.1317006028785,0,3370.0
3.0,wind,bus_104,wind_11451,35.05365900970741,-117.39915063544444,355.60514886573924,216.0,31.922420034212657,35000.0,286184.66,5037.468664619892,0,3370.0
3.0,wind,bus_104,wind_11462,35.14024022654445,-118.59645847203703,461.53019106636594,72.0,30.90716157998361,15000.0,421182.88,4246.732688971792,0,3370.0
2.0,wind,bus_104,wind_12200,35.47357956525517,-115.44881715028572,237.0118625992921,282.0,35.868914710440556,35000.0,368521.7,3513.425303677313,0,3370.0
3.0,wind,bus_104,wind_12222,35.22682144338148,-118.80774809025925,482.7353024957946,180.0,7.294763642570183,15000.0,448000.2,4639.573607492375,0,3370.0
2.0,wind,bus_104,wind_13347,35.602189786706894,-115.36118871457143,243.54698367645324,240.0,31.74171522120349,35000.0,271069.88,4934.397613384755,0,3370.0
2.0,wind,bus_104,wind_13355,35.602189786706894,-114.66016122885715,213.14916408984,258.0,46.71920613088312,35000.0,318633.25,4238.3168759567225,0,3370.0
2.0,wind,bus_104,wind_13719,35.602189786706894,-113.696248436,199.3761435638323,270.0,49.6009464184887,15000.0,369154.3,5210.298750561249,0,3370.0
2.0,wind,bus_104,wind_13723,35.602189786706894,-113.34573469314286,203.79824420676272,282.0,46.93785294623239,35000.0,342503.72,4586.018234119997,0,3370.0
2.0,wind,bus_104,wind_14115,35.645059860524135,-113.60862000028573,204.75381545127613,102.0,44.604152879739,35000.0,319696.4,5301.523045267489,0,3370.0
1.0,solar,bus_104,solar_1180,33.609768440889475,-113.9774181261579,26.549169955292363,119.51,20.66093307534744,35000.0,415575.4,10881.386489607035,1,540.0
1.0,solar,bus_104,solar_1938,33.70863148776316,-115.91018336026316,193.06489607464405,413.56,21.006451738438415,35000.0,136194.78,5589.921430933224,1,540.0
1.0,solar,bus_104,solar_2696,33.70863148776316,-114.5296367644737,66.11327185868898,975.34,20.23556579392014,15000.0,326046.84,5842.262500000001,1,540.0
3.0,solar,bus_104,solar_3481,35.31340266021852,-117.54001038092592,378.8520272592377,235.46,20.98557988500825,15000.0,1450488.9,9015.091456745968,0,540.0
3.0,solar,bus_104,solar_3865,35.399983877055554,-117.89215974462962,411.89352370423313,555.68,20.956046218629005,15000.0,748010.2,8326.904253604604,0,540.0
1.0,solar,bus_104,solar_4974,33.90635758151053,-114.39158210489474,53.31365341454958,725.49,20.566563256377396,15000.0,151662.47,5015.97306034038,1,540.0
3.0,solar,bus_104,solar_5002,35.57314631072963,-117.75129999914815,408.8094202652712,321.51,20.805657171461945,15000.0,610527.6,14019.768686868687,0,540.0
2.0,solar,bus_104,solar_6866,35.773670081975865,-113.082849386,228.3895958765045,1975.87,20.3644778352278,15000.0,163287.61,3303.7093581362155,0,540.0
2.0,solar,bus_104,solar_6870,35.816540155793106,-115.27356027885715,259.1139058025641,511.49,20.3885561933549,15000.0,191078.33,4340.889018140537,0,540.0
1.0,solar,bus_104,solar_6877,34.20294672213158,-114.39158210489474,67.89892079506072,243.36,20.323107440582152,35000.0,248843.27,14732.03952695499,1,540.0
1.0,solar,bus_104,solar_7637,34.40067281587895,-116.0482380198421,214.84997345978312,115.64,20.97164538263398,15000.0,329703.16,8637.77394621809,1,540.0
1.0,solar,bus_104,solar_8402,34.59839890962632,-116.18629267942106,234.03621991490175,800.57,20.779362880359272,35000.0,309062.75,5348.813514564577,1,540.0
1.0,solar,bus_104,solar_8406,34.59839890962632,-115.63407404110526,187.8913427412436,381.67,20.52282248996236,35000.0,307217.75,13701.886610865902,1,540.0
3.0,solar,bus_104,solar_8422,36.00605239491482,-118.878177963,521.2287490084298,1534.09,18.4643785313685,15000.0,147581.83,4738.016111105843,0,540.0
1.0,solar,bus_104,solar_8772,34.59839890962632,-115.21991006236843,155.19313006144296,1262.43,20.827260532201606,15000.0,285082.16,4698.472227915261,1,540.0
3.0,solar,bus_104,solar_8801,36.00605239491482,-118.0330194901111,454.5826629088015,1920.94,21.38626932296118,15000.0,166064.89,3150.371663040237,0,540.0
1.0,solar,bus_104,solar_9164,34.6972619565,-115.91018336026316,215.3895260674787,1370.69,20.80076673898595,15000.0,228099.69,4582.887685702328,1,540.0
3.0,solar,bus_104,solar_9554,36.09263361175185,-118.73731821751852,514.3828116183548,2675.24,19.246807189138497,35000.0,439531.4,4826.783703703703,0,540.0
2.0,solar,bus_104,solar_10302,35.94515037724483,-113.95913374314286,237.47511902364505,774.09,20.206921077184717,35000.0,88726.28,5257.520563974944,0,540.0
3.0,solar,bus_104,solar_11083,36.26579604542593,-118.1738792355926,480.7031584677312,562.63,21.704051587967797,15000.0,407670.75,4334.185178850601,0,540.0
2.0,solar,bus_104,solar_11821,36.07376059869655,-115.36118871457143,287.78848090849823,1895.69,20.33245961018209,35000.0,267489.94,4568.217359904856,0,540.0
3.0,solar,bus_104,solar_11837,36.35237726226296,-118.5260285992963,512.4605386534752,3199.82,21.280843517492393,35000.0,657265.94,3555.5323979640634,0,540.0
2.0,solar,bus_104,solar_12188,36.07376059869655,-114.48490435742858,258.5452063551682,1034.83,19.649696670386444,35000.0,345709.78,6176.704732336498,0,540.0
3.0,solar,bus_104,solar_12223,36.35237726226296,-117.3287207627037,425.8431245144701,616.44,19.899699049838656,15000.0,431066.34,4162.50411039619,0,540.0
2.0,solar,bus_104,solar_12568,36.11663067251379,-114.74778966457143,269.65856008966983,907.88,19.391389919897858,35000.0,404530.84,7771.421293493865,0,540.0
3.0,solar,bus_104,solar_12591,36.35237726226296,-117.11743114448147,411.65693552768835,1283.28,20.986785155739607,35000.0,243376.78,5059.439440354808,0,540.0
2.0,solar,bus_104,solar_12954,36.159500746331034,-114.13439061457143,262.5093354091918,216.79,19.79746766913336,35000.0,467371.66,9295.096465069715,0,540.0
2.0,solar,bus_104,solar_12977,36.202370820148275,-114.923046536,283.9371201859489,422.82,19.98129969611502,35000.0,365625.44,4648.62371364967,0,540.0
2.0,solar,bus_104,solar_13734,36.28811096778276,-115.01067497171428,295.6770660327917,1435.71,20.022836093802365,35000.0,275067.38,4670.662091503268,0,540.0
2.0,solar,bus_104,solar_14502,36.3309810416,-114.923046536,297.338092394825,1274.09,19.972700974607537,35000.0,392252.53,3317.1199651070892,0,540.0
1.0,wind,bus_105,wind_3840,32.91772711277368,-115.08185540278947,130.13091717945952,78.0,29.86654403472681,35000.0,257014.03,13494.356293888508,1,3370.0
1.0,wind,bus_105,wind_3841,32.91772711277368,-114.94380074321053,120.48135124723808,66.0,32.903536507098664,35000.0,317563.62,13922.127475281783,1,3370.0
3.0,wind,bus_105,wind_3867,34.18784684133704,-116.976571399,280.92924538752766,66.0,22.15517101019571,15000.0,550612.56,10357.109068159081,0,3370.0
3.0,wind,bus_105,wind_4614,34.274428058174074,-117.04700127174074,289.26871545649675,228.0,45.46469677479659,15000.0,542013.2,9597.691972840154,0,3370.0
3.0,wind,bus_105,wind_4625,34.361009275011114,-118.24430910833333,398.9680185827394,186.0,40.587012468578514,35000.0,411351.8,5539.314954486427,0,3370.0
1.0,wind,bus_105,wind_5738,33.01659015964737,-114.80574608363158,103.57454184661464,144.0,45.67545565294453,35000.0,185248.53,6033.371193415638,1,3370.0
3.0,wind,bus_105,wind_5759,34.534171708685186,-118.5260285992963,427.99640558405014,246.0,27.70681974270578,15000.0,579130.6,4889.942746873255,0,3370.0
3.0,wind,bus_105,wind_5762,34.534171708685186,-118.31473898107407,409.07862751667176,204.0,38.767218884089594,15000.0,378539.16,11720.692783303672,0,3370.0
1.0,wind,bus_105,wind_6124,33.11545320652105,-116.324347339,224.20405436300868,60.0,52.26981609860366,35000.0,376899.84,13854.580762104344,1,3370.0
2.0,wind,bus_105,wind_6862,35.173489048534485,-114.48490435742858,174.14069572878793,42.0,49.37766374099247,35000.0,362114.1,5022.801101628039,0,3370.0
2.0,wind,bus_105,wind_6864,35.173489048534485,-114.309647486,170.73532308803036,252.0,39.248624139220354,35000.0,454195.8,4487.393906682622,0,3370.0
2.0,wind,bus_105,wind_8004,35.216359122351726,-115.01067497171428,196.39847341332748,222.0,57.02361614208024,15000.0,347759.25,3906.8795749374895,0,3370.0
1.0,wind,bus_105,wind_8011,33.31317930026842,-115.63407404110526,156.44528652961048,228.0,17.733234099813693,15000.0,124354.65,5979.508496701373,1,3370.0
1.0,wind,bus_105,wind_8026,33.31317930026842,-113.701308807,47.38930257979231,126.0,33.18933618191138,35000.0,307217.75,13701.886610865902,1,3370.0
1.0,wind,bus_105,wind_8770,33.412042347142105,-113.9774181261579,27.59543969243743,276.0,40.85052500898017,35000.0,139822.95,4952.446145236453,1,3370.0
1.0,wind,bus_105,wind_8775,33.51090539401579,-116.0482380198421,190.53896849494615,108.0,31.262503103984557,15000.0,240732.22,5543.147302292982,1,3370.0
2.0,wind,bus_105,wind_9542,35.25922919616897,-113.43336312885715,185.2801909078217,228.0,40.26782429171251,15000.0,206109.4,3636.3574772151674,0,3370.0
1.0,wind,bus_105,wind_9546,33.609768440889475,-116.18629267942106,202.5679305084559,258.0,31.322704717256308,35000.0,228112.95,6730.409007429606,1,3370.0
1.0,wind,bus_105,wind_9926,33.609768440889475,-115.7721287006842,164.24432259183638,288.0,29.121414121724055,35000.0,177124.89,5342.027528675423,1,3370.0
3.0,wind,bus_105,wind_10314,34.96707779287037,-118.38516885381482,428.22280911183486,246.0,41.28737036872091,15000.0,469507.75,3910.4721550060904,0,3370.0
3.0,wind,bus_105,wind_11080,35.05365900970741,-117.82172987188889,383.5860621623515,240.0,29.83449048851381,15000.0,473568.0,3140.1317006028785,0,3370.0
3.0,wind,bus_105,wind_11451,35.05365900970741,-117.39915063544444,348.4640888632604,216.0,31.922420034212657,35000.0,286184.66,5037.468664619892,0,3370.0
3.0,wind,bus_105,wind_11462,35.14024022654445,-118.59645847203703,452.74206143660416,72.0,30.90716157998361,15000.0,421182.88,4246.732688971792,0,3370.0
2.0,wind,bus_105,wind_12200,35.47357956525517,-115.44881715028572,241.46592723755495,282.0,35.868914710440556,35000.0,368521.7,3513.425303677313,0,3370.0
3.0,wind,bus_105,wind_12222,35.22682144338148,-118.80774809025925,474.0833940291717,180.0,7.294763642570183,15000.0,448000.2,4639.573607492375,0,3370.0
2.0,wind,bus_105,wind_13347,35.602189786706894,-115.36118871457143,249.3783111064613,240.0,31.74171522120349,35000.0,271069.88,4934.397613384755,0,3370.0
2.0,wind,bus_105,wind_13355,35.602189786706894,-114.66016122885715,224.3185605008119,258.0,46.71920613088312,35000.0,318633.25,4238.3168759567225,0,3370.0
2.0,wind,bus_105,wind_13719,35.602189786706894,-113.696248436,217.77927185134237,270.0,49.6009464184887,15000.0,369154.3,5210.298750561249,0,3370.0
2.0,wind,bus_105,wind_13723,35.602189786706894,-113.34573469314286,224.1259993803043,282.0,46.93785294623239,35000.0,342503.72,4586.018234119997,0,3370.0
2.0,wind,bus_105,wind_14115,35.645059860524135,-113.60862000028573,223.6462536493343,102.0,44.604152879739,35000.0,319696.4,5301.523045267489,0,3370.0
1.0,solar,bus_105,solar_1180,33.609768440889475,-113.9774181261579,5.886772697784536,119.51,20.66093307534744,35000.0,415575.4,10881.386489607035,1,540.0
1.0,solar,bus_105,solar_1938,33.70863148776316,-115.91018336026316,176.9140291267821,413.56,21.006451738438415,35000.0,136194.78,5589.921430933224,1,540.0
1.0,solar,bus_105,solar_2696,33.70863148776316,-114.5296367644737,49.39789880450807,975.34,20.23556579392014,15000.0,326046.84,5842.262500000001,1,540.0
3.0,solar,bus_105,solar_3481,35.31340266021852,-117.54001038092592,372.9867934082204,235.46,20.98557988500825,15000.0,1450488.9,9015.091456745968,0,540.0
3.0,solar,bus_105,solar_3865,35.399983877055554,-117.89215974462962,405.7105964197372,555.68,20.956046218629005,15000.0,748010.2,8326.904253604604,0,540.0
1.0,solar,bus_105,solar_4974,33.90635758151053,-114.39158210489474,45.49003792821731,725.49,20.566563256377396,15000.0,151662.47,5015.97306034038,1,540.0
3.0,solar,bus_105,solar_5002,35.57314631072963,-117.75129999914815,403.9066300286584,321.51,20.805657171461945,15000.0,610527.6,14019.768686868687,0,540.0
2.0,solar,bus_105,solar_6866,35.773670081975865,-113.082849386,249.54341194477936,1975.87,20.3644778352278,15000.0,163287.61,3303.7093581362155,0,540.0
2.0,solar,bus_105,solar_6870,35.816540155793106,-115.27356027885715,266.61796058652817,511.49,20.3885561933549,15000.0,191078.33,4340.889018140537,0,540.0
1.0,solar,bus_105,solar_6877,34.20294672213158,-114.39158210489474,70.44476040745697,243.36,20.323107440582152,35000.0,248843.27,14732.03952695499,1,540.0
1.0,solar,bus_105,solar_7637,34.40067281587895,-116.0482380198421,206.0316324941873,115.64,20.97164538263398,15000.0,329703.16,8637.77394621809,1,540.0
1.0,solar,bus_105,solar_8402,34.59839890962632,-116.18629267942106,226.77455951214372,800.57,20.779362880359272,35000.0,309062.75,5348.813514564577,1,540.0
1.0,solar,bus_105,solar_8406,34.59839890962632,-115.63407404110526,183.15556631541895,381.67,20.52282248996236,35000.0,307217.75,13701.886610865902,1,540.0
3.0,solar,bus_105,solar_8422,36.00605239491482,-118.878177963,516.0300223396075,1534.09,18.4643785313685,15000.0,147581.83,4738.016111105843,0,540.0
1.0,solar,bus_105,solar_8772,34.59839890962632,-115.21991006236843,153.38084021524074,1262.43,20.827260532201606,15000.0,285082.16,4698.472227915261,1,540.0
3.0,solar,bus_105,solar_8801,36.00605239491482,-118.0330194901111,451.1938427833907,1920.94,21.38626932296118,15000.0,166064.89,3150.371663040237,0,540.0
1.0,solar,bus_105,solar_9164,34.6972619565,-115.91018336026316,210.2857329966068,1370.69,20.80076673898595,15000.0,228099.69,4582.887685702328,1,540.0
3.0,solar,bus_105,solar_9554,36.09263361175185,-118.73731821751852,509.8281987921337,2675.24,19.246807189138497,35000.0,439531.4,4826.783703703703,0,540.0
2.0,solar,bus_105,solar_10302,35.94515037724483,-113.95913374314286,254.17215935661713,774.09,20.206921077184717,35000.0,88726.28,5257.520563974944,0,540.0
3.0,solar,bus_105,solar_11083,36.26579604542593,-118.1738792355926,478.1610841703949,562.63,21.704051587967797,15000.0,407670.75,4334.185178850601,0,540.0
2.0,solar,bus_105,solar_11821,36.07376059869655,-115.36118871457143,295.80781333399057,1895.69,20.33245961018209,35000.0,267489.94,4568.217359904856,0,540.0
3.0,solar,bus_105,solar_11837,36.35237726226296,-118.5260285992963,509.46428881226296,3199.82,21.280843517492393,35000.0,657265.94,3555.5323979640634,0,540.0
2.0,solar,bus_105,solar_12188,36.07376059869655,-114.48490435742858,272.0809555994802,1034.83,19.649696670386444,35000.0,345709.78,6176.704732336498,0,540.0
3.0,solar,bus_105,solar_12223,36.35237726226296,-117.3287207627037,426.11775204209783,616.44,19.899699049838656,15000.0,431066.34,4162.50411039619,0,540.0
2.0,solar,bus_105,solar_12568,36.11663067251379,-114.74778966457143,281.61713080228776,907.88,19.391389919897858,35000.0,404530.84,7771.421293493865,0,540.0
3.0,solar,bus_105,solar_12591,36.35237726226296,-117.11743114448147,412.6520210978704,1283.28,20.986785155739607,35000.0,243376.78,5059.439440354808,0,540.0
2.0,solar,bus_105,solar_12954,36.159500746331034,-114.13439061457143,278.2545615267148,216.79,19.79746766913336,35000.0,467371.66,9295.096465069715,0,540.0
2.0,solar,bus_105,solar_12977,36.202370820148275,-114.923046536,295.02382428532127,422.82,19.98129969611502,35000.0,365625.44,4648.62371364967,0,540.0
2.0,solar,bus_105,solar_13734,36.28811096778276,-115.01067497171428,306.4657049492794,1435.71,20.022836093802365,35000.0,275067.38,4670.662091503268,0,540.0
2.0,solar,bus_105,solar_14502,36.3309810416,-114.923046536,308.7380409930544,1274.09,19.972700974607537,35000.0,392252.53,3317.1199651070892,0,540.0
1.0,wind,bus_106,wind_3840,32.91772711277368,-115.08185540278947,123.73544191779544,78.0,29.86654403472681,35000.0,257014.03,13494.356293888508,1,3370.0
1.0,wind,bus_106,wind_3841,32.91772711277368,-114.94380074321053,115.45663144178576,66.0,32.903536507098664,35000.0,317563.62,13922.127475281783,1,3370.0
3.0,wind,bus_106,wind_3867,34.18784684133704,-116.976571399,262.53518778598544,66.0,22.15517101019571,15000.0,550612.56,10357.109068159081,0,3370.0
3.0,wind,bus_106,wind_4614,34.274428058174074,-117.04700127174074,270.737762540438,228.0,45.46469677479659,15000.0,542013.2,9597.691972840154,0,3370.0
3.0,wind,bus_106,wind_4625,34.361009275011114,-118.24430910833333,380.5996022432378,186.0,40.587012468578514,35000.0,411351.8,5539.314954486427,0,3370.0
1.0,wind,bus_106,wind_5738,33.01659015964737,-114.80574608363158,98.94762623994896,144.0,45.67545565294453,35000.0,185248.53,6033.371193415638,1,3370.0
3.0,wind,bus_106,wind_5759,34.534171708685186,-118.5260285992963,409.4638949616443,246.0,27.70681974270578,15000.0,579130.6,4889.942746873255,0,3370.0
3.0,wind,bus_106,wind_5762,34.534171708685186,-118.31473898107407,390.50447894985297,204.0,38.767218884089594,15000.0,378539.16,11720.692783303672,0,3370.0
1.0,wind,bus_106,wind_6124,33.11545320652105,-116.324347339,210.5238969412453,60.0,52.26981609860366,35000.0,376899.84,13854.580762104344,1,3370.0
2.0,wind,bus_106,wind_6862,35.173489048534485,-114.48490435742858,162.01407775733202,42.0,49.37766374099247,35000.0,362114.1,5022.801101628039,0,3370.0
2.0,wind,bus_106,wind_6864,35.173489048534485,-114.309647486,160.0440063985069,252.0,39.248624139220354,35000.0,454195.8,4487.393906682622,0,3370.0
2.0,wind,bus_106,wind_8004,35.216359122351726,-115.01067497171428,181.0842901737558,222.0,57.02361614208024,15000.0,347759.25,3906.8795749374895,0,3370.0
1.0,wind,bus_106,wind_8011,33.31317930026842,-115.63407404110526,142.65667844464636,228.0,17.733234099813693,15000.0,124354.65,5979.508496701373,1,3370.0
1.0,wind,bus_106,wind_8026,33.31317930026842,-113.701308807,64.93534589099497,126.0,33.18933618191138,35000.0,307217.75,13701.886610865902,1,3370.0
1.0,wind,bus_106,wind_8770,33.412042347142105,-113.9774181261579,40.90153822872877,276.0,40.85052500898017,35000.0,139822.95,4952.446145236453,1,3370.0
1.0,wind,bus_106,wind_8775,33.51090539401579,-116.0482380198421,174.63589925113095,108.0,31.262503103984557,15000.0,240732.22,5543.147302292982,1,3370.0
2.0,wind,bus_106,wind_9542,35.25922919616897,-113.43336312885715,182.5277681126087,228.0,40.26782429171251,15000.0,206109.4,3636.3574772151674,0,3370.0
1.0,wind,bus_106,wind_9546,33.609768440889475,-116.18629267942106,186.02317234091225,258.0,31.322704717256308,35000.0,228112.95,6730.409007429606,1,3370.0
1.0,wind,bus_106,wind_9926,33.609768440889475,-115.7721287006842,147.8410995103029,288.0,29.121414121724055,35000.0,177124.89,5342.027528675423,1,3370.0
3.0,wind,bus_106,wind_10314,34.96707779287037,-118.38516885381482,409.3036740274167,246.0,41.28737036872091,15000.0,469507.75,3910.4721550060904,0,3370.0
3.0,wind,bus_106,wind_11080,35.05365900970741,-117.82172987188889,364.566151065501,240.0,29.83449048851381,15000.0,473568.0,3140.1317006028785,0,3370.0
3.0,wind,bus_106,wind_11451,35.05365900970741,-117.39915063544444,329.4262046844622,216.0,31.922420034212657,35000.0,286184.66,5037.468664619892,0,3370.0
3.0,wind,bus_106,wind_11462,35.14024022654445,-118.59645847203703,433.7716044031305,72.0,30.90716157998361,15000.0,421182.88,4246.732688971792,0,3370.0
2.0,wind,bus_106,wind_12200,35.47357956525517,-115.44881715028572,225.13134120872343,282.0,35.868914710440556,35000.0,368521.7,3513.425303677313,0,3370.0
3.0,wind,bus_106,wind_12222,35.22682144338148,-118.80774809025925,455.1044720086138,180.0,7.294763642570183,15000.0,448000.2,4639.573607492375,0,3370.0
2.0,wind,bus_106,wind_13347,35.602189786706894,-115.36118871457143,233.6552588232913,240.0,31.74171522120349,35000.0,271069.88,4934.397613384755,0,3370.0
2.0,wind,bus_106,wind_13355,35.602189786706894,-114.66016122885715,211.8470881034089,258.0,46.71920613088312,35000.0,318633.25,4238.3168759567225,0,3370.0
2.0,wind,bus_106,wind_13719,35.602189786706894,-113.696248436,211.98854395835423,270.0,49.6009464184887,15000.0,369154.3,5210.298750561249,0,3370.0
2.0,wind,bus_106,wind_13723,35.602189786706894,-113.34573469314286,220.93727421447915,282.0,46.93785294623239,35000.0,342503.72,4586.018234119997,0,3370.0
2.0,wind,bus_106,wind_14115,35.645059860524135,-113.60862000028573,218.4320442873695,102.0,44.604152879739,35000.0,319696.4,5301.523045267489,0,3370.0
1.0,solar,bus_106,solar_1180,33.609768440889475,-113.9774181261579,23.697234989981222,119.51,20.66093307534744,35000.0,415575.4,10881.386489607035,1,540.0
1.0,solar,bus_106,solar_1938,33.70863148776316,-115.91018336026316,159.8677936065782,413.56,21.006451738438415,35000.0,136194.78,5589.921430933224,1,540.0
1.0,solar,bus_106,solar_2696,33.70863148776316,-114.5296367644737,32.32361243000834,975.34,20.23556579392014,15000.0,326046.84,5842.262500000001,1,540.0
3.0,solar,bus_106,solar_3481,35.31340266021852,-117.54001038092592,353.9801769662819,235.46,20.98557988500825,15000.0,1450488.9,9015.091456745968,0,540.0
3.0,solar,bus_106,solar_3865,35.399983877055554,-117.89215974462962,386.68807946803423,555.68,20.956046218629005,15000.0,748010.2,8326.904253604604,0,540.0
1.0,solar,bus_106,solar_4974,33.90635758151053,-114.39158210489474,26.933438016782524,725.49,20.566563256377396,15000.0,151662.47,5015.97306034038,1,540.0
3.0,solar,bus_106,solar_5002,35.57314631072963,-117.75129999914815,384.96102412454826,321.51,20.805657171461945,15000.0,610527.6,14019.768686868687,0,540.0
2.0,solar,bus_106,solar_6866,35.773670081975865,-113.082849386,247.61721571355463,1975.87,20.3644778352278,15000.0,163287.61,3303.7093581362155,0,540.0
2.0,solar,bus_106,solar_6870,35.816540155793106,-115.27356027885715,251.70176307647716,511.49,20.3885561933549,15000.0,191078.33,4340.889018140537,0,540.0
1.0,solar,bus_106,solar_6877,34.20294672213158,-114.39158210489474,55.19274845424582,243.36,20.323107440582152,35000.0,248843.27,14732.03952695499,1,540.0
1.0,solar,bus_106,solar_7637,34.40067281587895,-116.0482380198421,187.0261398755908,115.64,20.97164538263398,15000.0,329703.16,8637.77394621809,1,540.0
1.0,solar,bus_106,solar_8402,34.59839890962632,-116.18629267942106,207.73816484003456,800.57,20.779362880359272,35000.0,309062.75,5348.813514564577,1,540.0
1.0,solar,bus_106,solar_8406,34.59839890962632,-115.63407404110526,164.31776920937037,381.67,20.52282248996236,35000.0,307217.75,13701.886610865902,1,540.0
3.0,solar,bus_106,solar_8422,36.00605239491482,-118.878177963,497.0506924104977,1534.09,18.4643785313685,15000.0,147581.83,4738.016111105843,0,540.0
1.0,solar,bus_106,solar_8772,34.59839890962632,-115.21991006236843,135.17198936518886,1262.43,20.827260532201606,15000.0,285082.16,4698.472227915261,1,540.0
3.0,solar,bus_106,solar_8801,36.00605239491482,-118.0330194901111,432.40773973427105,1920.94,21.38626932296118,15000.0,166064.89,3150.371663040237,0,540.0
1.0,solar,bus_106,solar_9164,34.6972619565,-115.91018336026316,191.3815210697622,1370.69,20.80076673898595,15000.0,228099.69,4582.887685702328,1,540.0
3.0,solar,bus_106,solar_9554,36.09263361175185,-118.73731821751852,490.9004302378056,2675.24,19.246807189138497,35000.0,439531.4,4826.783703703703,0,540.0
2.0,solar,bus_106,solar_10302,35.94515037724483,-113.95913374314286,246.2604028567641,774.09,20.206921077184717,35000.0,88726.28,5257.520563974944,0,540.0
3.0,solar,bus_106,solar_11083,36.26579604542593,-118.1738792355926,459.4971637661688,562.63,21.704051587967797,15000.0,407670.75,4334.185178850601,0,540.0
2.0,solar,bus_106,solar_11821,36.07376059869655,-115.36118871457143,281.09613072069084,1895.69,20.33245961018209,35000.0,267489.94,4568.217359904856,0,540.0
3.0,solar,bus_106,solar_11837,36.35237726226296,-118.5260285992963,490.7230494759617,3199.82,21.280843517492393,35000.0,657265.94,3555.5323979640634,0,540.0
2.0,solar,bus_106,solar_12188,36.07376059869655,-114.48490435742858,261.1856049133119,1034.83,19.649696670386444,35000.0,345709.78,6176.704732336498,0,540.0
3.0,solar,bus_106,solar_12223,36.35237726226296,-117.3287207627037,408.0807544364632,616.44,19.899699049838656,15000.0,431066.34,4162.50411039619,0,540.0
2.0,solar,bus_106,solar_12568,36.11663067251379,-114.74778966457143,269.46995946891565,907.88,19.391389919897858,35000.0,404530.84,7771.421293493865,0,540.0
3.0,solar,bus_106,solar_12591,36.35237726226296,-117.11743114448147,394.82369818572874,1283.28,20.986785155739607,35000.0,243376.78,5059.439440354808,0,540.0
2.0,solar,bus_106,solar_12954,36.159500746331034,-114.13439061457143,269.2893839772331,216.79,19.79746766913336,35000.0,467371.66,9295.096465069715,0,540.0
2.0,solar,bus_106,solar_12977,36.202370820148275,-114.923046536,282.21681652585477,422.82,19.98129969611502,35000.0,365625.44,4648.62371364967,0,540.0
2.0,solar,bus_106,solar_13734,36.28811096778276,-115.01067497171428,293.42422911862906,1435.71,20.022836093802365,35000.0,275067.38,4670.662091503268,0,540.0
2.0,solar,bus_106,solar_14502,36.3309810416,-114.923046536,296.1096901997455,1274.09,19.972700974607537,35000.0,392252.53,3317.1199651070892,0,540.0
1.0,wind,bus_107,wind_3840,32.91772711277368,-115.08185540278947,235.41683786856353,78.0,29.86654403472681,35000.0,257014.03,13494.356293888508,1,3370.0
1.0,wind,bus_107,wind_3841,32.91772711277368,-114.94380074321053,228.75859530003711,66.0,32.903536507098664,35000.0,317563.62,13922.127475281783,1,3370.0
3.0,wind,bus_107,wind_3867,34.18784684133704,-116.976571399,305.6269019090381,66.0,22.15517101019571,15000.0,550612.56,10357.109068159081,0,3370.0
3.0,wind,bus_107,wind_4614,34.274428058174074,-117.04700127174074,310.2148514303696,228.0,45.46469677479659,15000.0,542013.2,9597.691972840154,0,3370.0
3.0,wind,bus_107,wind_4625,34.361009275011114,-118.24430910833333,417.80873667303626,186.0,40.587012468578514,35000.0,411351.8,5539.314954486427,0,3370.0
1.0,wind,bus_107,wind_5738,33.01659015964737,-114.80574608363158,212.89368864971965,144.0,45.67545565294453,35000.0,185248.53,6033.371193415638,1,3370.0
3.0,wind,bus_107,wind_5759,34.534171708685186,-118.5260285992963,441.8460442473891,246.0,27.70681974270578,15000.0,579130.6,4889.942746873255,0,3370.0
3.0,wind,bus_107,wind_5762,34.534171708685186,-118.31473898107407,422.53300859846064,204.0,38.767218884089594,15000.0,378539.16,11720.692783303672,0,3370.0
1.0,wind,bus_107,wind_6124,33.11545320652105,-116.324347339,299.2041595912423,60.0,52.26981609860366,35000.0,376899.84,13854.580762104344,1,3370.0
2.0,wind,bus_107,wind_6862,35.173489048534485,-114.48490435742858,88.91769212040244,42.0,49.37766374099247,35000.0,362114.1,5022.801101628039,0,3370.0
2.0,wind,bus_107,wind_6864,35.173489048534485,-114.309647486,76.67651873684393,252.0,39.248624139220354,35000.0,454195.8,4487.393906682622,0,3370.0
2.0,wind,bus_107,wind_8004,35.216359122351726,-115.01067497171428,132.55285976977655,222.0,57.02361614208024,15000.0,347759.25,3906.8795749374895,0,3370.0
1.0,wind,bus_107,wind_8011,33.31317930026842,-115.63407404110526,235.42030588607827,228.0,17.733234099813693,15000.0,124354.65,5979.508496701373,1,3370.0
1.0,wind,bus_107,wind_8026,33.31317930026842,-113.701308807,153.90296942967677,126.0,33.18933618191138,35000.0,307217.75,13701.886610865902,1,3370.0
1.0,wind,bus_107,wind_8770,33.412042347142105,-113.9774181261579,145.15577806339655,276.0,40.85052500898017,35000.0,139822.95,4952.446145236453,1,3370.0
1.0,wind,bus_107,wind_8775,33.51090539401579,-116.0482380198421,253.15816255979203,108.0,31.262503103984557,15000.0,240732.22,5543.147302292982,1,3370.0
2.0,wind,bus_107,wind_9542,35.25922919616897,-113.43336312885715,67.08721765460679,228.0,40.26782429171251,15000.0,206109.4,3636.3574772151674,0,3370.0
1.0,wind,bus_107,wind_9546,33.609768440889475,-116.18629267942106,258.65601669197065,258.0,31.322704717256308,35000.0,228112.95,6730.409007429606,1,3370.0
1.0,wind,bus_107,wind_9926,33.609768440889475,-115.7721287006842,225.67437392571932,288.0,29.121414121724055,35000.0,177124.89,5342.027528675423,1,3370.0
3.0,wind,bus_107,wind_10314,34.96707779287037,-118.38516885381482,428.5169363982051,246.0,41.28737036872091,15000.0,469507.75,3910.4721550060904,0,3370.0
3.0,wind,bus_107,wind_11080,35.05365900970741,-117.82172987188889,377.9366493371781,240.0,29.83449048851381,15000.0,473568.0,3140.1317006028785,0,3370.0
3.0,wind,bus_107,wind_11451,35.05365900970741,-117.39915063544444,339.63131001032957,216.0,31.922420034212657,35000.0,286184.66,5037.468664619892,0,3370.0
3.0,wind,bus_107,wind_11462,35.14024022654445,-118.59645847203703,448.9825678938558,72.0,30.90716157998361,15000.0,421182.88,4246.732688971792,0,3370.0
2.0,wind,bus_107,wind_12200,35.47357956525517,-115.44881715028572,180.922697793938,282.0,35.868914710440556,35000.0,368521.7,3513.425303677313,0,3370.0
3.0,wind,bus_107,wind_12222,35.22682144338148,-118.80774809025925,468.99508923820486,180.0,7.294763642570183,15000.0,448000.2,4639.573607492375,0,3370.0
2.0,wind,bus_107,wind_13347,35.602189786706894,-115.36118871457143,181.3790752022678,240.0,31.74171522120349,35000.0,271069.88,4934.397613384755,0,3370.0
2.0,wind,bus_107,wind_13355,35.602189786706894,-114.66016122885715,133.13350103019593,258.0,46.71920613088312,35000.0,318633.25,4238.3168759567225,0,3370.0
2.0,wind,bus_107,wind_13719,35.602189786706894,-113.696248436,100.62443545763254,270.0,49.6009464184887,15000.0,369154.3,5210.298750561249,0,3370.0
2.0,wind,bus_107,wind_13723,35.602189786706894,-113.34573469314286,105.68882913978946,282.0,46.93785294623239,35000.0,342503.72,4586.018234119997,0,3370.0
2.0,wind,bus_107,wind_14115,35.645059860524135,-113.60862000028573,105.72650731889404,102.0,44.604152879739,35000.0,319696.4,5301.523045267489,0,3370.0
1.0,solar,bus_107,solar_1180,33.609768440889475,-113.9774181261579,123.56384755035934,119.51,20.66093307534744,35000.0,415575.4,10881.386489607035,1,540.0
1.0,solar,bus_107,solar_1938,33.70863148776316,-115.91018336026316,230.9659496542529,413.56,21.006451738438415,35000.0,136194.78,5589.921430933224,1,540.0
1.0,solar,bus_107,solar_2696,33.70863148776316,-114.5296367644737,133.74308183878316,975.34,20.23556579392014,15000.0,326046.84,5842.262500000001,1,540.0
3.0,solar,bus_107,solar_3481,35.31340266021852,-117.54001038092592,356.2516756464508,235.46,20.98557988500825,15000.0,1450488.9,9015.091456745968,0,540.0
3.0,solar,bus_107,solar_3865,35.399983877055554,-117.89215974462962,389.3857814108541,555.68,20.956046218629005,15000.0,748010.2,8326.904253604604,0,540.0
1.0,solar,bus_107,solar_4974,33.90635758151053,-114.39158210489474,108.41753102086294,725.49,20.566563256377396,15000.0,151662.47,5015.97306034038,1,540.0
3.0,solar,bus_107,solar_5002,35.57314631072963,-117.75129999914815,380.9123590379356,321.51,20.805657171461945,15000.0,610527.6,14019.768686868687,0,540.0
2.0,solar,bus_107,solar_6866,35.773670081975865,-113.082849386,132.21500432326283,1975.87,20.3644778352278,15000.0,163287.61,3303.7093581362155,0,540.0
2.0,solar,bus_107,solar_6870,35.816540155793106,-115.27356027885715,189.38771159204268,511.49,20.3885561933549,15000.0,191078.33,4340.889018140537,0,540.0
1.0,solar,bus_107,solar_6877,34.20294672213158,-114.39158210489474,83.82832003664328,243.36,20.323107440582152,35000.0,248843.27,14732.03952695499,1,540.0
1.0,solar,bus_107,solar_7637,34.40067281587895,-116.0482380198421,217.45299017338317,115.64,20.97164538263398,15000.0,329703.16,8637.77394621809,1,540.0
1.0,solar,bus_107,solar_8402,34.59839890962632,-116.18629267942106,227.57583941430025,800.57,20.779362880359272,35000.0,309062.75,5348.813514564577,1,540.0
1.0,solar,bus_107,solar_8406,34.59839890962632,-115.63407404110526,177.14000824086497,381.67,20.52282248996236,35000.0,307217.75,13701.886610865902,1,540.0
3.0,solar,bus_107,solar_8422,36.00605239491482,-118.878177963,491.4648286778933,1534.09,18.4643785313685,15000.0,147581.83,4738.016111105843,0,540.0
1.0,solar,bus_107,solar_8772,34.59839890962632,-115.21991006236843,139.34827200233678,1262.43,20.827260532201606,15000.0,285082.16,4698.472227915261,1,540.0
3.0,solar,bus_107,solar_8801,36.00605239491482,-118.0330194901111,418.89307245394286,1920.94,21.38626932296118,15000.0,166064.89,3150.371663040237,0,540.0
1.0,solar,bus_107,solar_9164,34.6972619565,-115.91018336026316,201.93406706742536,1370.69,20.80076673898595,15000.0,228099.69,4582.887685702328,1,540.0
3.0,solar,bus_107,solar_9554,36.09263361175185,-118.73731821751852,482.0577826858876,2675.24,19.246807189138497,35000.0,439531.4,4826.783703703703,0,540.0
2.0,solar,bus_107,solar_10302,35.94515037724483,-113.95913374314286,140.71649782931308,774.09,20.206921077184717,35000.0,88726.28,5257.520563974944,0,540.0
3.0,solar,bus_107,solar_11083,36.26579604542593,-118.1738792355926,440.8747997942533,562.63,21.704051587967797,15000.0,407670.75,4334.185178850601,0,540.0
2.0,solar,bus_107,solar_11821,36.07376059869655,-115.36118871457143,214.6318344668423,1895.69,20.33245961018209,35000.0,267489.94,4568.217359904856,0,540.0
3.0,solar,bus_107,solar_11837,36.35237726226296,-118.5260285992963,473.7519459468824,3199.82,21.280843517492393,35000.0,657265.94,3555.5323979640634,0,540.0
2.0,solar,bus_107,solar_12188,36.07376059869655,-114.48490435742858,168.73881697913004,1034.83,19.649696670386444,35000.0,345709.78,6176.704732336498,0,540.0
3.0,solar,bus_107,solar_12223,36.35237726226296,-117.3287207627037,376.3006391596691,616.44,19.899699049838656,15000.0,431066.34,4162.50411039619,0,540.0
2.0,solar,bus_107,solar_12568,36.11663067251379,-114.74778966457143,184.12810306323945,907.88,19.391389919897858,35000.0,404530.84,7771.421293493865,0,540.0
3.0,solar,bus_107,solar_12591,36.35237726226296,-117.11743114448147,359.74801287788085,1283.28,20.986785155739607,35000.0,243376.78,5059.439440354808,0,540.0
2.0,solar,bus_107,solar_12954,36.159500746331034,-114.13439061457143,167.2609121713933,216.79,19.79746766913336,35000.0,467371.66,9295.096465069715,0,540.0
2.0,solar,bus_107,solar_12977,36.202370820148275,-114.923046536,200.63621066341628,422.82,19.98129969611502,35000.0,365625.44,4648.62371364967,0,540.0
2.0,solar,bus_107,solar_13734,36.28811096778276,-115.01067497171428,212.93493916088767,1435.71,20.022836093802365,35000.0,275067.38,4670.662091503268,0,540.0
2.0,solar,bus_107,solar_14502,36.3309810416,-114.923046536,212.664714532159,1274.09,19.972700974607537,35000.0,392252.53,3317.1199651070892,0,540.0
1.0,wind,bus_108,wind_3840,32.91772711277368,-115.08185540278947,210.4698403053121,78.0,29.86654403472681,35000.0,257014.03,13494.356293888508,1,3370.0
1.0,wind,bus_108,wind_3841,32.91772711277368,-114.94380074321053,203.3243588581504,66.0,32.903536507098664,35000.0,317563.62,13922.127475281783,1,3370.0
3.0,wind,bus_108,wind_3867,34.18784684133704,-116.976571399,296.7589526052241,66.0,22.15517101019571,15000.0,550612.56,10357.109068159081,0,3370.0
3.0,wind,bus_108,wind_4614,34.274428058174074,-117.04700127174074,302.2316570772292,228.0,45.46469677479659,15000.0,542013.2,9597.691972840154,0,3370.0
3.0,wind,bus_108,wind_4625,34.361009275011114,-118.24430910833333,411.3391823459418,186.0,40.587012468578514,35000.0,411351.8,5539.314954486427,0,3370.0
1.0,wind,bus_108,wind_5738,33.01659015964737,-114.80574608363158,187.2218010185328,144.0,45.67545565294453,35000.0,185248.53,6033.371193415638,1,3370.0
3.0,wind,bus_108,wind_5759,34.534171708685186,-118.5260285992963,436.6582633083314,246.0,27.70681974270578,15000.0,579130.6,4889.942746873255,0,3370.0
3.0,wind,bus_108,wind_5762,34.534171708685186,-118.31473898107407,417.3040307099249,204.0,38.767218884089594,15000.0,378539.16,11720.692783303672,0,3370.0
1.0,wind,bus_108,wind_6124,33.11545320652105,-116.324347339,280.0117292105331,60.0,52.26981609860366,35000.0,376899.84,13854.580762104344,1,3370.0
2.0,wind,bus_108,wind_6862,35.173489048534485,-114.48490435742858,103.28350462893933,42.0,49.37766374099247,35000.0,362114.1,5022.801101628039,0,3370.0
2.0,wind,bus_108,wind_6864,35.173489048534485,-114.309647486,93.86589658848524,252.0,39.248624139220354,35000.0,454195.8,4487.393906682622,0,3370.0
2.0,wind,bus_108,wind_8004,35.216359122351726,-115.01067497171428,141.71127872279737,222.0,57.02361614208024,15000.0,347759.25,3906.8795749374895,0,3370.0
1.0,wind,bus_108,wind_8011,33.31317930026842,-115.63407404110526,214.73193817398055,228.0,17.733234099813693,15000.0,124354.65,5979.508496701373,1,3370.0
1.0,wind,bus_108,wind_8026,33.31317930026842,-113.701308807,127.55452408229829,126.0,33.18933618191138,35000.0,307217.75,13701.886610865902,1,3370.0
1.0,wind,bus_108,wind_8770,33.412042347142105,-113.9774181261579,118.1290040568031,276.0,40.85052500898017,35000.0,139822.95,4952.446145236453,1,3370.0
1.0,wind,bus_108,wind_8775,33.51090539401579,-116.0482380198421,235.71696291241835,108.0,31.262503103984557,15000.0,240732.22,5543.147302292982,1,3370.0
2.0,wind,bus_108,wind_9542,35.25922919616897,-113.43336312885715,93.86515195870592,228.0,40.26782429171251,15000.0,206109.4,3636.3574772151674,0,3370.0
1.0,wind,bus_108,wind_9546,33.609768440889475,-116.18629267942106,242.5607098508571,258.0,31.322704717256308,35000.0,228112.95,6730.409007429606,1,3370.0
1.0,wind,bus_108,wind_9926,33.609768440889475,-115.7721287006842,207.94345337141047,288.0,29.121414121724055,35000.0,177124.89,5342.027528675423,1,3370.0
3.0,wind,bus_108,wind_10314,34.96707779287037,-118.38516885381482,426.32364382595233,246.0,41.28737036872091,15000.0,469507.75,3910.4721550060904,0,3370.0
3.0,wind,bus_108,wind_11080,35.05365900970741,-117.82172987188889,376.7275100819148,240.0,29.83449048851381,15000.0,473568.0,3140.1317006028785,0,3370.0
3.0,wind,bus_108,wind_11451,35.05365900970741,-117.39915063544444,338.79638996437217,216.0,31.922420034212657,35000.0,286184.66,5037.468664619892,0,3370.0
3.0,wind,bus_108,wind_11462,35.14024022654445,-118.59645847203703,447.8565739051272,72.0,30.90716157998361,15000.0,421182.88,4246.732688971792,0,3370.0
2.0,wind,bus_108,wind_12200,35.47357956525517,-115.44881715028572,190.6729023868737,282.0,35.868914710440556,35000.0,368521.7,3513.425303677313,0,3370.0
3.0,wind,bus_108,wind_12222,35.22682144338148,-118.80774809025925,468.2945421796462,180.0,7.294763642570183,15000.0,448000.2,4639.573607492375,0,3370.0
2.0,wind,bus_108,wind_13347,35.602189786706894,-115.36118871457143,193.29197439009727,240.0,31.74171522120349,35000.0,271069.88,4934.397613384755,0,3370.0
2.0,wind,bus_108,wind_13355,35.602189786706894,-114.66016122885715,151.14640699212612,258.0,46.71920613088312,35000.0,318633.25,4238.3168759567225,0,3370.0
2.0,wind,bus_108,wind_13719,35.602189786706894,-113.696248436,127.23285677123664,270.0,49.6009464184887,15000.0,369154.3,5210.298750561249,0,3370.0
2.0,wind,bus_108,wind_13723,35.602189786706894,-113.34573469314286,132.61483970740204,282.0,46.93785294623239,35000.0,342503.72,4586.018234119997,0,3370.0
2.0,wind,bus_108,wind_14115,35.645059860524135,-113.60862000028573,132.59402192874694,102.0,44.604152879739,35000.0,319696.4,5301.523045267489,0,3370.0
1.0,solar,bus_108,solar_1180,33.609768440889475,-113.9774181261579,96.52365514285864,119.51,20.66093307534744,35000.0,415575.4,10881.386489607035,1,540.0
1.0,solar,bus_108,solar_1938,33.70863148776316,-115.91018336026316,214.7420748410635,413.56,21.006451738438415,35000.0,136194.78,5589.921430933224,1,540.0
1.0,solar,bus_108,solar_2696,33.70863148776316,-114.5296367644737,109.3975550464737,975.34,20.23556579392014,15000.0,326046.84,5842.262500000001,1,540.0
3.0,solar,bus_108,solar_3481,35.31340266021852,-117.54001038092592,357.453987568348,235.46,20.98557988500825,15000.0,1450488.9,9015.091456745968,0,540.0
3.0,solar,bus_108,solar_3865,35.399983877055554,-117.89215974462962,390.77849647365224,555.68,20.956046218629005,15000.0,748010.2,8326.904253604604,0,540.0
1.0,solar,bus_108,solar_4974,33.90635758151053,-114.39158210489474,84.47909472491199,725.49,20.566563256377396,15000.0,151662.47,5015.97306034038,1,540.0
3.0,solar,bus_108,solar_5002,35.57314631072963,-117.75129999914815,383.8252333678776,321.51,20.805657171461945,15000.0,610527.6,14019.768686868687,0,540.0
2.0,solar,bus_108,solar_6866,35.773670081975865,-113.082849386,158.6648164652133,1975.87,20.3644778352278,15000.0,163287.61,3303.7093581362155,0,540.0
2.0,solar,bus_108,solar_6870,35.816540155793106,-115.27356027885715,204.15155327939752,511.49,20.3885561933549,15000.0,191078.33,4340.889018140537,0,540.0
1.0,solar,bus_108,solar_6877,34.20294672213158,-114.39158210489474,64.48115220964708,243.36,20.323107440582152,35000.0,248843.27,14732.03952695499,1,540.0
1.0,solar,bus_108,solar_7637,34.40067281587895,-116.0482380198421,209.81288546138893,115.64,20.97164538263398,15000.0,329703.16,8637.77394621809,1,540.0
1.0,solar,bus_108,solar_8402,34.59839890962632,-116.18629267942106,222.64789581003583,800.57,20.779362880359272,35000.0,309062.75,5348.813514564577,1,540.0
1.0,solar,bus_108,solar_8406,34.59839890962632,-115.63407404110526,172.2219813388257,381.67,20.52282248996236,35000.0,307217.75,13701.886610865902,1,540.0
3.0,solar,bus_108,solar_8422,36.00605239491482,-118.878177963,495.441713831798,1534.09,18.4643785313685,15000.0,147581.83,4738.016111105843,0,540.0
1.0,solar,bus_108,solar_8772,34.59839890962632,-115.21991006236843,134.47972333213045,1262.43,20.827260532201606,15000.0,285082.16,4698.472227915261,1,540.0
3.0,solar,bus_108,solar_8801,36.00605239491482,-118.0330194901111,424.3165482761234,1920.94,21.38626932296118,15000.0,166064.89,3150.371663040237,0,540.0
1.0,solar,bus_108,solar_9164,34.6972619565,-115.91018336026316,198.47332998431312,1370.69,20.80076673898595,15000.0,228099.69,4582.887685702328,1,540.0
3.0,solar,bus_108,solar_9554,36.09263361175185,-118.73731821751852,486.74946386791567,2675.24,19.246807189138497,35000.0,439531.4,4826.783703703703,0,540.0
2.0,solar,bus_108,solar_10302,35.94515037724483,-113.95913374314286,166.20031127591372,774.09,20.206921077184717,35000.0,88726.28,5257.520563974944,0,540.0
3.0,solar,bus_108,solar_11083,36.26579604542593,-118.1738792355926,447.6339912394491,562.63,21.704051587967797,15000.0,407670.75,4334.185178850601,0,540.0
2.0,solar,bus_108,solar_11821,36.07376059869655,-115.36118871457143,230.90183045060067,1895.69,20.33245961018209,35000.0,267489.94,4568.217359904856,0,540.0
3.0,solar,bus_108,solar_11837,36.35237726226296,-118.5260285992963,480.3023089521452,3199.82,21.280843517492393,35000.0,657265.94,3555.5323979640634,0,540.0
2.0,solar,bus_108,solar_12188,36.07376059869655,-114.48490435742858,191.1592864485401,1034.83,19.649696670386444,35000.0,345709.78,6176.704732336498,0,540.0
3.0,solar,bus_108,solar_12223,36.35237726226296,-117.3287207627037,385.74044695566494,616.44,19.899699049838656,15000.0,431066.34,4162.50411039619,0,540.0
2.0,solar,bus_108,solar_12568,36.11663067251379,-114.74778966457143,204.87852625671565,907.88,19.391389919897858,35000.0,404530.84,7771.421293493865,0,540.0
3.0,solar,bus_108,solar_12591,36.35237726226296,-117.11743114448147,369.8458092141838,1283.28,20.986785155739607,35000.0,243376.78,5059.439440354808,0,540.0
2.0,solar,bus_108,solar_12954,36.159500746331034,-114.13439061457143,192.0646655510412,216.79,19.79746766913336,35000.0,467371.66,9295.096465069715,0,540.0
2.0,solar,bus_108,solar_12977,36.202370820148275,-114.923046536,220.6087844178952,422.82,19.98129969611502,35000.0,365625.44,4648.62371364967,0,540.0
2.0,solar,bus_108,solar_13734,36.28811096778276,-115.01067497171428,232.76385764535272,1435.71,20.022836093802365,35000.0,275067.38,4670.662091503268,0,540.0
2.0,solar,bus_108,solar_14502,36.3309810416,-114.923046536,233.2351036496343,1274.09,19.972700974607537,35000.0,392252.53,3317.1199651070892,0,540.0
1.0,wind,bus_109,wind_3840,32.91772711277368,-115.08185540278947,132.61110638047583,78.0,29.86654403472681,35000.0,257014.03,13494.356293888508,1,3370.0
1.0,wind,bus_109,wind_3841,32.91772711277368,-114.94380074321053,126.1354862685835,66.0,32.903536507098664,35000.0,317563.62,13922.127475281783,1,3370.0
3.0,wind,bus_109,wind_3867,34.18784684133704,-116.976571399,247.60326672423705,66.0,22.15517101019571,15000.0,550612.56,10357.109068159081,0,3370.0
3.0,wind,bus_109,wind_4614,34.274428058174074,-117.04700127174074,255.2234562506815,228.0,45.46469677479659,15000.0,542013.2,9597.691972840154,0,3370.0
3.0,wind,bus_109,wind_4625,34.361009275011114,-118.24430910833333,365.51299104920224,186.0,40.587012468578514,35000.0,411351.8,5539.314954486427,0,3370.0
1.0,wind,bus_109,wind_5738,33.01659015964737,-114.80574608363158,110.58935370821143,144.0,45.67545565294453,35000.0,185248.53,6033.371193415638,1,3370.0
3.0,wind,bus_109,wind_5759,34.534171708685186,-118.5260285992963,393.6964050739619,246.0,27.70681974270578,15000.0,579130.6,4889.942746873255,0,3370.0
3.0,wind,bus_109,wind_5762,34.534171708685186,-118.31473898107407,374.5843097113453,204.0,38.767218884089594,15000.0,378539.16,11720.692783303672,0,3370.0
1.0,wind,bus_109,wind_6124,33.11545320652105,-116.324347339,207.22149529472776,60.0,52.26981609860366,35000.0,376899.84,13854.580762104344,1,3370.0
2.0,wind,bus_109,wind_6862,35.173489048534485,-114.48490435742858,140.2689087009885,42.0,49.37766374099247,35000.0,362114.1,5022.801101628039,0,3370.0
2.0,wind,bus_109,wind_6864,35.173489048534485,-114.309647486,139.3331676735504,252.0,39.248624139220354,35000.0,454195.8,4487.393906682622,0,3370.0
2.0,wind,bus_109,wind_8004,35.216359122351726,-115.01067497171428,157.79929098378048,222.0,57.02361614208024,15000.0,347759.25,3906.8795749374895,0,3370.0
1.0,wind,bus_109,wind_8011,33.31317930026842,-115.63407404110526,140.1091120601631,228.0,17.733234099813693,15000.0,124354.65,5979.508496701373,1,3370.0
1.0,wind,bus_109,wind_8026,33.31317930026842,-113.701308807,87.85426690651755,126.0,33.18933618191138,35000.0,307217.75,13701.886610865902,1,3370.0
1.0,wind,bus_109,wind_8770,33.412042347142105,-113.9774181261579,64.29069584662312,276.0,40.85052500898017,35000.0,139822.95,4952.446145236453,1,3370.0
1.0,wind,bus_109,wind_8775,33.51090539401579,-116.0482380198421,167.2485328130554,108.0,31.262503103984557,15000.0,240732.22,5543.147302292982,1,3370.0
2.0,wind,bus_109,wind_9542,35.25922919616897,-113.43336312885715,169.04142983766778,228.0,40.26782429171251,15000.0,206109.4,3636.3574772151674,0,3370.0
1.0,wind,bus_109,wind_9546,33.609768440889475,-116.18629267942106,177.00215732378047,258.0,31.322704717256308,35000.0,228112.95,6730.409007429606,1,3370.0
1.0,wind,bus_109,wind_9926,33.609768440889475,-115.7721287006842,139.6548506799283,288.0,29.121414121724055,35000.0,177124.89,5342.027528675423,1,3370.0
3.0,wind,bus_109,wind_10314,34.96707779287037,-118.38516885381482,391.51238595680405,246.0,41.28737036872091,15000.0,469507.75,3910.4721550060904,0,3370.0
3.0,wind,bus_109,wind_11080,35.05365900970741,-117.82172987188889,345.76727242017535,240.0,29.83449048851381,15000.0,473568.0,3140.1317006028785,0,3370.0
3.0,wind,bus_109,wind_11451,35.05365900970741,-117.39915063544444,310.027753166834,216.0,31.922420034212657,35000.0,286184.66,5037.468664619892,0,3370.0
3.0,wind,bus_109,wind_11462,35.14024022654445,-118.59645847203703,415.5324520977378,72.0,30.90716157998361,15000.0,421182.88,4246.732688971792,0,3370.0
2.0,wind,bus_109,wind_12200,35.47357956525517,-115.44881715028572,201.73316274081495,282.0,35.868914710440556,35000.0,368521.7,3513.425303677313,0,3370.0
3.0,wind,bus_109,wind_12222,35.22682144338148,-118.80774809025925,436.76888575206624,180.0,7.294763642570183,15000.0,448000.2,4639.573607492375,0,3370.0
2.0,wind,bus_109,wind_13347,35.602189786706894,-115.36118871457143,210.28432211721292,240.0,31.74171522120349,35000.0,271069.88,4934.397613384755,0,3370.0
2.0,wind,bus_109,wind_13355,35.602189786706894,-114.66016122885715,189.74456769744052,258.0,46.71920613088312,35000.0,318633.25,4238.3168759567225,0,3370.0
2.0,wind,bus_109,wind_13719,35.602189786706894,-113.696248436,195.1799878850015,270.0,49.6009464184887,15000.0,369154.3,5210.298750561249,0,3370.0
2.0,wind,bus_109,wind_13723,35.602189786706894,-113.34573469314286,206.63982945588305,282.0,46.93785294623239,35000.0,342503.72,4586.018234119997,0,3370.0
2.0,wind,bus_109,wind_14115,35.645059860524135,-113.60862000028573,202.1327568827829,102.0,44.604152879739,35000.0,319696.4,5301.523045267489,0,3370.0
1.0,solar,bus_109,solar_1180,33.609768440889475,-113.9774181261579,46.1383472657995,119.51,20.66093307534744,35000.0,415575.4,10881.386489607035,1,540.0
1.0,solar,bus_109,solar_1938,33.70863148776316,-115.91018336026316,149.85327594182755,413.56,21.006451738438415,35000.0,136194.78,5589.921430933224,1,540.0
1.0,solar,bus_109,solar_2696,33.70863148776316,-114.5296367644737,31.19107567917695,975.34,20.23556579392014,15000.0,326046.84,5842.262500000001,1,540.0
3.0,solar,bus_109,solar_3481,35.31340266021852,-117.54001038092592,333.81523436506075,235.46,20.98557988500825,15000.0,1450488.9,9015.091456745968,0,540.0
3.0,solar,bus_109,solar_3865,35.399983877055554,-117.89215974462962,366.7236643592949,555.68,20.956046218629005,15000.0,748010.2,8326.904253604604,0,540.0
1.0,solar,bus_109,solar_4974,33.90635758151053,-114.39158210489474,7.844706222167472,725.49,20.566563256377396,15000.0,151662.47,5015.97306034038,1,540.0
3.0,solar,bus_109,solar_5002,35.57314631072963,-117.75129999914815,364.28634787509475,321.51,20.805657171461945,15000.0,610527.6,14019.768686868687,0,540.0
2.0,solar,bus_109,solar_6866,35.773670081975865,-113.082849386,234.45138096326417,1975.87,20.3644778352278,15000.0,163287.61,3303.7093581362155,0,540.0
2.0,solar,bus_109,solar_6870,35.816540155793106,-115.27356027885715,228.48584013415845,511.49,20.3885561933549,15000.0,191078.33,4340.889018140537,0,540.0
1.0,solar,bus_109,solar_6877,34.20294672213158,-114.39158210489474,32.33736078190857,243.36,20.323107440582152,35000.0,248843.27,14732.03952695499,1,540.0
1.0,solar,bus_109,solar_7637,34.40067281587895,-116.0482380198421,168.76188837944375,115.64,20.97164538263398,15000.0,329703.16,8637.77394621809,1,540.0
1.0,solar,bus_109,solar_8402,34.59839890962632,-116.18629267942106,188.3346014761873,800.57,20.779362880359272,35000.0,309062.75,5348.813514564577,1,540.0
1.0,solar,bus_109,solar_8406,34.59839890962632,-115.63407404110526,143.27682130856286,381.67,20.52282248996236,35000.0,307217.75,13701.886610865902,1,540.0
3.0,solar,bus_109,solar_8422,36.00605239491482,-118.878177963,476.5771465863332,1534.09,18.4643785313685,15000.0,147581.83,4738.016111105843,0,540.0
1.0,solar,bus_109,solar_8772,34.59839890962632,-115.21991006236843,112.7032882525233,1262.43,20.827260532201606,15000.0,285082.16,4698.472227915261,1,540.0
3.0,solar,bus_109,solar_8801,36.00605239491482,-118.0330194901111,411.0291073473401,1920.94,21.38626932296118,15000.0,166064.89,3150.371663040237,0,540.0
1.0,solar,bus_109,solar_9164,34.6972619565,-115.91018336026316,170.6104099131068,1370.69,20.80076673898595,15000.0,228099.69,4582.887685702328,1,540.0
3.0,solar,bus_109,solar_9554,36.09263361175185,-118.73731821751852,470.0937928850018,2675.24,19.246807189138497,35000.0,439531.4,4826.783703703703,0,540.0
2.0,solar,bus_109,solar_10302,35.94515037724483,-113.95913374314286,227.37606390859943,774.09,20.206921077184717,35000.0,88726.28,5257.520563974944,0,540.0
3.0,solar,bus_109,solar_11083,36.26579604542593,-118.1738792355926,437.7743090278787,562.63,21.704051587967797,15000.0,407670.75,4334.185178850601,0,540.0
2.0,solar,bus_109,solar_11821,36.07376059869655,-115.36118871457143,257.927336242146,1895.69,20.33245961018209,35000.0,267489.94,4568.217359904856,0,540.0
3.0,solar,bus_109,solar_11837,36.35237726226296,-118.5260285992963,469.1997335630138,3199.82,21.280843517492393,35000.0,657265.94,3555.5323979640634,0,540.0
2.0,solar,bus_109,solar_12188,36.07376059869655,-114.48490435742858,239.9784824033605,1034.83,19.649696670386444,35000.0,345709.78,6176.704732336498,0,540.0
3.0,solar,bus_109,solar_12223,36.35237726226296,-117.3287207627037,385.39633773169743,616.44,19.899699049838656,15000.0,431066.34,4162.50411039619,0,540.0
2.0,solar,bus_109,solar_12568,36.11663067251379,-114.74778966457143,247.46278620428856,907.88,19.391389919897858,35000.0,404530.84,7771.421293493865,0,540.0
3.0,solar,bus_109,solar_12591,36.35237726226296,-117.11743114448147,371.95502118010114,1283.28,20.986785155739607,35000.0,243376.78,5059.439440354808,0,540.0
2.0,solar,bus_109,solar_12954,36.159500746331034,-114.13439061457143,249.4752633137709,216.79,19.79746766913336,35000.0,467371.66,9295.096465069715,0,540.0
2.0,solar,bus_109,solar_12977,36.202370820148275,-114.923046536,259.8337827231173,422.82,19.98129969611502,35000.0,365625.44,4648.62371364967,0,540.0
2.0,solar,bus_109,solar_13734,36.28811096778276,-115.01067497171428,270.9135838158622,1435.71,20.022836093802365,35000.0,275067.38,4670.662091503268,0,540.0
2.0,solar,bus_109,solar_14502,36.3309810416,-114.923046536,273.8072538035846,1274.09,19.972700974607537,35000.0,392252.53,3317.1199651070892,0,540.0
1.0,wind,bus_110,wind_3840,32.91772711277368,-115.08185540278947,132.67822725025286,78.0,29.86654403472681,35000.0,257014.03,13494.356293888508,1,3370.0
1.0,wind,bus_110,wind_3841,32.91772711277368,-114.94380074321053,126.06105822320268,66.0,32.903536507098664,35000.0,317563.62,13922.127475281783,1,3370.0
3.0,wind,bus_110,wind_3867,34.18784684133704,-116.976571399,249.11797783050372,66.0,22.15517101019571,15000.0,550612.56,10357.109068159081,0,3370.0
3.0,wind,bus_110,wind_4614,34.274428058174074,-117.04700127174074,256.7598669050777,228.0,45.46469677479659,15000.0,542013.2,9597.691972840154,0,3370.0
3.0,wind,bus_110,wind_4625,34.361009275011114,-118.24430910833333,367.0403151057376,186.0,40.587012468578514,35000.0,411351.8,5539.314954486427,0,3370.0
1.0,wind,bus_110,wind_5738,33.01659015964737,-114.80574608363158,110.42292292573222,144.0,45.67545565294453,35000.0,185248.53,6033.371193415638,1,3370.0
3.0,wind,bus_110,wind_5759,34.534171708685186,-118.5260285992963,395.2479712993279,246.0,27.70681974270578,15000.0,579130.6,4889.942746873255,0,3370.0
3.0,wind,bus_110,wind_5762,34.534171708685186,-118.31473898107407,376.14028353193953,204.0,38.767218884089594,15000.0,378539.16,11720.692783303672,0,3370.0
1.0,wind,bus_110,wind_6124,33.11545320652105,-116.324347339,208.1470654460233,60.0,52.26981609860366,35000.0,376899.84,13854.580762104344,1,3370.0
2.0,wind,bus_110,wind_6862,35.173489048534485,-114.48490435742858,141.28092097994326,42.0,49.37766374099247,35000.0,362114.1,5022.801101628039,0,3370.0
2.0,wind,bus_110,wind_6864,35.173489048534485,-114.309647486,140.1913235302683,252.0,39.248624139220354,35000.0,454195.8,4487.393906682622,0,3370.0
2.0,wind,bus_110,wind_8004,35.216359122351726,-115.01067497171428,159.1508823665406,222.0,57.02361614208024,15000.0,347759.25,3906.8795749374895,0,3370.0
1.0,wind,bus_110,wind_8011,33.31317930026842,-115.63407404110526,140.954300264009,228.0,17.733234099813693,15000.0,124354.65,5979.508496701373,1,3370.0
1.0,wind,bus_110,wind_8026,33.31317930026842,-113.701308807,86.29701717690584,126.0,33.18933618191138,35000.0,307217.75,13701.886610865902,1,3370.0
1.0,wind,bus_110,wind_8770,33.412042347142105,-113.9774181261579,62.874543563855205,276.0,40.85052500898017,35000.0,139822.95,4952.446145236453,1,3370.0
1.0,wind,bus_110,wind_8775,33.51090539401579,-116.0482380198421,168.39149666904464,108.0,31.262503103984557,15000.0,240732.22,5543.147302292982,1,3370.0
2.0,wind,bus_110,wind_9542,35.25922919616897,-113.43336312885715,169.13527249859112,228.0,40.26782429171251,15000.0,206109.4,3636.3574772151674,0,3370.0
1.0,wind,bus_110,wind_9546,33.609768440889475,-116.18629267942106,178.23597675158587,258.0,31.322704717256308,35000.0,228112.95,6730.409007429606,1,3370.0
1.0,wind,bus_110,wind_9926,33.609768440889475,-115.7721287006842,140.82725013063083,288.0,29.121414121724055,35000.0,177124.89,5342.027528675423,1,3370.0
3.0,wind,bus_110,wind_10314,34.96707779287037,-118.38516885381482,393.12214845895073,246.0,41.28737036872091,15000.0,469507.75,3910.4721550060904,0,3370.0
3.0,wind,bus_110,wind_11080,35.05365900970741,-117.82172987188889,347.3977534904182,240.0,29.83449048851381,15000.0,473568.0,3140.1317006028785,0,3370.0
3.0,wind,bus_110,wind_11451,35.05365900970741,-117.39915063544444,311.66744100248246,216.0,31.922420034212657,35000.0,286184.66,5037.468664619892,0,3370.0
3.0,wind,bus_110,wind_11462,35.14024022654445,-118.59645847203703,417.1527513663993,72.0,30.90716157998361,15000.0,421182.88,4246.732688971792,0,3370.0
2.0,wind,bus_110,wind_12200,35.47357956525517,-115.44881715028572,203.18827926949305,282.0,35.868914710440556,35000.0,368521.7,3513.425303677313,0,3370.0
3.0,wind,bus_110,wind_12222,35.22682144338148,-118.80774809025925,438.3914594037408,180.0,7.294763642570183,15000.0,448000.2,4639.573607492375,0,3370.0
2.0,wind,bus_110,wind_13347,35.602189786706894,-115.36118871457143,211.68373562280485,240.0,31.74171522120349,35000.0,271069.88,4934.397613384755,0,3370.0
2.0,wind,bus_110,wind_13355,35.602189786706894,-114.66016122885715,190.82342291393104,258.0,46.71920613088312,35000.0,318633.25,4238.3168759567225,0,3370.0
2.0,wind,bus_110,wind_13719,35.602189786706894,-113.696248436,195.60065115890143,270.0,49.6009464184887,15000.0,369154.3,5210.298750561249,0,3370.0
2.0,wind,bus_110,wind_13723,35.602189786706894,-113.34573469314286,206.82174563537697,282.0,46.93785294623239,35000.0,342503.72,4586.018234119997,0,3370.0
2.0,wind,bus_110,wind_14115,35.645059860524135,-113.60862000028573,202.5041331821473,102.0,44.604152879739,35000.0,319696.4,5301.523045267489,0,3370.0
1.0,solar,bus_110,solar_1180,33.609768440889475,-113.9774181261579,44.56711045608747,119.51,20.66093307534744,35000.0,415575.4,10881.386489607035,1,540.0
1.0,solar,bus_110,solar_1938,33.70863148776316,-115.91018336026316,151.12743211281122,413.56,21.006451738438415,35000.0,136194.78,5589.921430933224,1,540.0
1.0,solar,bus_110,solar_2696,33.70863148776316,-114.5296367644737,31.519713918413448,975.34,20.23556579392014,15000.0,326046.84,5842.262500000001,1,540.0
3.0,solar,bus_110,solar_3481,35.31340266021852,-117.54001038092592,335.4628991820302,235.46,20.98557988500825,15000.0,1450488.9,9015.091456745968,0,540.0
3.0,solar,bus_110,solar_3865,35.399983877055554,-117.89215974462962,368.3700335895456,555.68,20.956046218629005,15000.0,748010.2,8326.904253604604,0,540.0
1.0,solar,bus_110,solar_4974,33.90635758151053,-114.39158210489474,9.128792827435754,725.49,20.566563256377396,15000.0,151662.47,5015.97306034038,1,540.0
3.0,solar,bus_110,solar_5002,35.57314631072963,-117.75129999914815,365.9355109187383,321.51,20.805657171461945,15000.0,610527.6,14019.768686868687,0,540.0
2.0,solar,bus_110,solar_6866,35.773670081975865,-113.082849386,234.53993220758835,1975.87,20.3644778352278,15000.0,163287.61,3303.7093581362155,0,540.0
2.0,solar,bus_110,solar_6870,35.816540155793106,-115.27356027885715,229.81211918400476,511.49,20.3885561933549,15000.0,191078.33,4340.889018140537,0,540.0
1.0,solar,bus_110,solar_6877,34.20294672213158,-114.39158210489474,33.51827349613537,243.36,20.323107440582152,35000.0,248843.27,14732.03952695499,1,540.0
1.0,solar,bus_110,solar_7637,34.40067281587895,-116.0482380198421,170.37488380710204,115.64,20.97164538263398,15000.0,329703.16,8637.77394621809,1,540.0
1.0,solar,bus_110,solar_8402,34.59839890962632,-116.18629267942106,189.97195868634552,800.57,20.779362880359272,35000.0,309062.75,5348.813514564577,1,540.0
1.0,solar,bus_110,solar_8406,34.59839890962632,-115.63407404110526,144.925698654725,381.67,20.52282248996236,35000.0,307217.75,13701.886610865902,1,540.0
3.0,solar,bus_110,solar_8422,36.00605239491482,-118.878177963,478.22623306199074,1534.09,18.4643785313685,15000.0,147581.83,4738.016111105843,0,540.0
1.0,solar,bus_110,solar_8772,34.59839890962632,-115.21991006236843,114.32139195911782,1262.43,20.827260532201606,15000.0,285082.16,4698.472227915261,1,540.0
3.0,solar,bus_110,solar_8801,36.00605239491482,-118.0330194901111,412.67348050014584,1920.94,21.38626932296118,15000.0,166064.89,3150.371663040237,0,540.0
1.0,solar,bus_110,solar_9164,34.6972619565,-115.91018336026316,172.2595830694779,1370.69,20.80076673898595,15000.0,228099.69,4582.887685702328,1,540.0
3.0,solar,bus_110,solar_9554,36.09263361175185,-118.73731821751852,471.742638817738,2675.24,19.246807189138497,35000.0,439531.4,4826.783703703703,0,540.0
2.0,solar,bus_110,solar_10302,35.94515037724483,-113.95913374314286,228.02731304189516,774.09,20.206921077184717,35000.0,88726.28,5257.520563974944,0,540.0
3.0,solar,bus_110,solar_11083,36.26579604542593,-118.1738792355926,439.4124626323294,562.63,21.704051587967797,15000.0,407670.75,4334.185178850601,0,540.0
2.0,solar,bus_110,solar_11821,36.07376059869655,-115.36118871457143,259.238432432268,1895.69,20.33245961018209,35000.0,267489.94,4568.217359904856,0,540.0
3.0,solar,bus_110,solar_11837,36.35237726226296,-118.5260285992963,470.8416969600232,3199.82,21.280843517492393,35000.0,657265.94,3555.5323979640634,0,540.0
2.0,solar,bus_110,solar_12188,36.07376059869655,-114.48490435742858,240.92371740605603,1034.83,19.649696670386444,35000.0,345709.78,6176.704732336498,0,540.0
3.0,solar,bus_110,solar_12223,36.35237726226296,-117.3287207627037,386.9939267108118,616.44,19.899699049838656,15000.0,431066.34,4162.50411039619,0,540.0
2.0,solar,bus_110,solar_12568,36.11663067251379,-114.74778966457143,248.53040740775756,907.88,19.391389919897858,35000.0,404530.84,7771.421293493865,0,540.0
3.0,solar,bus_110,solar_12591,36.35237726226296,-117.11743114448147,373.53726173614615,1283.28,20.986785155739607,35000.0,243376.78,5059.439440354808,0,540.0
2.0,solar,bus_110,solar_12954,36.159500746331034,-114.13439061457143,250.23918924460855,216.79,19.79746766913336,35000.0,467371.66,9295.096465069715,0,540.0
2.0,solar,bus_110,solar_12977,36.202370820148275,-114.923046536,260.9670745092153,422.82,19.98129969611502,35000.0,365625.44,4648.62371364967,0,540.0
2.0,solar,bus_110,solar_13734,36.28811096778276,-115.01067497171428,272.0711661142003,1435.71,20.022836093802365,35000.0,275067.38,4670.662091503268,0,540.0
2.0,solar,bus_110,solar_14502,36.3309810416,-114.923046536,274.9266893293065,1274.09,19.972700974607537,35000.0,392252.53,3317.1199651070892,0,540.0
1.0,wind,bus_111,wind_3840,32.91772711277368,-115.08185540278947,131.48305962922672,78.0,29.86654403472681,35000.0,257014.03,13494.356293888508,1,3370.0
1.0,wind,bus_111,wind_3841,32.91772711277368,-114.94380074321053,124.8795380447361,66.0,32.903536507098664,35000.0,317563.62,13922.127475281783,1,3370.0
3.0,wind,bus_111,wind_3867,34.18784684133704,-116.976571399,248.50152345168735,66.0,22.15517101019571,15000.0,550612.56,10357.109068159081,0,3370.0
3.0,wind,bus_111,wind_4614,34.274428058174074,-117.04700127174074,256.1792995061896,228.0,45.46469677479659,15000.0,542013.2,9597.691972840154,0,3370.0
3.0,wind,bus_111,wind_4625,34.361009275011114,-118.24430910833333,366.44320012255696,186.0,40.587012468578514,35000.0,411351.8,5539.314954486427,0,3370.0
1.0,wind,bus_111,wind_5738,33.01659015964737,-114.80574608363158,109.25484868604909,144.0,45.67545565294453,35000.0,185248.53,6033.371193415638,1,3370.0
3.0,wind,bus_111,wind_5759,34.534171708685186,-118.5260285992963,394.6938435585812,246.0,27.70681974270578,15000.0,579130.6,4889.942746873255,0,3370.0
3.0,wind,bus_111,wind_5762,34.534171708685186,-118.31473898107407,375.5947609640468,204.0,38.767218884089594,15000.0,378539.16,11720.692783303672,0,3370.0
1.0,wind,bus_111,wind_6124,33.11545320652105,-116.324347339,207.07404015026952,60.0,52.26981609860366,35000.0,376899.84,13854.580762104344,1,3370.0
2.0,wind,bus_111,wind_6862,35.173489048534485,-114.48490435742858,142.118244239439,42.0,49.37766374099247,35000.0,362114.1,5022.801101628039,0,3370.0
2.0,wind,bus_111,wind_6864,35.173489048534485,-114.309647486,141.1199747577582,252.0,39.248624139220354,35000.0,454195.8,4487.393906682622,0,3370.0
2.0,wind,bus_111,wind_8004,35.216359122351726,-115.01067497171428,159.69891139048812,222.0,57.02361614208024,15000.0,347759.25,3906.8795749374895,0,3370.0
1.0,wind,bus_111,wind_8011,33.31317930026842,-115.63407404110526,139.85306033350446,228.0,17.733234099813693,15000.0,124354.65,5979.508496701373,1,3370.0
1.0,wind,bus_111,wind_8026,33.31317930026842,-113.701308807,86.06390428233755,126.0,33.18933618191138,35000.0,307217.75,13701.886610865902,1,3370.0
1.0,wind,bus_111,wind_8770,33.412042347142105,-113.9774181261579,62.407600856248735,276.0,40.85052500898017,35000.0,139822.95,4952.446145236453,1,3370.0
1.0,wind,bus_111,wind_8775,33.51090539401579,-116.0482380198421,167.42548156352856,108.0,31.262503103984557,15000.0,240732.22,5543.147302292982,1,3370.0
2.0,wind,bus_111,wind_9542,35.25922919616897,-113.43336312885715,170.311972381362,228.0,40.26782429171251,15000.0,206109.4,3636.3574772151674,0,3370.0
1.0,wind,bus_111,wind_9546,33.609768440889475,-116.18629267942106,177.32929436508215,258.0,31.322704717256308,35000.0,228112.95,6730.409007429606,1,3370.0
1.0,wind,bus_111,wind_9926,33.609768440889475,-115.7721287006842,139.8801857457927,288.0,29.121414121724055,35000.0,177124.89,5342.027528675423,1,3370.0
3.0,wind,bus_111,wind_10314,34.96707779287037,-118.38516885381482,392.7067823984812,246.0,41.28737036872091,15000.0,469507.75,3910.4721550060904,0,3370.0
3.0,wind,bus_111,wind_11080,35.05365900970741,-117.82172987188889,347.06038936082786,240.0,29.83449048851381,15000.0,473568.0,3140.1317006028785,0,3370.0
3.0,wind,bus_111,wind_11451,35.05365900970741,-117.39915063544444,311.38050842039684,216.0,31.922420034212657,35000.0,286184.66,5037.468664619892,0,3370.0
3.0,wind,bus_111,wind_11462,35.14024022654445,-118.59645847203703,416.7730475601529,72.0,30.90716157998361,15000.0,421182.88,4246.732688971792,0,3370.0
2.0,wind,bus_111,wind_12200,35.47357956525517,-115.44881715028572,203.6049344565035,282.0,35.868914710440556,35000.0,368521.7,3513.425303677313,0,3370.0
3.0,wind,bus_111,wind_12222,35.22682144338148,-118.80774809025925,438.0202549198027,180.0,7.294763642570183,15000.0,448000.2,4639.573607492375,0,3370.0
2.0,wind,bus_111,wind_13347,35.602189786706894,-115.36118871457143,212.1750267876321,240.0,31.74171522120349,35000.0,271069.88,4934.397613384755,0,3370.0
2.0,wind,bus_111,wind_13355,35.602189786706894,-114.66016122885715,191.6151547984754,258.0,46.71920613088312,35000.0,318633.25,4238.3168759567225,0,3370.0
2.0,wind,bus_111,wind_13719,35.602189786706894,-113.696248436,196.7072800760704,270.0,49.6009464184887,15000.0,369154.3,5210.298750561249,0,3370.0
2.0,wind,bus_111,wind_13723,35.602189786706894,-113.34573469314286,207.98442515183032,282.0,46.93785294623239,35000.0,342503.72,4586.018234119997,0,3370.0
2.0,wind,bus_111,wind_14115,35.645059860524135,-113.60862000028573,203.62451670093603,102.0,44.604152879739,35000.0,319696.4,5301.523045267489,0,3370.0
1.0,solar,bus_111,solar_1180,33.609768440889475,-113.9774181261579,44.370388849516985,119.51,20.66093307534744,35000.0,415575.4,10881.386489607035,1,540.0
1.0,solar,bus_111,solar_1938,33.70863148776316,-115.91018336026316,150.25174117260198,413.56,21.006451738438415,35000.0,136194.78,5589.921430933224,1,540.0
1.0,solar,bus_111,solar_2696,33.70863148776316,-114.5296367644737,30.324771124318907,975.34,20.23556579392014,15000.0,326046.84,5842.262500000001,1,540.0
3.0,solar,bus_111,solar_3481,35.31340266021852,-117.54001038092592,335.2513077409353,235.46,20.98557988500825,15000.0,1450488.9,9015.091456745968,0,540.0
3.0,solar,bus_111,solar_3865,35.399983877055554,-117.89215974462962,368.13996588663935,555.68,20.956046218629005,15000.0,748010.2,8326.904253604604,0,540.0
1.0,solar,bus_111,solar_4974,33.90635758151053,-114.39158210489474,8.351594683878629,725.49,20.566563256377396,15000.0,151662.47,5015.97306034038,1,540.0
3.0,solar,bus_111,solar_5002,35.57314631072963,-117.75129999914815,365.7796028688084,321.51,20.805657171461945,15000.0,610527.6,14019.768686868687,0,540.0
2.0,solar,bus_111,solar_6866,35.773670081975865,-113.082849386,235.71764836935895,1975.87,20.3644778352278,15000.0,163287.61,3303.7093581362155,0,540.0
2.0,solar,bus_111,solar_6870,35.816540155793106,-115.27356027885715,230.38779241730532,511.49,20.3885561933549,15000.0,191078.33,4340.889018140537,0,540.0
1.0,solar,bus_111,solar_6877,34.20294672213158,-114.39158210489474,34.22855041970618,243.36,20.323107440582152,35000.0,248843.27,14732.03952695499,1,540.0
1.0,solar,bus_111,solar_7637,34.40067281587895,-116.0482380198421,169.972666234143,115.64,20.97164538263398,15000.0,329703.16,8637.77394621809,1,540.0
1.0,solar,bus_111,solar_8402,34.59839890962632,-116.18629267942106,189.67217574703065,800.57,20.779362880359272,35000.0,309062.75,5348.813514564577,1,540.0
1.0,solar,bus_111,solar_8406,34.59839890962632,-115.63407404110526,144.7902158244795,381.67,20.52282248996236,35000.0,307217.75,13701.886610865902,1,540.0
3.0,solar,bus_111,solar_8422,36.00605239491482,-118.878177963,478.05214669330707,1534.09,18.4643785313685,15000.0,147581.83,4738.016111105843,0,540.0
1.0,solar,bus_111,solar_8772,34.59839890962632,-115.21991006236843,114.39575063479847,1262.43,20.827260532201606,15000.0,285082.16,4698.472227915261,1,540.0
3.0,solar,bus_111,solar_8801,36.00605239491482,-118.0330194901111,412.60318810550655,1920.94,21.38626932296118,15000.0,166064.89,3150.371663040237,0,540.0
1.0,solar,bus_111,solar_9164,34.6972619565,-115.91018336026316,172.09759867266555,1370.69,20.80076673898595,15000.0,228099.69,4582.887685702328,1,540.0
3.0,solar,bus_111,solar_9554,36.09263361175185,-118.73731821751852,471.6050018189021,2675.24,19.246807189138497,35000.0,439531.4,4826.783703703703,0,540.0
2.0,solar,bus_111,solar_10302,35.94515037724483,-113.95913374314286,229.0539729005822,774.09,20.206921077184717,35000.0,88726.28,5257.520563974944,0,540.0
3.0,solar,bus_111,solar_11083,36.26579604542593,-118.1738792355926,439.3891542910447,562.63,21.704051587967797,15000.0,407670.75,4334.185178850601,0,540.0
2.0,solar,bus_111,solar_11821,36.07376059869655,-115.36118871457143,259.83010325813063,1895.69,20.33245961018209,35000.0,267489.94,4568.217359904856,0,540.0
3.0,solar,bus_111,solar_11837,36.35237726226296,-118.5260285992963,470.7918124923869,3199.82,21.280843517492393,35000.0,657265.94,3555.5323979640634,0,540.0
2.0,solar,bus_111,solar_12188,36.07376059869655,-114.48490435742858,241.80359489398495,1034.83,19.649696670386444,35000.0,345709.78,6176.704732336498,0,540.0
3.0,solar,bus_111,solar_12223,36.35237726226296,-117.3287207627037,387.1322516070794,616.44,19.899699049838656,15000.0,431066.34,4162.50411039619,0,540.0
2.0,solar,bus_111,solar_12568,36.11663067251379,-114.74778966457143,249.33035787866163,907.88,19.391389919897858,35000.0,404530.84,7771.421293493865,0,540.0
3.0,solar,bus_111,solar_12591,36.35237726226296,-117.11743114448147,373.7172829276939,1283.28,20.986785155739607,35000.0,243376.78,5059.439440354808,0,540.0
2.0,solar,bus_111,solar_12954,36.159500746331034,-114.13439061457143,251.2162469347617,216.79,19.79746766913336,35000.0,467371.66,9295.096465069715,0,540.0
2.0,solar,bus_111,solar_12977,36.202370820148275,-114.923046536,261.7182754984214,422.82,19.98129969611502,35000.0,365625.44,4648.62371364967,0,540.0
2.0,solar,bus_111,solar_13734,36.28811096778276,-115.01067497171428,272.8031390355368,1435.71,20.022836093802365,35000.0,275067.38,4670.662091503268,0,540.0
2.0,solar,bus_111,solar_14502,36.3309810416,-114.923046536,275.68859213551184,1274.09,19.972700974607537,35000.0,392252.53,3317.1199651070892,0,540.0
1.0,wind,bus_112,wind_3840,32.91772711277368,-115.08185540278947,131.46133142323393,78.0,29.86654403472681,35000.0,257014.03,13494.356293888508,1,3370.0
1.0,wind,bus_112,wind_3841,32.91772711277368,-114.94380074321053,124.97412303286184,66.0,32.903536507098664,35000.0,317563.62,13922.127475281783,1,3370.0
3.0,wind,bus_112,wind_3867,34.18784684133704,-116.976571399,247.27890687684223,66.0,22.15517101019571,15000.0,550612.56,10357.109068159081,0,3370.0
3.0,wind,bus_112,wind_4614,34.274428058174074,-117.04700127174074,254.93816396506472,228.0,45.46469677479659,15000.0,542013.2,9597.691972840154,0,3370.0
3.0,wind,bus_112,wind_4625,34.361009275011114,-118.24430910833333,365.2105405730424,186.0,40.587012468578514,35000.0,411351.8,5539.314954486427,0,3370.0
1.0,wind,bus_112,wind_5738,33.01659015964737,-114.80574608363158,109.42510134130325,144.0,45.67545565294453,35000.0,185248.53,6033.371193415638,1,3370.0
3.0,wind,bus_112,wind_5759,34.534171708685186,-118.5260285992963,393.4403983425355,246.0,27.70681974270578,15000.0,579130.6,4889.942746873255,0,3370.0
3.0,wind,bus_112,wind_5762,34.534171708685186,-118.31473898107407,374.3374328322537,204.0,38.767218884089594,15000.0,378539.16,11720.692783303672,0,3370.0
1.0,wind,bus_112,wind_6124,33.11545320652105,-116.324347339,206.3444220985583,60.0,52.26981609860366,35000.0,376899.84,13854.580762104344,1,3370.0
2.0,wind,bus_112,wind_6862,35.173489048534485,-114.48490435742858,141.27321010114474,42.0,49.37766374099247,35000.0,362114.1,5022.801101628039,0,3370.0
2.0,wind,bus_112,wind_6864,35.173489048534485,-114.309647486,140.39769687488962,252.0,39.248624139220354,35000.0,454195.8,4487.393906682622,0,3370.0
2.0,wind,bus_112,wind_8004,35.216359122351726,-115.01067497171428,158.58377012776202,222.0,57.02361614208024,15000.0,347759.25,3906.8795749374895,0,3370.0
1.0,wind,bus_112,wind_8011,33.31317930026842,-115.63407404110526,139.1885144973958,228.0,17.733234099813693,15000.0,124354.65,5979.508496701373,1,3370.0
1.0,wind,bus_112,wind_8026,33.31317930026842,-113.701308807,87.34805721052024,126.0,33.18933618191138,35000.0,307217.75,13701.886610865902,1,3370.0
1.0,wind,bus_112,wind_8770,33.412042347142105,-113.9774181261579,63.58826755605526,276.0,40.85052500898017,35000.0,139822.95,4952.446145236453,1,3370.0
1.0,wind,bus_112,wind_8775,33.51090539401579,-116.0482380198421,166.51406443556218,108.0,31.262503103984557,15000.0,240732.22,5543.147302292982,1,3370.0
2.0,wind,bus_112,wind_9542,35.25922919616897,-113.43336312885715,170.2028734366545,228.0,40.26782429171251,15000.0,206109.4,3636.3574772151674,0,3370.0
1.0,wind,bus_112,wind_9546,33.609768440889475,-116.18629267942106,176.34225750121507,258.0,31.322704717256308,35000.0,228112.95,6730.409007429606,1,3370.0
1.0,wind,bus_112,wind_9926,33.609768440889475,-115.7721287006842,138.943259867459,288.0,29.121414121724055,35000.0,177124.89,5342.027528675423,1,3370.0
3.0,wind,bus_112,wind_10314,34.96707779287037,-118.38516885381482,391.4023078004062,246.0,41.28737036872091,15000.0,469507.75,3910.4721550060904,0,3370.0
3.0,wind,bus_112,wind_11080,35.05365900970741,-117.82172987188889,345.7369672160878,240.0,29.83449048851381,15000.0,473568.0,3140.1317006028785,0,3370.0
3.0,wind,bus_112,wind_11451,35.05365900970741,-117.39915063544444,310.04827720824477,216.0,31.922420034212657,35000.0,286184.66,5037.468664619892,0,3370.0
3.0,wind,bus_112,wind_11462,35.14024022654445,-118.59645847203703,415.45912198139166,72.0,30.90716157998361,15000.0,421182.88,4246.732688971792,0,3370.0
2.0,wind,bus_112,wind_12200,35.47357956525517,-115.44881715028572,202.40748199601992,282.0,35.868914710440556,35000.0,368521.7,3513.425303677313,0,3370.0
3.0,wind,bus_112,wind_12222,35.22682144338148,-118.80774809025925,436.7042924034107,180.0,7.294763642570183,15000.0,448000.2,4639.573607492375,0,3370.0
2.0,wind,bus_112,wind_13347,35.602189786706894,-115.36118871457143,211.02111899392503,240.0,31.74171522120349,35000.0,271069.88,4934.397613384755,0,3370.0
2.0,wind,bus_112,wind_13355,35.602189786706894,-114.66016122885715,190.7154874359317,258.0,46.71920613088312,35000.0,318633.25,4238.3168759567225,0,3370.0
2.0,wind,bus_112,wind_13719,35.602189786706894,-113.696248436,196.33453207372065,270.0,49.6009464184887,15000.0,369154.3,5210.298750561249,0,3370.0
2.0,wind,bus_112,wind_13723,35.602189786706894,-113.34573469314286,207.8040483197987,282.0,46.93785294623239,35000.0,342503.72,4586.018234119997,0,3370.0
2.0,wind,bus_112,wind_14115,35.645059860524135,-113.60862000028573,203.29137914653663,102.0,44.604152879739,35000.0,319696.4,5301.523045267489,0,3370.0
1.0,solar,bus_112,solar_1180,33.609768440889475,-113.9774181261579,45.66889472107125,119.51,20.66093307534744,35000.0,415575.4,10881.386489607035,1,540.0
1.0,solar,bus_112,solar_1938,33.70863148776316,-115.91018336026316,149.23014311468648,413.56,21.006451738438415,35000.0,136194.78,5589.921430933224,1,540.0
1.0,solar,bus_112,solar_2696,33.70863148776316,-114.5296367644737,30.080007654372466,975.34,20.23556579392014,15000.0,326046.84,5842.262500000001,1,540.0
3.0,solar,bus_112,solar_3481,35.31340266021852,-117.54001038092592,333.91078168697925,235.46,20.98557988500825,15000.0,1450488.9,9015.091456745968,0,540.0
3.0,solar,bus_112,solar_3865,35.399983877055554,-117.89215974462962,366.8009730286509,555.68,20.956046218629005,15000.0,748010.2,8326.904253604604,0,540.0
1.0,solar,bus_112,solar_4974,33.90635758151053,-114.39158210489474,7.232116079516729,725.49,20.566563256377396,15000.0,151662.47,5015.97306034038,1,540.0
3.0,solar,bus_112,solar_5002,35.57314631072963,-117.75129999914815,364.4365113079374,321.51,20.805657171461945,15000.0,610527.6,14019.768686868687,0,540.0
2.0,solar,bus_112,solar_6866,35.773670081975865,-113.082849386,235.6126638132121,1975.87,20.3644778352278,15000.0,163287.61,3303.7093581362155,0,540.0
2.0,solar,bus_112,solar_6870,35.816540155793106,-115.27356027885715,229.29121636431697,511.49,20.3885561933549,15000.0,191078.33,4340.889018140537,0,540.0
1.0,solar,bus_112,solar_6877,34.20294672213158,-114.39158210489474,33.26686244465226,243.36,20.323107440582152,35000.0,248843.27,14732.03952695499,1,540.0
1.0,solar,bus_112,solar_7637,34.40067281587895,-116.0482380198421,168.6641161828241,115.64,20.97164538263398,15000.0,329703.16,8637.77394621809,1,540.0
1.0,solar,bus_112,solar_8402,34.59839890962632,-116.18629267942106,188.34174343629385,800.57,20.779362880359272,35000.0,309062.75,5348.813514564577,1,540.0
1.0,solar,bus_112,solar_8406,34.59839890962632,-115.63407404110526,143.4469282316907,381.67,20.52282248996236,35000.0,307217.75,13701.886610865902,1,540.0
3.0,solar,bus_112,solar_8422,36.00605239491482,-118.878177963,476.709584266164,1534.09,18.4643785313685,15000.0,147581.83,4738.016111105843,0,540.0
1.0,solar,bus_112,solar_8772,34.59839890962632,-115.21991006236843,113.07409838713755,1262.43,20.827260532201606,15000.0,285082.16,4698.472227915261,1,540.0
3.0,solar,bus_112,solar_8801,36.00605239491482,-118.0330194901111,411.2618815686776,1920.94,21.38626932296118,15000.0,166064.89,3150.371663040237,0,540.0
1.0,solar,bus_112,solar_9164,34.6972619565,-115.91018336026316,170.75459171705288,1370.69,20.80076673898595,15000.0,228099.69,4582.887685702328,1,540.0
3.0,solar,bus_112,solar_9554,36.09263361175185,-118.73731821751852,470.2617136688823,2675.24,19.246807189138497,35000.0,439531.4,4826.783703703703,0,540.0
2.0,solar,bus_112,solar_10302,35.94515037724483,-113.95913374314286,228.49556547603228,774.09,20.206921077184717,35000.0,88726.28,5257.520563974944,0,540.0
3.0,solar,bus_112,solar_11083,36.26579604542593,-118.1738792355926,438.05173319631746,562.63,21.704051587967797,15000.0,407670.75,4334.185178850601,0,540.0
2.0,solar,bus_112,solar_11821,36.07376059869655,-115.36118871457143,258.74514651855776,1895.69,20.33245961018209,35000.0,267489.94,4568.217359904856,0,540.0
3.0,solar,bus_112,solar_11837,36.35237726226296,-118.5260285992963,469.4519275581963,3199.82,21.280843517492393,35000.0,657265.94,3555.5323979640634,0,540.0
2.0,solar,bus_112,solar_12188,36.07376059869655,-114.48490435742858,241.00964263592869,1034.83,19.649696670386444,35000.0,345709.78,6176.704732336498,0,540.0
3.0,solar,bus_112,solar_12223,36.35237726226296,-117.3287207627037,385.82399843193343,616.44,19.899699049838656,15000.0,431066.34,4162.50411039619,0,540.0
2.0,solar,bus_112,solar_12568,36.11663067251379,-114.74778966457143,248.43870009856124,907.88,19.391389919897858,35000.0,404530.84,7771.421293493865,0,540.0
3.0,solar,bus_112,solar_12591,36.35237726226296,-117.11743114448147,372.4205607636954,1283.28,20.986785155739607,35000.0,243376.78,5059.439440354808,0,540.0
2.0,solar,bus_112,solar_12954,36.159500746331034,-114.13439061457143,250.5672384530886,216.79,19.79746766913336,35000.0,467371.66,9295.096465069715,0,540.0
2.0,solar,bus_112,solar_12977,36.202370820148275,-114.923046536,260.77421309554063,422.82,19.98129969611502,35000.0,365625.44,4648.62371364967,0,540.0
2.0,solar,bus_112,solar_13734,36.28811096778276,-115.01067497171428,271.8396513230521,1435.71,20.022836093802365,35000.0,275067.38,4670.662091503268,0,540.0
2.0,solar,bus_112,solar_14502,36.3309810416,-114.923046536,274.75539720637215,1274.09,19.972700974607537,35000.0,392252.53,3317.1199651070892,0,540.0
1.0,wind,bus_113,wind_3840,32.91772711277368,-115.08185540278947,176.3511416255242,78.0,29.86654403472681,35000.0,257014.03,13494.356293888508,1,3370.0
1.0,wind,bus_113,wind_3841,32.91772711277368,-114.94380074321053,171.32750344584775,66.0,32.903536507098664,35000.0,317563.62,13922.127475281783,1,3370.0
3.0,wind,bus_113,wind_3867,34.18784684133704,-116.976571399,248.9590644776204,66.0,22.15517101019571,15000.0,550612.56,10357.109068159081,0,3370.0
3.0,wind,bus_113,wind_4614,34.274428058174074,-117.04700127174074,254.76513962515352,228.0,45.46469677479659,15000.0,542013.2,9597.691972840154,0,3370.0
3.0,wind,bus_113,wind_4625,34.361009275011114,-118.24430910833333,364.3711713779773,186.0,40.587012468578514,35000.0,411351.8,5539.314954486427,0,3370.0
1.0,wind,bus_113,wind_5738,33.01659015964737,-114.80574608363158,156.6501023146345,144.0,45.67545565294453,35000.0,185248.53,6033.371193415638,1,3370.0
3.0,wind,bus_113,wind_5759,34.534171708685186,-118.5260285992963,390.3342901663566,246.0,27.70681974270578,15000.0,579130.6,4889.942746873255,0,3370.0
3.0,wind,bus_113,wind_5762,34.534171708685186,-118.31473898107407,370.98990905896335,204.0,38.767218884089594,15000.0,378539.16,11720.692783303672,0,3370.0
1.0,wind,bus_113,wind_6124,33.11545320652105,-116.324347339,234.298121004519,60.0,52.26981609860366,35000.0,376899.84,13854.580762104344,1,3370.0
2.0,wind,bus_113,wind_6862,35.173489048534485,-114.48490435742858,93.09438826403972,42.0,49.37766374099247,35000.0,362114.1,5022.801101628039,0,3370.0
2.0,wind,bus_113,wind_6864,35.173489048534485,-114.309647486,91.14791033399152,252.0,39.248624139220354,35000.0,454195.8,4487.393906682622,0,3370.0
2.0,wind,bus_113,wind_8004,35.216359122351726,-115.01067497171428,117.07549743286935,222.0,57.02361614208024,15000.0,347759.25,3906.8795749374895,0,3370.0
1.0,wind,bus_113,wind_8011,33.31317930026842,-115.63407404110526,170.78120452047497,228.0,17.733234099813693,15000.0,124354.65,5979.508496701373,1,3370.0
1.0,wind,bus_113,wind_8026,33.31317930026842,-113.701308807,127.30218960468734,126.0,33.18933618191138,35000.0,307217.75,13701.886610865902,1,3370.0
1.0,wind,bus_113,wind_8770,33.412042347142105,-113.9774181261579,108.30522525764115,276.0,40.85052500898017,35000.0,139822.95,4952.446145236453,1,3370.0
1.0,wind,bus_113,wind_8775,33.51090539401579,-116.0482380198421,188.59062979441927,108.0,31.262503103984557,15000.0,240732.22,5543.147302292982,1,3370.0
2.0,wind,bus_113,wind_9542,35.25922919616897,-113.43336312885715,126.58994831037616,228.0,40.26782429171251,15000.0,206109.4,3636.3574772151674,0,3370.0
1.0,wind,bus_113,wind_9546,33.609768440889475,-116.18629267942106,194.7293373646223,258.0,31.322704717256308,35000.0,228112.95,6730.409007429606,1,3370.0
1.0,wind,bus_113,wind_9926,33.609768440889475,-115.7721287006842,160.9868792507754,288.0,29.121414121724055,35000.0,177124.89,5342.027528675423,1,3370.0
3.0,wind,bus_113,wind_10314,34.96707779287037,-118.38516885381482,382.049441488542,246.0,41.28737036872091,15000.0,469507.75,3910.4721550060904,0,3370.0
3.0,wind,bus_113,wind_11080,35.05365900970741,-117.82172987188889,333.4258688736401,240.0,29.83449048851381,15000.0,473568.0,3140.1317006028785,0,3370.0
3.0,wind,bus_113,wind_11451,35.05365900970741,-117.39915063544444,296.00452901575346,216.0,31.922420034212657,35000.0,286184.66,5037.468664619892,0,3370.0
3.0,wind,bus_113,wind_11462,35.14024022654445,-118.59645847203703,404.38445260313114,72.0,30.90716157998361,15000.0,421182.88,4246.732688971792,0,3370.0
2.0,wind,bus_113,wind_12200,35.47357956525517,-115.44881715028572,164.16913686755956,282.0,35.868914710440556,35000.0,368521.7,3513.425303677313,0,3370.0
3.0,wind,bus_113,wind_12222,35.22682144338148,-118.80774809025925,425.1274542929269,180.0,7.294763642570183,15000.0,448000.2,4639.573607492375,0,3370.0
2.0,wind,bus_113,wind_13347,35.602189786706894,-115.36118871457143,170.45047033031727,240.0,31.74171522120349,35000.0,271069.88,4934.397613384755,0,3370.0
2.0,wind,bus_113,wind_13355,35.602189786706894,-114.66016122885715,143.1369566219632,258.0,46.71920613088312,35000.0,318633.25,4238.3168759567225,0,3370.0
2.0,wind,bus_113,wind_13719,35.602189786706894,-113.696248436,148.4302579694845,270.0,49.6009464184887,15000.0,369154.3,5210.298750561249,0,3370.0
2.0,wind,bus_113,wind_13723,35.602189786706894,-113.34573469314286,162.53250857504386,282.0,46.93785294623239,35000.0,342503.72,4586.018234119997,0,3370.0
2.0,wind,bus_113,wind_14115,35.645059860524135,-113.60862000028573,155.821571112677,102.0,44.604152879739,35000.0,319696.4,5301.523045267489,0,3370.0
1.0,solar,bus_113,solar_1180,33.609768440889475,-113.9774181261579,87.20443770892433,119.51,20.66093307534744,35000.0,415575.4,10881.386489607035,1,540.0
1.0,solar,bus_113,solar_1938,33.70863148776316,-115.91018336026316,166.9374372074768,413.56,21.006451738438415,35000.0,136194.78,5589.921430933224,1,540.0
1.0,solar,bus_113,solar_2696,33.70863148776316,-114.5296367644737,75.53999425480264,975.34,20.23556579392014,15000.0,326046.84,5842.262500000001,1,540.0
3.0,solar,bus_113,solar_3481,35.31340266021852,-117.54001038092592,316.5163644248821,235.46,20.98557988500825,15000.0,1450488.9,9015.091456745968,0,540.0
3.0,solar,bus_113,solar_3865,35.399983877055554,-117.89215974462962,349.855093611893,555.68,20.956046218629005,15000.0,748010.2,8326.904253604604,0,540.0
1.0,solar,bus_113,solar_4974,33.90635758151053,-114.39158210489474,50.956193707537736,725.49,20.566563256377396,15000.0,151662.47,5015.97306034038,1,540.0
3.0,solar,bus_113,solar_5002,35.57314631072963,-117.75129999914815,344.556867536991,321.51,20.805657171461945,15000.0,610527.6,14019.768686868687,0,540.0
2.0,solar,bus_113,solar_6866,35.773670081975865,-113.082849386,191.50564200727413,1975.87,20.3644778352278,15000.0,163287.61,3303.7093581362155,0,540.0
2.0,solar,bus_113,solar_6870,35.816540155793106,-115.27356027885715,186.2722093400112,511.49,20.3885561933549,15000.0,191078.33,4340.889018140537,0,540.0
1.0,solar,bus_113,solar_6877,34.20294672213158,-114.39158210489474,19.964537265939853,243.36,20.323107440582152,35000.0,248843.27,14732.03952695499,1,540.0
1.0,solar,bus_113,solar_7637,34.40067281587895,-116.0482380198421,162.84671851390155,115.64,20.97164538263398,15000.0,329703.16,8637.77394621809,1,540.0
1.0,solar,bus_113,solar_8402,34.59839890962632,-116.18629267942106,177.3165615862624,800.57,20.779362880359272,35000.0,309062.75,5348.813514564577,1,540.0
1.0,solar,bus_113,solar_8406,34.59839890962632,-115.63407404110526,127.53165223091978,381.67,20.52282248996236,35000.0,307217.75,13701.886610865902,1,540.0
3.0,solar,bus_113,solar_8422,36.00605239491482,-118.878177963,456.86103992324007,1534.09,18.4643785313685,15000.0,147581.83,4738.016111105843,0,540.0
1.0,solar,bus_113,solar_8772,34.59839890962632,-115.21991006236843,90.79832645110204,1262.43,20.827260532201606,15000.0,285082.16,4698.472227915261,1,540.0
3.0,solar,bus_113,solar_8801,36.00605239491482,-118.0330194901111,387.782242779299,1920.94,21.38626932296118,15000.0,166064.89,3150.371663040237,0,540.0
1.0,solar,bus_113,solar_9164,34.6972619565,-115.91018336026316,154.60658337853943,1370.69,20.80076673898595,15000.0,228099.69,4582.887685702328,1,540.0
3.0,solar,bus_113,solar_9554,36.09263361175185,-118.73731821751852,449.0320381783193,2675.24,19.246807189138497,35000.0,439531.4,4826.783703703703,0,540.0
2.0,solar,bus_113,solar_10302,35.94515037724483,-113.95913374314286,179.20725972899862,774.09,20.206921077184717,35000.0,88726.28,5257.520563974944,0,540.0
3.0,solar,bus_113,solar_11083,36.26579604542593,-118.1738792355926,412.6929917319597,562.63,21.704051587967797,15000.0,407670.75,4334.185178850601,0,540.0
2.0,solar,bus_113,solar_11821,36.07376059869655,-115.36118871457143,215.1692035509348,1895.69,20.33245961018209,35000.0,267489.94,4568.217359904856,0,540.0
3.0,solar,bus_113,solar_11837,36.35237726226296,-118.5260285992963,444.9250674113087,3199.82,21.280843517492393,35000.0,657265.94,3555.5323979640634,0,540.0
2.0,solar,bus_113,solar_12188,36.07376059869655,-114.48490435742858,192.1489766637785,1034.83,19.649696670386444,35000.0,345709.78,6176.704732336498,0,540.0
3.0,solar,bus_113,solar_12223,36.35237726226296,-117.3287207627037,355.0387463948448,616.44,19.899699049838656,15000.0,431066.34,4162.50411039619,0,540.0
2.0,solar,bus_113,solar_12568,36.11663067251379,-114.74778966457143,200.6195607187811,907.88,19.391389919897858,35000.0,404530.84,7771.421293493865,0,540.0
3.0,solar,bus_113,solar_12591,36.35237726226296,-117.11743114448147,340.30730293526534,1283.28,20.986785155739607,35000.0,243376.78,5059.439440354808,0,540.0
2.0,solar,bus_113,solar_12954,36.159500746331034,-114.13439061457143,201.13489858505343,216.79,19.79746766913336,35000.0,467371.66,9295.096465069715,0,540.0
2.0,solar,bus_113,solar_12977,36.202370820148275,-114.923046536,213.75913720049672,422.82,19.98129969611502,35000.0,365625.44,4648.62371364967,0,540.0
2.0,solar,bus_113,solar_13734,36.28811096778276,-115.01067497171428,225.15957433842672,1435.71,20.022836093802365,35000.0,275067.38,4670.662091503268,0,540.0
2.0,solar,bus_113,solar_14502,36.3309810416,-114.923046536,227.52901007854973,1274.09,19.972700974607537,35000.0,392252.53,3317.1199651070892,0,540.0
1.0,wind,bus_114,wind_3840,32.91772711277368,-115.08185540278947,98.60527024999496,78.0,29.86654403472681,35000.0,257014.03,13494.356293888508,1,3370.0
1.0,wind,bus_114,wind_3841,32.91772711277368,-114.94380074321053,96.24676412207567,66.0,32.903536507098664,35000.0,317563.62,13922.127475281783,1,3370.0
3.0,wind,bus_114,wind_3867,34.18784684133704,-116.976571399,204.0257815658915,66.0,22.15517101019571,15000.0,550612.56,10357.109068159081,0,3370.0
3.0,wind,bus_114,wind_4614,34.274428058174074,-117.04700127174074,212.55608987219304,228.0,45.46469677479659,15000.0,542013.2,9597.691972840154,0,3370.0
3.0,wind,bus_114,wind_4625,34.361009275011114,-118.24430910833333,322.0164124501167,186.0,40.587012468578514,35000.0,411351.8,5539.314954486427,0,3370.0
1.0,wind,bus_114,wind_5738,33.01659015964737,-114.80574608363158,84.57351311610674,144.0,45.67545565294453,35000.0,185248.53,6033.371193415638,1,3370.0
3.0,wind,bus_114,wind_5759,34.534171708685186,-118.5260285992963,351.2336057532643,246.0,27.70681974270578,15000.0,579130.6,4889.942746873255,0,3370.0
3.0,wind,bus_114,wind_5762,34.534171708685186,-118.31473898107407,332.3942976465744,204.0,38.767218884089594,15000.0,378539.16,11720.692783303672,0,3370.0
1.0,wind,bus_114,wind_6124,33.11545320652105,-116.324347339,157.78256033627892,60.0,52.26981609860366,35000.0,376899.84,13854.580762104344,1,3370.0
2.0,wind,bus_114,wind_6862,35.173489048534485,-114.48490435742858,158.2801011195834,42.0,49.37766374099247,35000.0,362114.1,5022.801101628039,0,3370.0
2.0,wind,bus_114,wind_6864,35.173489048534485,-114.309647486,162.16410762294916,252.0,39.248624139220354,35000.0,454195.8,4487.393906682622,0,3370.0
2.0,wind,bus_114,wind_8004,35.216359122351726,-115.01067497171428,160.991734013293,222.0,57.02361614208024,15000.0,347759.25,3906.8795749374895,0,3370.0
1.0,wind,bus_114,wind_8011,33.31317930026842,-115.63407404110526,91.40001418669932,228.0,17.733234099813693,15000.0,124354.65,5979.508496701373,1,3370.0
1.0,wind,bus_114,wind_8026,33.31317930026842,-113.701308807,115.790901027112,126.0,33.18933618191138,35000.0,307217.75,13701.886610865902,1,3370.0
1.0,wind,bus_114,wind_8770,33.412042347142105,-113.9774181261579,87.95919488070086,276.0,40.85052500898017,35000.0,139822.95,4952.446145236453,1,3370.0
1.0,wind,bus_114,wind_8775,33.51090539401579,-116.0482380198421,117.49361239242027,108.0,31.262503103984557,15000.0,240732.22,5543.147302292982,1,3370.0
2.0,wind,bus_114,wind_9542,35.25922919616897,-113.43336312885715,208.07790705590764,228.0,40.26782429171251,15000.0,206109.4,3636.3574772151674,0,3370.0
1.0,wind,bus_114,wind_9546,33.609768440889475,-116.18629267942106,127.77309947807048,258.0,31.322704717256308,35000.0,228112.95,6730.409007429606,1,3370.0
1.0,wind,bus_114,wind_9926,33.609768440889475,-115.7721287006842,90.03826831927144,288.0,29.121414121724055,35000.0,177124.89,5342.027528675423,1,3370.0
3.0,wind,bus_114,wind_10314,34.96707779287037,-118.38516885381482,352.9289399073301,246.0,41.28737036872091,15000.0,469507.75,3910.4721550060904,0,3370.0
3.0,wind,bus_114,wind_11080,35.05365900970741,-117.82172987188889,309.77451000166366,240.0,29.83449048851381,15000.0,473568.0,3140.1317006028785,0,3370.0
3.0,wind,bus_114,wind_11451,35.05365900970741,-117.39915063544444,275.8971348459005,216.0,31.922420034212657,35000.0,286184.66,5037.468664619892,0,3370.0
3.0,wind,bus_114,wind_11462,35.14024022654445,-118.59645847203703,377.9367632743978,72.0,30.90716157998361,15000.0,421182.88,4246.732688971792,0,3370.0
2.0,wind,bus_114,wind_12200,35.47357956525517,-115.44881715028572,197.2218712420761,282.0,35.868914710440556,35000.0,368521.7,3513.425303677313,0,3370.0
3.0,wind,bus_114,wind_12222,35.22682144338148,-118.80774809025925,399.36459081266565,180.0,7.294763642570183,15000.0,448000.2,4639.573607492375,0,3370.0
2.0,wind,bus_114,wind_13347,35.602189786706894,-115.36118871457143,208.88800646567765,240.0,31.74171522120349,35000.0,271069.88,4934.397613384755,0,3370.0
2.0,wind,bus_114,wind_13355,35.602189786706894,-114.66016122885715,203.46708271902955,258.0,46.71920613088312,35000.0,318633.25,4238.3168759567225,0,3370.0
2.0,wind,bus_114,wind_13719,35.602189786706894,-113.696248436,227.4598792078091,270.0,49.6009464184887,15000.0,369154.3,5210.298750561249,0,3370.0
2.0,wind,bus_114,wind_13723,35.602189786706894,-113.34573469314286,243.6146377337429,282.0,46.93785294623239,35000.0,342503.72,4586.018234119997,0,3370.0
2.0,wind,bus_114,wind_14115,35.645059860524135,-113.60862000028573,235.37009405502036,102.0,44.604152879739,35000.0,319696.4,5301.523045267489,0,3370.0
1.0,solar,bus_114,solar_1180,33.609768440889475,-113.9774181261579,80.1336375635268,119.51,20.66093307534744,35000.0,415575.4,10881.386489607035,1,540.0
1.0,solar,bus_114,solar_1938,33.70863148776316,-115.91018336026316,101.0962017655759,413.56,21.006451738438415,35000.0,136194.78,5589.921430933224,1,540.0
1.0,solar,bus_114,solar_2696,33.70863148776316,-114.5296367644737,27.898104665515852,975.34,20.23556579392014,15000.0,326046.84,5842.262500000001,1,540.0
3.0,solar,bus_114,solar_3481,35.31340266021852,-117.54001038092592,302.05384189817613,235.46,20.98557988500825,15000.0,1450488.9,9015.091456745968,0,540.0
3.0,solar,bus_114,solar_3865,35.399983877055554,-117.89215974462962,334.1266397026874,555.68,20.956046218629005,15000.0,748010.2,8326.904253604604,0,540.0
1.0,solar,bus_114,solar_4974,33.90635758151053,-114.39158210489474,42.08943093697304,725.49,20.566563256377396,15000.0,151662.47,5015.97306034038,1,540.0
3.0,solar,bus_114,solar_5002,35.57314631072963,-117.75129999914815,334.25072995972187,321.51,20.805657171461945,15000.0,610527.6,14019.768686868687,0,540.0
2.0,solar,bus_114,solar_6866,35.773670081975865,-113.082849386,272.86038427299525,1975.87,20.3644778352278,15000.0,163287.61,3303.7093581362155,0,540.0
2.0,solar,bus_114,solar_6870,35.816540155793106,-115.27356027885715,230.52813053841604,511.49,20.3885561933549,15000.0,191078.33,4340.889018140537,0,540.0
1.0,solar,bus_114,solar_6877,34.20294672213158,-114.39158210489474,61.65877060256912,243.36,20.323107440582152,35000.0,248843.27,14732.03952695499,1,540.0
1.0,solar,bus_114,solar_7637,34.40067281587895,-116.0482380198421,132.67406125532835,115.64,20.97164538263398,15000.0,329703.16,8637.77394621809,1,540.0
1.0,solar,bus_114,solar_8402,34.59839890962632,-116.18629267942106,155.3547857935789,800.57,20.779362880359272,35000.0,309062.75,5348.813514564577,1,540.0
1.0,solar,bus_114,solar_8406,34.59839890962632,-115.63407404110526,118.10261621096996,381.67,20.52282248996236,35000.0,307217.75,13701.886610865902,1,540.0
3.0,solar,bus_114,solar_8422,36.00605239491482,-118.878177963,445.3884354927048,1534.09,18.4643785313685,15000.0,147581.83,4738.016111105843,0,540.0
1.0,solar,bus_114,solar_8772,34.59839890962632,-115.21991006236843,98.4581480215481,1262.43,20.827260532201606,15000.0,285082.16,4698.472227915261,1,540.0
3.0,solar,bus_114,solar_8801,36.00605239491482,-118.0330194901111,383.7665219475213,1920.94,21.38626932296118,15000.0,166064.89,3150.371663040237,0,540.0
1.0,solar,bus_114,solar_9164,34.6972619565,-115.91018336026316,143.22567307036323,1370.69,20.80076673898595,15000.0,228099.69,4582.887685702328,1,540.0
3.0,solar,bus_114,solar_9554,36.09263361175185,-118.73731821751852,440.1794656692026,2675.24,19.246807189138497,35000.0,439531.4,4826.783703703703,0,540.0
2.0,solar,bus_114,solar_10302,35.94515037724483,-113.95913374314286,253.54434212190816,774.09,20.206921077184717,35000.0,88726.28,5257.520563974944,0,540.0
3.0,solar,bus_114,solar_11083,36.26579604542593,-118.1738792355926,412.08691950900186,562.63,21.704051587967797,15000.0,407670.75,4334.185178850601,0,540.0
2.0,solar,bus_114,solar_11821,36.07376059869655,-115.36118871457143,260.1010707468612,1895.69,20.33245961018209,35000.0,267489.94,4568.217359904856,0,540.0
3.0,solar,bus_114,solar_11837,36.35237726226296,-118.5260285992963,442.3988556584953,3199.82,21.280843517492393,35000.0,657265.94,3555.5323979640634,0,540.0
2.0,solar,bus_114,solar_12188,36.07376059869655,-114.48490435742858,257.19781347000765,1034.83,19.649696670386444,35000.0,345709.78,6176.704732336498,0,540.0
3.0,solar,bus_114,solar_12223,36.35237726226296,-117.3287207627037,366.2160521273197,616.44,19.899699049838656,15000.0,431066.34,4162.50411039619,0,540.0
2.0,solar,bus_114,solar_12568,36.11663067251379,-114.74778966457143,260.22849770675003,907.88,19.391389919897858,35000.0,404530.84,7771.421293493865,0,540.0
3.0,solar,bus_114,solar_12591,36.35237726226296,-117.11743114448147,354.55106187604173,1283.28,20.986785155739607,35000.0,243376.78,5059.439440354808,0,540.0
2.0,solar,bus_114,solar_12954,36.159500746331034,-114.13439061457143,272.1747450325602,216.79,19.79746766913336,35000.0,467371.66,9295.096465069715,0,540.0
2.0,solar,bus_114,solar_12977,36.202370820148275,-114.923046536,269.8429082741375,422.82,19.98129969611502,35000.0,365625.44,4648.62371364967,0,540.0
2.0,solar,bus_114,solar_13734,36.28811096778276,-115.01067497171428,279.7527209534698,1435.71,20.022836093802365,35000.0,275067.38,4670.662091503268,0,540.0
2.0,solar,bus_114,solar_14502,36.3309810416,-114.923046536,284.1352303971934,1274.09,19.972700974607537,35000.0,392252.53,3317.1199651070892,0,540.0
1.0,wind,bus_115,wind_3840,32.91772711277368,-115.08185540278947,69.37099242255293,78.0,29.86654403472681,35000.0,257014.03,13494.356293888508,1,3370.0
1.0,wind,bus_115,wind_3841,32.91772711277368,-114.94380074321053,74.62627575573765,66.0,32.903536507098664,35000.0,317563.62,13922.127475281783,1,3370.0
3.0,wind,bus_115,wind_3867,34.18784684133704,-116.976571399,169.94314615393333,66.0,22.15517101019571,15000.0,550612.56,10357.109068159081,0,3370.0
3.0,wind,bus_115,wind_4614,34.274428058174074,-117.04700127174074,180.0776745162065,228.0,45.46469677479659,15000.0,542013.2,9597.691972840154,0,3370.0
3.0,wind,bus_115,wind_4625,34.361009275011114,-118.24430910833333,285.20090183637393,186.0,40.587012468578514,35000.0,411351.8,5539.314954486427,0,3370.0
1.0,wind,bus_115,wind_5738,33.01659015964737,-114.80574608363158,73.04297235853984,144.0,45.67545565294453,35000.0,185248.53,6033.371193415638,1,3370.0
3.0,wind,bus_115,wind_5759,34.534171708685186,-118.5260285992963,315.9793964223037,246.0,27.70681974270578,15000.0,579130.6,4889.942746873255,0,3370.0
3.0,wind,bus_115,wind_5762,34.534171708685186,-118.31473898107407,297.9111051400758,204.0,38.767218884089594,15000.0,378539.16,11720.692783303672,0,3370.0
1.0,wind,bus_115,wind_6124,33.11545320652105,-116.324347339,102.14627494922595,60.0,52.26981609860366,35000.0,376899.84,13854.580762104344,1,3370.0
2.0,wind,bus_115,wind_6862,35.173489048534485,-114.48490435742858,200.9579220366802,42.0,49.37766374099247,35000.0,362114.1,5022.801101628039,0,3370.0
2.0,wind,bus_115,wind_6864,35.173489048534485,-114.309647486,207.69720590883784,252.0,39.248624139220354,35000.0,454195.8,4487.393906682622,0,3370.0
2.0,wind,bus_115,wind_8004,35.216359122351726,-115.01067497171428,192.4012651728704,222.0,57.02361614208024,15000.0,347759.25,3906.8795749374895,0,3370.0
1.0,wind,bus_115,wind_8011,33.31317930026842,-115.63407404110526,35.49318429092678,228.0,17.733234099813693,15000.0,124354.65,5979.508496701373,1,3370.0
1.0,wind,bus_115,wind_8026,33.31317930026842,-113.701308807,152.64479458496464,126.0,33.18933618191138,35000.0,307217.75,13701.886610865902,1,3370.0
1.0,wind,bus_115,wind_8770,33.412042347142105,-113.9774181261579,125.86537807656008,276.0,40.85052500898017,35000.0,139822.95,4952.446145236453,1,3370.0
1.0,wind,bus_115,wind_8775,33.51090539401579,-116.0482380198421,66.63874713781149,108.0,31.262503103984557,15000.0,240732.22,5543.147302292982,1,3370.0
2.0,wind,bus_115,wind_9542,35.25922919616897,-113.43336312885715,261.28251145795997,228.0,40.26782429171251,15000.0,206109.4,3636.3574772151674,0,3370.0
1.0,wind,bus_115,wind_9546,33.609768440889475,-116.18629267942106,80.22203128425039,258.0,31.322704717256308,35000.0,228112.95,6730.409007429606,1,3370.0
1.0,wind,bus_115,wind_9926,33.609768440889475,-115.7721287006842,42.60055868949744,288.0,29.121414121724055,35000.0,177124.89,5342.027528675423,1,3370.0
3.0,wind,bus_115,wind_10314,34.96707779287037,-118.38516885381482,324.4622574203369,246.0,41.28737036872091,15000.0,469507.75,3910.4721550060904,0,3370.0
3.0,wind,bus_115,wind_11080,35.05365900970741,-117.82172987188889,286.41309534192914,240.0,29.83449048851381,15000.0,473568.0,3140.1317006028785,0,3370.0
3.0,wind,bus_115,wind_11451,35.05365900970741,-117.39915063544444,256.4416381912108,216.0,31.922420034212657,35000.0,286184.66,5037.468664619892,0,3370.0
3.0,wind,bus_115,wind_11462,35.14024022654445,-118.59645847203703,350.71279938288023,72.0,30.90716157998361,15000.0,421182.88,4246.732688971792,0,3370.0
2.0,wind,bus_115,wind_12200,35.47357956525517,-115.44881715028572,219.03747692632095,282.0,35.868914710440556,35000.0,368521.7,3513.425303677313,0,3370.0
3.0,wind,bus_115,wind_12222,35.22682144338148,-118.80774809025925,372.15367773153577,180.0,7.294763642570183,15000.0,448000.2,4639.573607492375,0,3370.0
2.0,wind,bus_115,wind_13347,35.602189786706894,-115.36118871457143,233.08329317266097,240.0,31.74171522120349,35000.0,271069.88,4934.397613384755,0,3370.0
2.0,wind,bus_115,wind_13355,35.602189786706894,-114.66016122885715,240.9893030126357,258.0,46.71920613088312,35000.0,318633.25,4238.3168759567225,0,3370.0
2.0,wind,bus_115,wind_13719,35.602189786706894,-113.696248436,276.92015906428657,270.0,49.6009464184887,15000.0,369154.3,5210.298750561249,0,3370.0
2.0,wind,bus_115,wind_13723,35.602189786706894,-113.34573469314286,295.4897318776981,282.0,46.93785294623239,35000.0,342503.72,4586.018234119997,0,3370.0
2.0,wind,bus_115,wind_14115,35.645059860524135,-113.60862000028573,285.27296889738994,102.0,44.604152879739,35000.0,319696.4,5301.523045267489,0,3370.0
1.0,solar,bus_115,solar_1180,33.609768440889475,-113.9774181261579,125.81443110354144,119.51,20.66093307534744,35000.0,415575.4,10881.386489607035,1,540.0
1.0,solar,bus_115,solar_1938,33.70863148776316,-115.91018336026316,58.29704344145831,413.56,21.006451738438415,35000.0,136194.78,5589.921430933224,1,540.0
1.0,solar,bus_115,solar_2696,33.70863148776316,-114.5296367644737,77.4197906429099,975.34,20.23556579392014,15000.0,326046.84,5842.262500000001,1,540.0
3.0,solar,bus_115,solar_3481,35.31340266021852,-117.54001038092592,285.4729561115727,235.46,20.98557988500825,15000.0,1450488.9,9015.091456745968,0,540.0
3.0,solar,bus_115,solar_3865,35.399983877055554,-117.89215974462962,315.49987360681337,555.68,20.956046218629005,15000.0,748010.2,8326.904253604604,0,540.0
1.0,solar,bus_115,solar_4974,33.90635758151053,-114.39158210489474,97.5051170126158,725.49,20.566563256377396,15000.0,151662.47,5015.97306034038,1,540.0
3.0,solar,bus_115,solar_5002,35.57314631072963,-117.75129999914815,319.39804732662645,321.51,20.805657171461945,15000.0,610527.6,14019.768686868687,0,540.0
2.0,solar,bus_115,solar_6866,35.773670081975865,-113.082849386,325.26967746668254,1975.87,20.3644778352278,15000.0,163287.61,3303.7093581362155,0,540.0
2.0,solar,bus_115,solar_6870,35.816540155793106,-115.27356027885715,256.9508549899795,511.49,20.3885561933549,15000.0,191078.33,4340.889018140537,0,540.0
1.0,solar,bus_115,solar_6877,34.20294672213158,-114.39158210489474,116.20534020228334,243.36,20.323107440582152,35000.0,248843.27,14732.03952695499,1,540.0
1.0,solar,bus_115,solar_7637,34.40067281587895,-116.0482380198421,119.52928252853336,115.64,20.97164538263398,15000.0,329703.16,8637.77394621809,1,540.0
1.0,solar,bus_115,solar_8402,34.59839890962632,-116.18629267942106,144.84429686039812,800.57,20.779362880359272,35000.0,309062.75,5348.813514564577,1,540.0
1.0,solar,bus_115,solar_8406,34.59839890962632,-115.63407404110526,124.64774132316904,381.67,20.52282248996236,35000.0,307217.75,13701.886610865902,1,540.0
3.0,solar,bus_115,solar_8422,36.00605239491482,-118.878177963,426.9873885376007,1534.09,18.4643785313685,15000.0,147581.83,4738.016111105843,0,540.0
1.0,solar,bus_115,solar_8772,34.59839890962632,-115.21991006236843,121.86776342753924,1262.43,20.827260532201606,15000.0,285082.16,4698.472227915261,1,540.0
3.0,solar,bus_115,solar_8801,36.00605239491482,-118.0330194901111,371.8088901001965,1920.94,21.38626932296118,15000.0,166064.89,3150.371663040237,0,540.0
1.0,solar,bus_115,solar_9164,34.6972619565,-115.91018336026316,142.8254909419477,1370.69,20.80076673898595,15000.0,228099.69,4582.887685702328,1,540.0
3.0,solar,bus_115,solar_9554,36.09263361175185,-118.73731821751852,423.6573789009149,2675.24,19.246807189138497,35000.0,439531.4,4826.783703703703,0,540.0
2.0,solar,bus_115,solar_10302,35.94515037724483,-113.95913374314286,298.7113260021757,774.09,20.206921077184717,35000.0,88726.28,5257.520563974944,0,540.0
3.0,solar,bus_115,solar_11083,36.26579604542593,-118.1738792355926,401.7876606537549,562.63,21.704051587967797,15000.0,407670.75,4334.185178850601,0,540.0
2.0,solar,bus_115,solar_11821,36.07376059869655,-115.36118871457143,285.51617398371826,1895.69,20.33245961018209,35000.0,267489.94,4568.217359904856,0,540.0
3.0,solar,bus_115,solar_11837,36.35237726226296,-118.5260285992963,430.1506022055292,3199.82,21.280843517492393,35000.0,657265.94,3555.5323979640634,0,540.0
2.0,solar,bus_115,solar_12188,36.07376059869655,-114.48490435742858,295.73197686642385,1034.83,19.649696670386444,35000.0,345709.78,6176.704732336498,0,540.0
3.0,solar,bus_115,solar_12223,36.35237726226296,-117.3287207627037,365.18566576093326,616.44,19.899699049838656,15000.0,431066.34,4162.50411039619,0,540.0
2.0,solar,bus_115,solar_12568,36.11663067251379,-114.74778966457143,295.0847920785103,907.88,19.391389919897858,35000.0,404530.84,7771.421293493865,0,540.0
3.0,solar,bus_115,solar_12591,36.35237726226296,-117.11743114448147,355.969230149505,1283.28,20.986785155739607,35000.0,243376.78,5059.439440354808,0,540.0
2.0,solar,bus_115,solar_12954,36.159500746331034,-114.13439061457143,314.5456183394723,216.79,19.79746766913336,35000.0,467371.66,9295.096465069715,0,540.0
2.0,solar,bus_115,solar_12977,36.202370820148275,-114.923046536,302.08670243875036,422.82,19.98129969611502,35000.0,365625.44,4648.62371364967,0,540.0
2.0,solar,bus_115,solar_13734,36.28811096778276,-115.01067497171428,310.69917709373846,1435.71,20.022836093802365,35000.0,275067.38,4670.662091503268,0,540.0
2.0,solar,bus_115,solar_14502,36.3309810416,-114.923046536,316.28073686768624,1274.09,19.972700974607537,35000.0,392252.53,3317.1199651070892,0,540.0
1.0,wind,bus_116,wind_3840,32.91772711277368,-115.08185540278947,85.58978992517386,78.0,29.86654403472681,35000.0,257014.03,13494.356293888508,1,3370.0
1.0,wind,bus_116,wind_3841,32.91772711277368,-114.94380074321053,89.78225033975976,66.0,32.903536507098664,35000.0,317563.62,13922.127475281783,1,3370.0
3.0,wind,bus_116,wind_3867,34.18784684133704,-116.976571399,163.59343358192095,66.0,22.15517101019571,15000.0,550612.56,10357.109068159081,0,3370.0
3.0,wind,bus_116,wind_4614,34.274428058174074,-117.04700127174074,173.16125901880596,228.0,45.46469677479659,15000.0,542013.2,9597.691972840154,0,3370.0
3.0,wind,bus_116,wind_4625,34.361009275011114,-118.24430910833333,280.4483598182647,186.0,40.587012468578514,35000.0,411351.8,5539.314954486427,0,3370.0
1.0,wind,bus_116,wind_5738,33.01659015964737,-114.80574608363158,86.1770076293482,144.0,45.67545565294453,35000.0,185248.53,6033.371193415638,1,3370.0
3.0,wind,bus_116,wind_5759,34.534171708685186,-118.5260285992963,310.65214888799755,246.0,27.70681974270578,15000.0,579130.6,4889.942746873255,0,3370.0
3.0,wind,bus_116,wind_5762,34.534171708685186,-118.31473898107407,292.237237160438,204.0,38.767218884089594,15000.0,378539.16,11720.692783303672,0,3370.0
1.0,wind,bus_116,wind_6124,33.11545320652105,-116.324347339,111.1610747405942,60.0,52.26981609860366,35000.0,376899.84,13854.580762104344,1,3370.0
2.0,wind,bus_116,wind_6862,35.173489048534485,-114.48490435742858,184.8397818189707,42.0,49.37766374099247,35000.0,362114.1,5022.801101628039,0,3370.0
2.0,wind,bus_116,wind_6864,35.173489048534485,-114.309647486,192.06733918754065,252.0,39.248624139220354,35000.0,454195.8,4487.393906682622,0,3370.0
2.0,wind,bus_116,wind_8004,35.216359122351726,-115.01067497171428,175.27093868458857,222.0,57.02361614208024,15000.0,347759.25,3906.8795749374895,0,3370.0
1.0,wind,bus_116,wind_8011,33.31317930026842,-115.63407404110526,48.3604593431578,228.0,17.733234099813693,15000.0,124354.65,5979.508496701373,1,3370.0
1.0,wind,bus_116,wind_8026,33.31317930026842,-113.701308807,155.1098229648156,126.0,33.18933618191138,35000.0,307217.75,13701.886610865902,1,3370.0
1.0,wind,bus_116,wind_8770,33.412042347142105,-113.9774181261579,127.57427222323416,276.0,40.85052500898017,35000.0,139822.95,4952.446145236453,1,3370.0
1.0,wind,bus_116,wind_8775,33.51090539401579,-116.0482380198421,69.39738144696052,108.0,31.262503103984557,15000.0,240732.22,5543.147302292982,1,3370.0
2.0,wind,bus_116,wind_9542,35.25922919616897,-113.43336312885715,248.0494532633704,228.0,40.26782429171251,15000.0,206109.4,3636.3574772151674,0,3370.0
1.0,wind,bus_116,wind_9546,33.609768440889475,-116.18629267942106,80.30451656415372,258.0,31.322704717256308,35000.0,228112.95,6730.409007429606,1,3370.0
1.0,wind,bus_116,wind_9926,33.609768440889475,-115.7721287006842,42.14668800049124,288.0,29.121414121724055,35000.0,177124.89,5342.027528675423,1,3370.0
3.0,wind,bus_116,wind_10314,34.96707779287037,-118.38516885381482,316.65620322337384,246.0,41.28737036872091,15000.0,469507.75,3910.4721550060904,0,3370.0
3.0,wind,bus_116,wind_11080,35.05365900970741,-117.82172987188889,276.8819735190902,240.0,29.83449048851381,15000.0,473568.0,3140.1317006028785,0,3370.0
3.0,wind,bus_116,wind_11451,35.05365900970741,-117.39915063544444,245.68856906753777,216.0,31.922420034212657,35000.0,286184.66,5037.468664619892,0,3370.0
3.0,wind,bus_116,wind_11462,35.14024022654445,-118.59645847203703,342.5500442486396,72.0,30.90716157998361,15000.0,421182.88,4246.732688971792,0,3370.0
2.0,wind,bus_116,wind_12200,35.47357956525517,-115.44881715028572,201.88531989654868,282.0,35.868914710440556,35000.0,368521.7,3513.425303677313,0,3370.0
3.0,wind,bus_116,wind_12222,35.22682144338148,-118.80774809025925,364.0269519127785,180.0,7.294763642570183,15000.0,448000.2,4639.573607492375,0,3370.0
2.0,wind,bus_116,wind_13347,35.602189786706894,-115.36118871457143,215.87820173283555,240.0,31.74171522120349,35000.0,271069.88,4934.397613384755,0,3370.0
2.0,wind,bus_116,wind_13355,35.602189786706894,-114.66016122885715,224.15491373412772,258.0,46.71920613088312,35000.0,318633.25,4238.3168759567225,0,3370.0
2.0,wind,bus_116,wind_13719,35.602189786706894,-113.696248436,262.07645570245404,270.0,49.6009464184887,15000.0,369154.3,5210.298750561249,0,3370.0
2.0,wind,bus_116,wind_13723,35.602189786706894,-113.34573469314286,281.5040120788676,282.0,46.93785294623239,35000.0,342503.72,4586.018234119997,0,3370.0
2.0,wind,bus_116,wind_14115,35.645059860524135,-113.60862000028573,270.55322947450946,102.0,44.604152879739,35000.0,319696.4,5301.523045267489,0,3370.0
1.0,solar,bus_116,solar_1180,33.609768440889475,-113.9774181261579,124.52192335989562,119.51,20.66093307534744,35000.0,415575.4,10881.386489607035,1,540.0
1.0,solar,bus_116,solar_1938,33.70863148776316,-115.91018336026316,54.76535726232608,413.56,21.006451738438415,35000.0,136194.78,5589.921430933224,1,540.0
1.0,solar,bus_116,solar_2696,33.70863148776316,-114.5296367644737,73.417429954901,975.34,20.23556579392014,15000.0,326046.84,5842.262500000001,1,540.0
3.0,solar,bus_116,solar_3481,35.31340266021852,-117.54001038092592,274.06322617382654,235.46,20.98557988500825,15000.0,1450488.9,9015.091456745968,0,540.0
3.0,solar,bus_116,solar_3865,35.399983877055554,-117.89215974462962,304.7102801955195,555.68,20.956046218629005,15000.0,748010.2,8326.904253604604,0,540.0
1.0,solar,bus_116,solar_4974,33.90635758151053,-114.39158210489474,90.12806992541574,725.49,20.566563256377396,15000.0,151662.47,5015.97306034038,1,540.0
3.0,solar,bus_116,solar_5002,35.57314631072963,-117.75129999914815,307.6529523345629,321.51,20.805657171461945,15000.0,610527.6,14019.768686868687,0,540.0
2.0,solar,bus_116,solar_6866,35.773670081975865,-113.082849386,311.48128760461543,1975.87,20.3644778352278,15000.0,163287.61,3303.7093581362155,0,540.0
2.0,solar,bus_116,solar_6870,35.816540155793106,-115.27356027885715,239.72093630599676,511.49,20.3885561933549,15000.0,191078.33,4340.889018140537,0,540.0
1.0,solar,bus_116,solar_6877,34.20294672213158,-114.39158210489474,104.80598482599684,243.36,20.323107440582152,35000.0,248843.27,14732.03952695499,1,540.0
1.0,solar,bus_116,solar_7637,34.40067281587895,-116.0482380198421,106.086706192466,115.64,20.97164538263398,15000.0,329703.16,8637.77394621809,1,540.0
1.0,solar,bus_116,solar_8402,34.59839890962632,-116.18629267942106,131.1719167816413,800.57,20.779362880359272,35000.0,309062.75,5348.813514564577,1,540.0
1.0,solar,bus_116,solar_8406,34.59839890962632,-115.63407404110526,108.13899503572604,381.67,20.52282248996236,35000.0,307217.75,13701.886610865902,1,540.0
3.0,solar,bus_116,solar_8422,36.00605239491482,-118.878177963,416.3530249598431,1534.09,18.4643785313685,15000.0,147581.83,4738.016111105843,0,540.0
1.0,solar,bus_116,solar_8772,34.59839890962632,-115.21991006236843,104.64547487888144,1262.43,20.827260532201606,15000.0,285082.16,4698.472227915261,1,540.0
3.0,solar,bus_116,solar_8801,36.00605239491482,-118.0330194901111,359.49311479937813,1920.94,21.38626932296118,15000.0,166064.89,3150.371663040237,0,540.0
1.0,solar,bus_116,solar_9164,34.6972619565,-115.91018336026316,127.33115611102116,1370.69,20.80076673898595,15000.0,228099.69,4582.887685702328,1,540.0
3.0,solar,bus_116,solar_9554,36.09263361175185,-118.73731821751852,412.5292134070559,2675.24,19.246807189138497,35000.0,439531.4,4826.783703703703,0,540.0
2.0,solar,bus_116,solar_10302,35.94515037724483,-113.95913374314286,282.780147239353,774.09,20.206921077184717,35000.0,88726.28,5257.520563974944,0,540.0
3.0,solar,bus_116,solar_11083,36.26579604542593,-118.1738792355926,389.1514830535275,562.63,21.704051587967797,15000.0,407670.75,4334.185178850601,0,540.0
2.0,solar,bus_116,solar_11821,36.07376059869655,-115.36118871457143,268.3082360458733,1895.69,20.33245961018209,35000.0,267489.94,4568.217359904856,0,540.0
3.0,solar,bus_116,solar_11837,36.35237726226296,-118.5260285992963,417.9952602073433,3199.82,21.280843517492393,35000.0,657265.94,3555.5323979640634,0,540.0
2.0,solar,bus_116,solar_12188,36.07376059869655,-114.48490435742858,278.91418804437063,1034.83,19.649696670386444,35000.0,345709.78,6176.704732336498,0,540.0
3.0,solar,bus_116,solar_12223,36.35237726226296,-117.3287207627037,350.6825472173136,616.44,19.899699049838656,15000.0,431066.34,4162.50411039619,0,540.0
2.0,solar,bus_116,solar_12568,36.11663067251379,-114.74778966457143,278.0095984477859,907.88,19.391389919897858,35000.0,404530.84,7771.421293493865,0,540.0
3.0,solar,bus_116,solar_12591,36.35237726226296,-117.11743114448147,341.0489331575246,1283.28,20.986785155739607,35000.0,243376.78,5059.439440354808,0,540.0
2.0,solar,bus_116,solar_12954,36.159500746331034,-114.13439061457143,298.13811554373297,216.79,19.79746766913336,35000.0,467371.66,9295.096465069715,0,540.0
2.0,solar,bus_116,solar_12977,36.202370820148275,-114.923046536,284.9029694476604,422.82,19.98129969611502,35000.0,365625.44,4648.62371364967,0,540.0
2.0,solar,bus_116,solar_13734,36.28811096778276,-115.01067497171428,293.48306979353475,1435.71,20.022836093802365,35000.0,275067.38,4670.662091503268,0,540.0
2.0,solar,bus_116,solar_14502,36.3309810416,-114.923046536,299.0893731317366,1274.09,19.972700974607537,35000.0,392252.53,3317.1199651070892,0,540.0
1.0,wind,bus_117,wind_3840,32.91772711277368,-115.08185540278947,89.70541724608745,78.0,29.86654403472681,35000.0,257014.03,13494.356293888508,1,3370.0
1.0,wind,bus_117,wind_3841,32.91772711277368,-114.94380074321053,97.70619173328524,66.0,32.903536507098664,35000.0,317563.62,13922.127475281783,1,3370.0
3.0,wind,bus_117,wind_3867,34.18784684133704,-116.976571399,140.87120255464643,66.0,22.15517101019571,15000.0,550612.56,10357.109068159081,0,3370.0
3.0,wind,bus_117,wind_4614,34.274428058174074,-117.04700127174074,151.2527068610487,228.0,45.46469677479659,15000.0,542013.2,9597.691972840154,0,3370.0
3.0,wind,bus_117,wind_4625,34.361009275011114,-118.24430910833333,255.48730050509596,186.0,40.587012468578514,35000.0,411351.8,5539.314954486427,0,3370.0
1.0,wind,bus_117,wind_5738,33.01659015964737,-114.80574608363158,99.4092491659547,144.0,45.67545565294453,35000.0,185248.53,6033.371193415638,1,3370.0
3.0,wind,bus_117,wind_5759,34.534171708685186,-118.5260285992963,286.3771228520882,246.0,27.70681974270578,15000.0,579130.6,4889.942746873255,0,3370.0
3.0,wind,bus_117,wind_5762,34.534171708685186,-118.31473898107407,268.4116010935049,204.0,38.767218884089594,15000.0,378539.16,11720.692783303672,0,3370.0
1.0,wind,bus_117,wind_6124,33.11545320652105,-116.324347339,81.51760890649295,60.0,52.26981609860366,35000.0,376899.84,13854.580762104344,1,3370.0
2.0,wind,bus_117,wind_6862,35.173489048534485,-114.48490435742858,206.9681686558211,42.0,49.37766374099247,35000.0,362114.1,5022.801101628039,0,3370.0
2.0,wind,bus_117,wind_6864,35.173489048534485,-114.309647486,215.6536735389905,252.0,39.248624139220354,35000.0,454195.8,4487.393906682622,0,3370.0
2.0,wind,bus_117,wind_8004,35.216359122351726,-115.01067497171428,191.42352422148676,222.0,57.02361614208024,15000.0,347759.25,3906.8795749374895,0,3370.0
1.0,wind,bus_117,wind_8011,33.31317930026842,-115.63407404110526,29.145690869109703,228.0,17.733234099813693,15000.0,124354.65,5979.508496701373,1,3370.0
1.0,wind,bus_117,wind_8026,33.31317930026842,-113.701308807,182.2947362268687,126.0,33.18933618191138,35000.0,307217.75,13701.886610865902,1,3370.0
1.0,wind,bus_117,wind_8770,33.412042347142105,-113.9774181261579,155.30928677763,276.0,40.85052500898017,35000.0,139822.95,4952.446145236453,1,3370.0
1.0,wind,bus_117,wind_8775,33.51090539401579,-116.0482380198421,38.43110288074396,108.0,31.262503103984557,15000.0,240732.22,5543.147302292982,1,3370.0
2.0,wind,bus_117,wind_9542,35.25922919616897,-113.43336312885715,275.78236849928714,228.0,40.26782429171251,15000.0,206109.4,3636.3574772151674,0,3370.0
1.0,wind,bus_117,wind_9546,33.609768440889475,-116.18629267942106,50.670940302784885,258.0,31.322704717256308,35000.0,228112.95,6730.409007429606,1,3370.0
1.0,wind,bus_117,wind_9926,33.609768440889475,-115.7721287006842,12.755281810485622,288.0,29.121414121724055,35000.0,177124.89,5342.027528675423,1,3370.0
3.0,wind,bus_117,wind_10314,34.96707779287037,-118.38516885381482,295.8629104341848,246.0,41.28737036872091,15000.0,469507.75,3910.4721550060904,0,3370.0
3.0,wind,bus_117,wind_11080,35.05365900970741,-117.82172987188889,259.11122630996897,240.0,29.83449048851381,15000.0,473568.0,3140.1317006028785,0,3370.0
3.0,wind,bus_117,wind_11451,35.05365900970741,-117.39915063544444,230.43457106478544,216.0,31.922420034212657,35000.0,286184.66,5037.468664619892,0,3370.0
3.0,wind,bus_117,wind_11462,35.14024022654445,-118.59645847203703,322.3009430599776,72.0,30.90716157998361,15000.0,421182.88,4246.732688971792,0,3370.0
2.0,wind,bus_117,wind_12200,35.47357956525517,-115.44881715028572,211.8179131778373,282.0,35.868914710440556,35000.0,368521.7,3513.425303677313,0,3370.0
3.0,wind,bus_117,wind_12222,35.22682144338148,-118.80774809025925,343.70018195379515,180.0,7.294763642570183,15000.0,448000.2,4639.573607492375,0,3370.0
2.0,wind,bus_117,wind_13347,35.602189786706894,-115.36118871457143,226.8358165148323,240.0,31.74171522120349,35000.0,271069.88,4934.397613384755,0,3370.0
2.0,wind,bus_117,wind_13355,35.602189786706894,-114.66016122885715,242.60238891322703,258.0,46.71920613088312,35000.0,318633.25,4238.3168759567225,0,3370.0
2.0,wind,bus_117,wind_13719,35.602189786706894,-113.696248436,287.18804160927573,270.0,49.6009464184887,15000.0,369154.3,5210.298750561249,0,3370.0
2.0,wind,bus_117,wind_13723,35.602189786706894,-113.34573469314286,308.10004895095165,282.0,46.93785294623239,35000.0,342503.72,4586.018234119997,0,3370.0
2.0,wind,bus_117,wind_14115,35.645059860524135,-113.60862000028573,295.8876329748202,102.0,44.604152879739,35000.0,319696.4,5301.523045267489,0,3370.0
1.0,solar,bus_117,solar_1180,33.609768440889475,-113.9774181261579,154.11719488555175,119.51,20.66093307534744,35000.0,415575.4,10881.386489607035,1,540.0
1.0,solar,bus_117,solar_1938,33.70863148776316,-115.91018336026316,29.01466627936954,413.56,21.006451738438415,35000.0,136194.78,5589.921430933224,1,540.0
1.0,solar,bus_117,solar_2696,33.70863148776316,-114.5296367644737,103.92638528400516,975.34,20.23556579392014,15000.0,326046.84,5842.262500000001,1,540.0
3.0,solar,bus_117,solar_3481,35.31340266021852,-117.54001038092592,260.15277080564385,235.46,20.98557988500825,15000.0,1450488.9,9015.091456745968,0,540.0
3.0,solar,bus_117,solar_3865,35.399983877055554,-117.89215974462962,289.3717329134371,555.68,20.956046218629005,15000.0,748010.2,8326.904253604604,0,540.0
1.0,solar,bus_117,solar_4974,33.90635758151053,-114.39158210489474,121.23512852152174,725.49,20.566563256377396,15000.0,151662.47,5015.97306034038,1,540.0
3.0,solar,bus_117,solar_5002,35.57314631072963,-117.75129999914815,294.4172789129242,321.51,20.805657171461945,15000.0,610527.6,14019.768686868687,0,540.0
2.0,solar,bus_117,solar_6866,35.773670081975865,-113.082849386,338.3132482644865,1975.87,20.3644778352278,15000.0,163287.61,3303.7093581362155,0,540.0
2.0,solar,bus_117,solar_6870,35.816540155793106,-115.27356027885715,251.4727488694934,511.49,20.3885561933549,15000.0,191078.33,4340.889018140537,0,540.0
1.0,solar,bus_117,solar_6877,34.20294672213158,-114.39158210489474,134.7877076446645,243.36,20.323107440582152,35000.0,248843.27,14732.03952695499,1,540.0
1.0,solar,bus_117,solar_7637,34.40067281587895,-116.0482380198421,99.17381841091012,115.64,20.97164538263398,15000.0,329703.16,8637.77394621809,1,540.0
1.0,solar,bus_117,solar_8402,34.59839890962632,-116.18629267942106,124.3667779073064,800.57,20.779362880359272,35000.0,309062.75,5348.813514564577,1,540.0
1.0,solar,bus_117,solar_8406,34.59839890962632,-115.63407404110526,113.77259881334784,381.67,20.52282248996236,35000.0,307217.75,13701.886610865902,1,540.0
3.0,solar,bus_117,solar_8422,36.00605239491482,-118.878177963,400.52060461728774,1534.09,18.4643785313685,15000.0,147581.83,4738.016111105843,0,540.0
1.0,solar,bus_117,solar_8772,34.59839890962632,-115.21991006236843,120.19200587280324,1262.43,20.827260532201606,15000.0,285082.16,4698.472227915261,1,540.0
3.0,solar,bus_117,solar_8801,36.00605239491482,-118.0330194901111,347.50645608557335,1920.94,21.38626932296118,15000.0,166064.89,3150.371663040237,0,540.0
1.0,solar,bus_117,solar_9164,34.6972619565,-115.91018336026316,127.20323555617829,1370.69,20.80076673898595,15000.0,228099.69,4582.887685702328,1,540.0
3.0,solar,bus_117,solar_9554,36.09263361175185,-118.73731821751852,397.7333340781658,2675.24,19.246807189138497,35000.0,439531.4,4826.783703703703,0,540.0
2.0,solar,bus_117,solar_10302,35.94515037724483,-113.95913374314286,305.01770352499886,774.09,20.206921077184717,35000.0,88726.28,5257.520563974944,0,540.0
3.0,solar,bus_117,solar_11083,36.26579604542593,-118.1738792355926,377.9124429514847,562.63,21.704051587967797,15000.0,407670.75,4334.185178850601,0,540.0
2.0,solar,bus_117,solar_11821,36.07376059869655,-115.36118871457143,278.99317220233036,1895.69,20.33245961018209,35000.0,267489.94,4568.217359904856,0,540.0
3.0,solar,bus_117,solar_11837,36.35237726226296,-118.5260285992963,405.5217191341755,3199.82,21.280843517492393,35000.0,657265.94,3555.5323979640634,0,540.0
2.0,solar,bus_117,solar_12188,36.07376059869655,-114.48490435742858,297.17706319907984,1034.83,19.649696670386444,35000.0,345709.78,6176.704732336498,0,540.0
3.0,solar,bus_117,solar_12223,36.35237726226296,-117.3287207627037,344.97306551808424,616.44,19.899699049838656,15000.0,431066.34,4162.50411039619,0,540.0
2.0,solar,bus_117,solar_12568,36.11663067251379,-114.74778966457143,294.1020049833954,907.88,19.391389919897858,35000.0,404530.84,7771.421293493865,0,540.0
3.0,solar,bus_117,solar_12591,36.35237726226296,-117.11743114448147,336.8338705308598,1283.28,20.986785155739607,35000.0,243376.78,5059.439440354808,0,540.0
2.0,solar,bus_117,solar_12954,36.159500746331034,-114.13439061457143,318.519210301925,216.79,19.79746766913336,35000.0,467371.66,9295.096465069715,0,540.0
2.0,solar,bus_117,solar_12977,36.202370820148275,-114.923046536,299.3671471971855,422.82,19.98129969611502,35000.0,365625.44,4648.62371364967,0,540.0
2.0,solar,bus_117,solar_13734,36.28811096778276,-115.01067497171428,307.07656984112776,1435.71,20.022836093802365,35000.0,275067.38,4670.662091503268,0,540.0
2.0,solar,bus_117,solar_14502,36.3309810416,-114.923046536,313.32655769320075,1274.09,19.972700974607537,35000.0,392252.53,3317.1199651070892,0,540.0
1.0,wind,bus_118,wind_3840,32.91772711277368,-115.08185540278947,96.53323147428608,78.0,29.86654403472681,35000.0,257014.03,13494.356293888508,1,3370.0
1.0,wind,bus_118,wind_3841,32.91772711277368,-114.94380074321053,105.82418874383217,66.0,32.903536507098664,35000.0,317563.62,13922.127475281783,1,3370.0
3.0,wind,bus_118,wind_3867,34.18784684133704,-116.976571399,130.07123790483735,66.0,22.15517101019571,15000.0,550612.56,10357.109068159081,0,3370.0
3.0,wind,bus_118,wind_4614,34.274428058174074,-117.04700127174074,140.81948085292623,228.0,45.46469677479659,15000.0,542013.2,9597.691972840154,0,3370.0
3.0,wind,bus_118,wind_4625,34.361009275011114,-118.24430910833333,243.04132862701343,186.0,40.587012468578514,35000.0,411351.8,5539.314954486427,0,3370.0
1.0,wind,bus_118,wind_5738,33.01659015964737,-114.80574608363158,109.48722589627845,144.0,45.67545565294453,35000.0,185248.53,6033.371193415638,1,3370.0
3.0,wind,bus_118,wind_5759,34.534171708685186,-118.5260285992963,274.2195913269523,246.0,27.70681974270578,15000.0,579130.6,4889.942746873255,0,3370.0
3.0,wind,bus_118,wind_5762,34.534171708685186,-118.31473898107407,256.508266482044,204.0,38.767218884089594,15000.0,378539.16,11720.692783303672,0,3370.0
1.0,wind,bus_118,wind_6124,33.11545320652105,-116.324347339,68.18989769939893,60.0,52.26981609860366,35000.0,376899.84,13854.580762104344,1,3370.0
2.0,wind,bus_118,wind_6862,35.173489048534485,-114.48490435742858,217.6644867817547,42.0,49.37766374099247,35000.0,362114.1,5022.801101628039,0,3370.0
2.0,wind,bus_118,wind_6864,35.173489048534485,-114.309647486,226.9796282735565,252.0,39.248624139220354,35000.0,454195.8,4487.393906682622,0,3370.0
2.0,wind,bus_118,wind_8004,35.216359122351726,-115.01067497171428,199.50909206546993,222.0,57.02361614208024,15000.0,347759.25,3906.8795749374895,0,3370.0
1.0,wind,bus_118,wind_8011,33.31317930026842,-115.63407404110526,29.979181148474833,228.0,17.733234099813693,15000.0,124354.65,5979.508496701373,1,3370.0
1.0,wind,bus_118,wind_8026,33.31317930026842,-113.701308807,196.44256651655303,126.0,33.18933618191138,35000.0,307217.75,13701.886610865902,1,3370.0
1.0,wind,bus_118,wind_8770,33.412042347142105,-113.9774181261579,169.6736618833521,276.0,40.85052500898017,35000.0,139822.95,4952.446145236453,1,3370.0
1.0,wind,bus_118,wind_8775,33.51090539401579,-116.0482380198421,23.31603519784337,108.0,31.262503103984557,15000.0,240732.22,5543.147302292982,1,3370.0
2.0,wind,bus_118,wind_9542,35.25922919616897,-113.43336312885715,288.9405808715698,228.0,40.26782429171251,15000.0,206109.4,3636.3574772151674,0,3370.0
1.0,wind,bus_118,wind_9546,33.609768440889475,-116.18629267942106,36.51838463129821,258.0,31.322704717256308,35000.0,228112.95,6730.409007429606,1,3370.0
1.0,wind,bus_118,wind_9926,33.609768440889475,-115.7721287006842,7.698551326714688,288.0,29.121414121724055,35000.0,177124.89,5342.027528675423,1,3370.0
3.0,wind,bus_118,wind_10314,34.96707779287037,-118.38516885381482,285.4179008096416,246.0,41.28737036872091,15000.0,469507.75,3910.4721550060904,0,3370.0
3.0,wind,bus_118,wind_11080,35.05365900970741,-117.82172987188889,250.28898837001591,240.0,29.83449048851381,15000.0,473568.0,3140.1317006028785,0,3370.0
3.0,wind,bus_118,wind_11451,35.05365900970741,-117.39915063544444,223.0147727245908,216.0,31.922420034212657,35000.0,286184.66,5037.468664619892,0,3370.0
3.0,wind,bus_118,wind_11462,35.14024022654445,-118.59645847203703,312.0735752907705,72.0,30.90716157998361,15000.0,421182.88,4246.732688971792,0,3370.0
2.0,wind,bus_118,wind_12200,35.47357956525517,-115.44881715028572,216.8994931337652,282.0,35.868914710440556,35000.0,368521.7,3513.425303677313,0,3370.0
3.0,wind,bus_118,wind_12222,35.22682144338148,-118.80774809025925,333.39710004260365,180.0,7.294763642570183,15000.0,448000.2,4639.573607492375,0,3370.0
2.0,wind,bus_118,wind_13347,35.602189786706894,-115.36118871457143,232.30028647052205,240.0,31.74171522120349,35000.0,271069.88,4934.397613384755,0,3370.0
2.0,wind,bus_118,wind_13355,35.602189786706894,-114.66016122885715,251.47065264245575,258.0,46.71920613088312,35000.0,318633.25,4238.3168759567225,0,3370.0
2.0,wind,bus_118,wind_13719,35.602189786706894,-113.696248436,299.06193149059214,270.0,49.6009464184887,15000.0,369154.3,5210.298750561249,0,3370.0
2.0,wind,bus_118,wind_13723,35.602189786706894,-113.34573469314286,320.6649252362059,282.0,46.93785294623239,35000.0,342503.72,4586.018234119997,0,3370.0
2.0,wind,bus_118,wind_14115,35.645059860524135,-113.60862000028573,307.855313581626,102.0,44.604152879739,35000.0,319696.4,5301.523045267489,0,3370.0
1.0,solar,bus_118,solar_1180,33.609768440889475,-113.9774181261579,168.9955669330255,119.51,20.66093307534744,35000.0,415575.4,10881.386489607035,1,540.0
1.0,solar,bus_118,solar_1938,33.70863148776316,-115.91018336026316,20.90731457496012,413.56,21.006451738438415,35000.0,136194.78,5589.921430933224,1,540.0
1.0,solar,bus_118,solar_2696,33.70863148776316,-114.5296367644737,119.022597581925,975.34,20.23556579392014,15000.0,326046.84,5842.262500000001,1,540.0
3.0,solar,bus_118,solar_3481,35.31340266021852,-117.54001038092592,253.2802568838102,235.46,20.98557988500825,15000.0,1450488.9,9015.091456745968,0,540.0
3.0,solar,bus_118,solar_3865,35.399983877055554,-117.89215974462962,281.67573499893126,555.68,20.956046218629005,15000.0,748010.2,8326.904253604604,0,540.0
1.0,solar,bus_118,solar_4974,33.90635758151053,-114.39158210489474,136.31971763783002,725.49,20.566563256377396,15000.0,151662.47,5015.97306034038,1,540.0
3.0,solar,bus_118,solar_5002,35.57314631072963,-117.75129999914815,287.7576243708321,321.51,20.805657171461945,15000.0,610527.6,14019.768686868687,0,540.0
2.0,solar,bus_118,solar_6866,35.773670081975865,-113.082849386,350.96501502625534,1975.87,20.3644778352278,15000.0,163287.61,3303.7093581362155,0,540.0
2.0,solar,bus_118,solar_6870,35.816540155793106,-115.27356027885715,257.17890960766005,511.49,20.3885561933549,15000.0,191078.33,4340.889018140537,0,540.0
1.0,solar,bus_118,solar_6877,34.20294672213158,-114.39158210489474,149.2160359851128,243.36,20.323107440582152,35000.0,248843.27,14732.03952695499,1,540.0
1.0,solar,bus_118,solar_7637,34.40067281587895,-116.0482380198421,97.91296735016184,115.64,20.97164538263398,15000.0,329703.16,8637.77394621809,1,540.0
1.0,solar,bus_118,solar_8402,34.59839890962632,-116.18629267942106,122.4680971963656,800.57,20.779362880359272,35000.0,309062.75,5348.813514564577,1,540.0
1.0,solar,bus_118,solar_8406,34.59839890962632,-115.63407404110526,118.17657669327942,381.67,20.52282248996236,35000.0,307217.75,13701.886610865902,1,540.0
3.0,solar,bus_118,solar_8422,36.00605239491482,-118.878177963,392.3333841523167,1534.09,18.4643785313685,15000.0,147581.83,4738.016111105843,0,540.0
1.0,solar,bus_118,solar_8772,34.59839890962632,-115.21991006236843,128.78840280104444,1262.43,20.827260532201606,15000.0,285082.16,4698.472227915261,1,540.0
3.0,solar,bus_118,solar_8801,36.00605239491482,-118.0330194901111,341.3172635146396,1920.94,21.38626932296118,15000.0,166064.89,3150.371663040237,0,540.0
1.0,solar,bus_118,solar_9164,34.6972619565,-115.91018336026316,128.57881436991303,1370.69,20.80076673898595,15000.0,228099.69,4582.887685702328,1,540.0
3.0,solar,bus_118,solar_9554,36.09263361175185,-118.73731821751852,390.05882051207465,2675.24,19.246807189138497,35000.0,439531.4,4826.783703703703,0,540.0
2.0,solar,bus_118,solar_10302,35.94515037724483,-113.95913374314286,315.48907958020476,774.09,20.206921077184717,35000.0,88726.28,5257.520563974944,0,540.0
3.0,solar,bus_118,solar_11083,36.26579604542593,-118.1738792355926,372.02303984604714,562.63,21.704051587967797,15000.0,407670.75,4334.185178850601,0,540.0
2.0,solar,bus_118,solar_11821,36.07376059869655,-115.36118871457143,284.07494254336336,1895.69,20.33245961018209,35000.0,267489.94,4568.217359904856,0,540.0
3.0,solar,bus_118,solar_11837,36.35237726226296,-118.5260285992963,398.9729383580319,3199.82,21.280843517492393,35000.0,657265.94,3555.5323979640634,0,540.0
2.0,solar,bus_118,solar_12188,36.07376059869655,-114.48490435742858,305.7829704763888,1034.83,19.649696670386444,35000.0,345709.78,6176.704732336498,0,540.0
3.0,solar,bus_118,solar_12223,36.35237726226296,-117.3287207627037,341.8842327232161,616.44,19.899699049838656,15000.0,431066.34,4162.50411039619,0,540.0
2.0,solar,bus_118,solar_12568,36.11663067251379,-114.74778966457143,301.69092789626757,907.88,19.391389919897858,35000.0,404530.84,7771.421293493865,0,540.0
3.0,solar,bus_118,solar_12591,36.35237726226296,-117.11743114448147,334.5022802728567,1283.28,20.986785155739607,35000.0,243376.78,5059.439440354808,0,540.0
2.0,solar,bus_118,solar_12954,36.159500746331034,-114.13439061457143,328.0798645145093,216.79,19.79746766913336,35000.0,467371.66,9295.096465069715,0,540.0
2.0,solar,bus_118,solar_12977,36.202370820148275,-114.923046536,306.1691988656419,422.82,19.98129969611502,35000.0,365625.44,4648.62371364967,0,540.0
2.0,solar,bus_118,solar_13734,36.28811096778276,-115.01067497171428,313.4415713374451,1435.71,20.022836093802365,35000.0,275067.38,4670.662091503268,0,540.0
2.0,solar,bus_118,solar_14502,36.3309810416,-114.923046536,319.97916152156967,1274.09,19.972700974607537,35000.0,392252.53,3317.1199651070892,0,540.0
1.0,wind,bus_119,wind_3840,32.91772711277368,-115.08185540278947,109.0954744338054,78.0,29.86654403472681,35000.0,257014.03,13494.356293888508,1,3370.0
1.0,wind,bus_119,wind_3841,32.91772711277368,-114.94380074321053,112.91451340171156,66.0,32.903536507098664,35000.0,317563.62,13922.127475281783,1,3370.0
3.0,wind,bus_119,wind_3867,34.18784684133704,-116.976571399,152.31168391830315,66.0,22.15517101019571,15000.0,550612.56,10357.109068159081,0,3370.0
3.0,wind,bus_119,wind_4614,34.274428058174074,-117.04700127174074,160.979596811041,228.0,45.46469677479659,15000.0,542013.2,9597.691972840154,0,3370.0
3.0,wind,bus_119,wind_4625,34.361009275011114,-118.24430910833333,270.27077521667013,186.0,40.587012468578514,35000.0,411351.8,5539.314954486427,0,3370.0
1.0,wind,bus_119,wind_5738,33.01659015964737,-114.80574608363158,108.24978688373996,144.0,45.67545565294453,35000.0,185248.53,6033.371193415638,1,3370.0
3.0,wind,bus_119,wind_5759,34.534171708685186,-118.5260285992963,299.58163014516896,246.0,27.70681974270578,15000.0,579130.6,4889.942746873255,0,3370.0
3.0,wind,bus_119,wind_5762,34.534171708685186,-118.31473898107407,280.795006701085,204.0,38.767218884089594,15000.0,378539.16,11720.692783303672,0,3370.0
1.0,wind,bus_119,wind_6124,33.11545320652105,-116.324347339,121.9356775114473,60.0,52.26981609860366,35000.0,376899.84,13854.580762104344,1,3370.0
2.0,wind,bus_119,wind_6862,35.173489048534485,-114.48490435742858,166.13057191496995,42.0,49.37766374099247,35000.0,362114.1,5022.801101628039,0,3370.0
2.0,wind,bus_119,wind_6864,35.173489048534485,-114.309647486,174.52279600425382,252.0,39.248624139220354,35000.0,454195.8,4487.393906682622,0,3370.0
2.0,wind,bus_119,wind_8004,35.216359122351726,-115.01067497171428,153.3657129484678,222.0,57.02361614208024,15000.0,347759.25,3906.8795749374895,0,3370.0
1.0,wind,bus_119,wind_8011,33.31317930026842,-115.63407404110526,66.50645146906072,228.0,17.733234099813693,15000.0,124354.65,5979.508496701373,1,3370.0
1.0,wind,bus_119,wind_8026,33.31317930026842,-113.701308807,166.38869110106523,126.0,33.18933618191138,35000.0,307217.75,13701.886610865902,1,3370.0
1.0,wind,bus_119,wind_8770,33.412042347142105,-113.9774181261579,138.49440139287594,276.0,40.85052500898017,35000.0,139822.95,4952.446145236453,1,3370.0
1.0,wind,bus_119,wind_8775,33.51090539401579,-116.0482380198421,74.3900316252925,108.0,31.262503103984557,15000.0,240732.22,5543.147302292982,1,3370.0
2.0,wind,bus_119,wind_9542,35.25922919616897,-113.43336312885715,235.1780385992959,228.0,40.26782429171251,15000.0,206109.4,3636.3574772151674,0,3370.0
1.0,wind,bus_119,wind_9546,33.609768440889475,-116.18629267942106,80.87454692931628,258.0,31.322704717256308,35000.0,228112.95,6730.409007429606,1,3370.0
1.0,wind,bus_119,wind_9926,33.609768440889475,-115.7721287006842,47.116757141724555,288.0,29.121414121724055,35000.0,177124.89,5342.027528675423,1,3370.0
3.0,wind,bus_119,wind_10314,34.96707779287037,-118.38516885381482,302.380948281026,246.0,41.28737036872091,15000.0,469507.75,3910.4721550060904,0,3370.0
3.0,wind,bus_119,wind_11080,35.05365900970741,-117.82172987188889,260.5836166913163,240.0,29.83449048851381,15000.0,473568.0,3140.1317006028785,0,3370.0
3.0,wind,bus_119,wind_11451,35.05365900970741,-117.39915063544444,228.000941083141,216.0,31.922420034212657,35000.0,286184.66,5037.468664619892,0,3370.0
3.0,wind,bus_119,wind_11462,35.14024022654445,-118.59645847203703,327.7497216071614,72.0,30.90716157998361,15000.0,421182.88,4246.732688971792,0,3370.0
2.0,wind,bus_119,wind_12200,35.47357956525517,-115.44881715028572,178.56107374301018,282.0,35.868914710440556,35000.0,368521.7,3513.425303677313,0,3370.0
3.0,wind,bus_119,wind_12222,35.22682144338148,-118.80774809025925,349.2170934796674,180.0,7.294763642570183,15000.0,448000.2,4639.573607492375,0,3370.0
2.0,wind,bus_119,wind_13347,35.602189786706894,-115.36118871457143,192.71450257652077,240.0,31.74171522120349,35000.0,271069.88,4934.397613384755,0,3370.0
2.0,wind,bus_119,wind_13355,35.602189786706894,-114.66016122885715,203.30918652165784,258.0,46.71920613088312,35000.0,318633.25,4238.3168759567225,0,3370.0
2.0,wind,bus_119,wind_13719,35.602189786706894,-113.696248436,245.970515454834,270.0,49.6009464184887,15000.0,369154.3,5210.298750561249,0,3370.0
2.0,wind,bus_119,wind_13723,35.602189786706894,-113.34573469314286,267.0528375101422,282.0,46.93785294623239,35000.0,342503.72,4586.018234119997,0,3370.0
2.0,wind,bus_119,wind_14115,35.645059860524135,-113.60862000028573,254.67526674075455,102.0,44.604152879739,35000.0,319696.4,5301.523045267489,0,3370.0
1.0,solar,bus_119,solar_1180,33.609768440889475,-113.9774181261579,131.87648301686508,119.51,20.66093307534744,35000.0,415575.4,10881.386489607035,1,540.0
1.0,solar,bus_119,solar_1938,33.70863148776316,-115.91018336026316,53.08800641697785,413.56,21.006451738438415,35000.0,136194.78,5589.921430933224,1,540.0
1.0,solar,bus_119,solar_2696,33.70863148776316,-114.5296367644737,79.60510082921057,975.34,20.23556579392014,15000.0,326046.84,5842.262500000001,1,540.0
3.0,solar,bus_119,solar_3481,35.31340266021852,-117.54001038092592,255.49028384580055,235.46,20.98557988500825,15000.0,1450488.9,9015.091456745968,0,540.0
3.0,solar,bus_119,solar_3865,35.399983877055554,-117.89215974462962,286.7949862066317,555.68,20.956046218629005,15000.0,748010.2,8326.904253604604,0,540.0
1.0,solar,bus_119,solar_4974,33.90635758151053,-114.39158210489474,90.32884194726265,725.49,20.566563256377396,15000.0,151662.47,5015.97306034038,1,540.0
3.0,solar,bus_119,solar_5002,35.57314631072963,-117.75129999914815,288.60788690423857,321.51,20.805657171461945,15000.0,610527.6,14019.768686868687,0,540.0
2.0,solar,bus_119,solar_6866,35.773670081975865,-113.082849386,297.3136911911607,1975.87,20.3644778352278,15000.0,163287.61,3303.7093581362155,0,540.0
2.0,solar,bus_119,solar_6870,35.816540155793106,-115.27356027885715,216.72333776469887,511.49,20.3885561933549,15000.0,191078.33,4340.889018140537,0,540.0
1.0,solar,bus_119,solar_6877,34.20294672213158,-114.39158210489474,97.42661787368944,243.36,20.323107440582152,35000.0,248843.27,14732.03952695499,1,540.0
1.0,solar,bus_119,solar_7637,34.40067281587895,-116.0482380198421,86.0273177304104,115.64,20.97164538263398,15000.0,329703.16,8637.77394621809,1,540.0
1.0,solar,bus_119,solar_8402,34.59839890962632,-116.18629267942106,110.54308635220856,800.57,20.779362880359272,35000.0,309062.75,5348.813514564577,1,540.0
1.0,solar,bus_119,solar_8406,34.59839890962632,-115.63407404110526,84.67516866728775,381.67,20.52282248996236,35000.0,307217.75,13701.886610865902,1,540.0
3.0,solar,bus_119,solar_8422,36.00605239491482,-118.878177963,398.4204587003223,1534.09,18.4643785313685,15000.0,147581.83,4738.016111105843,0,540.0
1.0,solar,bus_119,solar_8772,34.59839890962632,-115.21991006236843,82.24868688124491,1262.43,20.827260532201606,15000.0,285082.16,4698.472227915261,1,540.0
3.0,solar,bus_119,solar_8801,36.00605239491482,-118.0330194901111,339.7176377675961,1920.94,21.38626932296118,15000.0,166064.89,3150.371663040237,0,540.0
1.0,solar,bus_119,solar_9164,34.6972619565,-115.91018336026316,104.64938157676536,1370.69,20.80076673898595,15000.0,228099.69,4582.887685702328,1,540.0
3.0,solar,bus_119,solar_9554,36.09263361175185,-118.73731821751852,394.0299484328628,2675.24,19.246807189138497,35000.0,439531.4,4826.783703703703,0,540.0
2.0,solar,bus_119,solar_10302,35.94515037724483,-113.95913374314286,264.2312139490428,774.09,20.206921077184717,35000.0,88726.28,5257.520563974944,0,540.0
3.0,solar,bus_119,solar_11083,36.26579604542593,-118.1738792355926,368.990853673028,562.63,21.704051587967797,15000.0,407670.75,4334.185178850601,0,540.0
2.0,solar,bus_119,solar_11821,36.07376059869655,-115.36118871457143,245.1504859399276,1895.69,20.33245961018209,35000.0,267489.94,4568.217359904856,0,540.0
3.0,solar,bus_119,solar_11837,36.35237726226296,-118.5260285992963,398.33242601947467,3199.82,21.280843517492393,35000.0,657265.94,3555.5323979640634,0,540.0
2.0,solar,bus_119,solar_12188,36.07376059869655,-114.48490435742858,258.04549505762407,1034.83,19.649696670386444,35000.0,345709.78,6176.704732336498,0,540.0
3.0,solar,bus_119,solar_12223,36.35237726226296,-117.3287207627037,328.6442192403618,616.44,19.899699049838656,15000.0,431066.34,4162.50411039619,0,540.0
2.0,solar,bus_119,solar_12568,36.11663067251379,-114.74778966457143,256.2435010107187,907.88,19.391389919897858,35000.0,404530.84,7771.421293493865,0,540.0
3.0,solar,bus_119,solar_12591,36.35237726226296,-117.11743114448147,318.63405444466946,1283.28,20.986785155739607,35000.0,243376.78,5059.439440354808,0,540.0
2.0,solar,bus_119,solar_12954,36.159500746331034,-114.13439061457143,278.3947790013098,216.79,19.79746766913336,35000.0,467371.66,9295.096465069715,0,540.0
2.0,solar,bus_119,solar_12977,36.202370820148275,-114.923046536,262.60874491019945,422.82,19.98129969611502,35000.0,365625.44,4648.62371364967,0,540.0
2.0,solar,bus_119,solar_13734,36.28811096778276,-115.01067497171428,270.95392656160084,1435.71,20.022836093802365,35000.0,275067.38,4670.662091503268,0,540.0
2.0,solar,bus_119,solar_14502,36.3309810416,-114.923046536,276.74157210307357,1274.09,19.972700974607537,35000.0,392252.53,3317.1199651070892,0,540.0
1.0,wind,bus_120,wind_3840,32.91772711277368,-115.08185540278947,148.48473885791523,78.0,29.86654403472681,35000.0,257014.03,13494.356293888508,1,3370.0
1.0,wind,bus_120,wind_3841,32.91772711277368,-114.94380074321053,150.4631883493407,66.0,32.903536507098664,35000.0,317563.62,13922.127475281783,1,3370.0
3.0,wind,bus_120,wind_3867,34.18784684133704,-116.976571399,157.7350495249567,66.0,22.15517101019571,15000.0,550612.56,10357.109068159081,0,3370.0
3.0,wind,bus_120,wind_4614,34.274428058174074,-117.04700127174074,164.0338441456305,228.0,45.46469677479659,15000.0,542013.2,9597.691972840154,0,3370.0
3.0,wind,bus_120,wind_4625,34.361009275011114,-118.24430910833333,274.1923761399851,186.0,40.587012468578514,35000.0,411351.8,5539.314954486427,0,3370.0
1.0,wind,bus_120,wind_5738,33.01659015964737,-114.80574608363158,142.94302947133824,144.0,45.67545565294453,35000.0,185248.53,6033.371193415638,1,3370.0
3.0,wind,bus_120,wind_5759,34.534171708685186,-118.5260285992963,301.17712821403876,246.0,27.70681974270578,15000.0,579130.6,4889.942746873255,0,3370.0
3.0,wind,bus_120,wind_5762,34.534171708685186,-118.31473898107407,281.9103159346489,204.0,38.767218884089594,15000.0,378539.16,11720.692783303672,0,3370.0
1.0,wind,bus_120,wind_6124,33.11545320652105,-116.324347339,159.42714832360605,60.0,52.26981609860366,35000.0,376899.84,13854.580762104344,1,3370.0
2.0,wind,bus_120,wind_6862,35.173489048534485,-114.48490435742858,125.38078868134954,42.0,49.37766374099247,35000.0,362114.1,5022.801101628039,0,3370.0
2.0,wind,bus_120,wind_6864,35.173489048534485,-114.309647486,135.1076432914663,252.0,39.248624139220354,35000.0,454195.8,4487.393906682622,0,3370.0
2.0,wind,bus_120,wind_8004,35.216359122351726,-115.01067497171428,110.47970883192252,222.0,57.02361614208024,15000.0,347759.25,3906.8795749374895,0,3370.0
1.0,wind,bus_120,wind_8011,33.31317930026842,-115.63407404110526,109.11290300611434,228.0,17.733234099813693,15000.0,124354.65,5979.508496701373,1,3370.0
1.0,wind,bus_120,wind_8026,33.31317930026842,-113.701308807,177.606009644715,126.0,33.18933618191138,35000.0,307217.75,13701.886610865902,1,3370.0
1.0,wind,bus_120,wind_8770,33.412042347142105,-113.9774181261579,150.529393619855,276.0,40.85052500898017,35000.0,139822.95,4952.446145236453,1,3370.0
1.0,wind,bus_120,wind_8775,33.51090539401579,-116.0482380198421,109.16622741326758,108.0,31.262503103984557,15000.0,240732.22,5543.147302292982,1,3370.0
2.0,wind,bus_120,wind_9542,35.25922919616897,-113.43336312885715,201.6235216963207,228.0,40.26782429171251,15000.0,206109.4,3636.3574772151674,0,3370.0
1.0,wind,bus_120,wind_9546,33.609768440889475,-116.18629267942106,110.66822902796906,258.0,31.322704717256308,35000.0,228112.95,6730.409007429606,1,3370.0
1.0,wind,bus_120,wind_9926,33.609768440889475,-115.7721287006842,84.81583277133718,288.0,29.121414121724055,35000.0,177124.89,5342.027528675423,1,3370.0
3.0,wind,bus_120,wind_10314,34.96707779287037,-118.38516885381482,296.85776301702066,246.0,41.28737036872091,15000.0,469507.75,3910.4721550060904,0,3370.0
3.0,wind,bus_120,wind_11080,35.05365900970741,-117.82172987188889,250.78808243556443,240.0,29.83449048851381,15000.0,473568.0,3140.1317006028785,0,3370.0
3.0,wind,bus_120,wind_11451,35.05365900970741,-117.39915063544444,215.15618295336444,216.0,31.922420034212657,35000.0,286184.66,5037.468664619892,0,3370.0
3.0,wind,bus_120,wind_11462,35.14024022654445,-118.59645847203703,320.65255015490817,72.0,30.90716157998361,15000.0,421182.88,4246.732688971792,0,3370.0
2.0,wind,bus_120,wind_12200,35.47357956525517,-115.44881715028572,137.71222922574114,282.0,35.868914710440556,35000.0,368521.7,3513.425303677313,0,3370.0
3.0,wind,bus_120,wind_12222,35.22682144338148,-118.80774809025925,341.8539380077531,180.0,7.294763642570183,15000.0,448000.2,4639.573607492375,0,3370.0
2.0,wind,bus_120,wind_13347,35.602189786706894,-115.36118871457143,151.22750803144336,240.0,31.74171522120349,35000.0,271069.88,4934.397613384755,0,3370.0
2.0,wind,bus_120,wind_13355,35.602189786706894,-114.66016122885715,160.63573084112022,258.0,46.71920613088312,35000.0,318633.25,4238.3168759567225,0,3370.0
2.0,wind,bus_120,wind_13719,35.602189786706894,-113.696248436,207.7883760653685,270.0,49.6009464184887,15000.0,369154.3,5210.298750561249,0,3370.0
2.0,wind,bus_120,wind_13723,35.602189786706894,-113.34573469314286,230.91544672006816,282.0,46.93785294623239,35000.0,342503.72,4586.018234119997,0,3370.0
2.0,wind,bus_120,wind_14115,35.645059860524135,-113.60862000028573,216.72786235565104,102.0,44.604152879739,35000.0,319696.4,5301.523045267489,0,3370.0
1.0,solar,bus_120,solar_1180,33.609768440889475,-113.9774181261579,137.98348150115262,119.51,20.66093307534744,35000.0,415575.4,10881.386489607035,1,540.0
1.0,solar,bus_120,solar_1938,33.70863148776316,-115.91018336026316,84.37184808445882,413.56,21.006451738438415,35000.0,136194.78,5589.921430933224,1,540.0
1.0,solar,bus_120,solar_2696,33.70863148776316,-114.5296367644737,90.09857141109214,975.34,20.23556579392014,15000.0,326046.84,5842.262500000001,1,540.0
3.0,solar,bus_120,solar_3481,35.31340266021852,-117.54001038092592,239.5578300802559,235.46,20.98557988500825,15000.0,1450488.9,9015.091456745968,0,540.0
3.0,solar,bus_120,solar_3865,35.399983877055554,-117.89215974462962,272.2494957882921,555.68,20.956046218629005,15000.0,748010.2,8326.904253604604,0,540.0
1.0,solar,bus_120,solar_4974,33.90635758151053,-114.39158210489474,88.58978269374116,725.49,20.566563256377396,15000.0,151662.47,5015.97306034038,1,540.0
3.0,solar,bus_120,solar_5002,35.57314631072963,-117.75129999914815,270.77945604437076,321.51,20.805657171461945,15000.0,610527.6,14019.768686868687,0,540.0
2.0,solar,bus_120,solar_6866,35.773670081975865,-113.082849386,261.3580844607037,1975.87,20.3644778352278,15000.0,163287.61,3303.7093581362155,0,540.0
2.0,solar,bus_120,solar_6870,35.816540155793106,-115.27356027885715,174.79706700766434,511.49,20.3885561933549,15000.0,191078.33,4340.889018140537,0,540.0
1.0,solar,bus_120,solar_6877,34.20294672213158,-114.39158210489474,80.20396158097216,243.36,20.323107440582152,35000.0,248843.27,14732.03952695499,1,540.0
1.0,solar,bus_120,solar_7637,34.40067281587895,-116.0482380198421,74.21747814374896,115.64,20.97164538263398,15000.0,329703.16,8637.77394621809,1,540.0
1.0,solar,bus_120,solar_8402,34.59839890962632,-116.18629267942106,93.42492217253626,800.57,20.779362880359272,35000.0,309062.75,5348.813514564577,1,540.0
1.0,solar,bus_120,solar_8406,34.59839890962632,-115.63407404110526,52.054525569317114,381.67,20.52282248996236,35000.0,307217.75,13701.886610865902,1,540.0
3.0,solar,bus_120,solar_8422,36.00605239491482,-118.878177963,382.70400248995986,1534.09,18.4643785313685,15000.0,147581.83,4738.016111105843,0,540.0
1.0,solar,bus_120,solar_8772,34.59839890962632,-115.21991006236843,39.536224795446365,1262.43,20.827260532201606,15000.0,285082.16,4698.472227915261,1,540.0
3.0,solar,bus_120,solar_8801,36.00605239491482,-118.0330194901111,319.11784412845844,1920.94,21.38626932296118,15000.0,166064.89,3150.371663040237,0,540.0
1.0,solar,bus_120,solar_9164,34.6972619565,-115.91018336026316,77.84092040190576,1370.69,20.80076673898595,15000.0,228099.69,4582.887685702328,1,540.0
3.0,solar,bus_120,solar_9554,36.09263361175185,-118.73731821751852,376.7765670961634,2675.24,19.246807189138497,35000.0,439531.4,4826.783703703703,0,540.0
2.0,solar,bus_120,solar_10302,35.94515037724483,-113.95913374314286,223.19210732807855,774.09,20.206921077184717,35000.0,88726.28,5257.520563974944,0,540.0
3.0,solar,bus_120,solar_11083,36.26579604542593,-118.1738792355926,346.94960220554435,562.63,21.704051587967797,15000.0,407670.75,4334.185178850601,0,540.0
2.0,solar,bus_120,solar_11821,36.07376059869655,-115.36118871457143,203.59360580377333,1895.69,20.33245961018209,35000.0,267489.94,4568.217359904856,0,540.0
3.0,solar,bus_120,solar_11837,36.35237726226296,-118.5260285992963,377.6494517592262,3199.82,21.280843517492393,35000.0,657265.94,3555.5323979640634,0,540.0
2.0,solar,bus_120,solar_12188,36.07376059869655,-114.48490435742858,215.3262586717588,1034.83,19.649696670386444,35000.0,345709.78,6176.704732336498,0,540.0
3.0,solar,bus_120,solar_12223,36.35237726226296,-117.3287207627037,300.1393011447268,616.44,19.899699049838656,15000.0,431066.34,4162.50411039619,0,540.0
2.0,solar,bus_120,solar_12568,36.11663067251379,-114.74778966457143,213.3523684412706,907.88,19.391389919897858,35000.0,404530.84,7771.421293493865,0,540.0
3.0,solar,bus_120,solar_12591,36.35237726226296,-117.11743114448147,288.5522568636944,1283.28,20.986785155739607,35000.0,243376.78,5059.439440354808,0,540.0
2.0,solar,bus_120,solar_12954,36.159500746331034,-114.13439061457143,236.30951961535217,216.79,19.79746766913336,35000.0,467371.66,9295.096465069715,0,540.0
2.0,solar,bus_120,solar_12977,36.202370820148275,-114.923046536,219.868523601175,422.82,19.98129969611502,35000.0,365625.44,4648.62371364967,0,540.0
2.0,solar,bus_120,solar_13734,36.28811096778276,-115.01067497171428,228.37712112180532,1435.71,20.022836093802365,35000.0,275067.38,4670.662091503268,0,540.0
2.0,solar,bus_120,solar_14502,36.3309810416,-114.923046536,234.0333602148251,1274.09,19.972700974607537,35000.0,392252.53,3317.1199651070892,0,540.0
1.0,wind,bus_121,wind_3840,32.91772711277368,-115.08185540278947,114.25185497377814,78.0,29.86654403472681,35000.0,257014.03,13494.356293888508,1,3370.0
1.0,wind,bus_121,wind_3841,32.91772711277368,-114.94380074321053,124.82363258493412,66.0,32.903536507098664,35000.0,317563.62,13922.127475281783,1,3370.0
3.0,wind,bus_121,wind_3867,34.18784684133704,-116.976571399,111.32472247786284,66.0,22.15517101019571,15000.0,550612.56,10357.109068159081,0,3370.0
3.0,wind,bus_121,wind_4614,34.274428058174074,-117.04700127174074,122.5657482187392,228.0,45.46469677479659,15000.0,542013.2,9597.691972840154,0,3370.0
3.0,wind,bus_121,wind_4625,34.361009275011114,-118.24430910833333,220.89398736188423,186.0,40.587012468578514,35000.0,411351.8,5539.314954486427,0,3370.0
1.0,wind,bus_121,wind_5738,33.01659015964737,-114.80574608363158,130.58966004196373,144.0,45.67545565294453,35000.0,185248.53,6033.371193415638,1,3370.0
3.0,wind,bus_121,wind_5759,34.534171708685186,-118.5260285992963,252.438173316742,246.0,27.70681974270578,15000.0,579130.6,4889.942746873255,0,3370.0
3.0,wind,bus_121,wind_5762,34.534171708685186,-118.31473898107407,235.14830703994184,204.0,38.767218884089594,15000.0,378539.16,11720.692783303672,0,3370.0
1.0,wind,bus_121,wind_6124,33.11545320652105,-116.324347339,51.48275429253294,60.0,52.26981609860366,35000.0,376899.84,13854.580762104344,1,3370.0
2.0,wind,bus_121,wind_6862,35.173489048534485,-114.48490435742858,233.89240980614375,42.0,49.37766374099247,35000.0,362114.1,5022.801101628039,0,3370.0
2.0,wind,bus_121,wind_6864,35.173489048534485,-114.309647486,244.22986239417529,252.0,39.248624139220354,35000.0,454195.8,4487.393906682622,0,3370.0
2.0,wind,bus_121,wind_8004,35.216359122351726,-115.01067497171428,211.53383509212415,222.0,57.02361614208024,15000.0,347759.25,3906.8795749374895,0,3370.0
1.0,wind,bus_121,wind_8011,33.31317930026842,-115.63407404110526,46.99595588978953,228.0,17.733234099813693,15000.0,124354.65,5979.508496701373,1,3370.0
1.0,wind,bus_121,wind_8026,33.31317930026842,-113.701308807,221.18678546820573,126.0,33.18933618191138,35000.0,307217.75,13701.886610865902,1,3370.0
1.0,wind,bus_121,wind_8770,33.412042347142105,-113.9774181261579,194.59044684343652,276.0,40.85052500898017,35000.0,139822.95,4952.446145236453,1,3370.0
1.0,wind,bus_121,wind_8775,33.51090539401579,-116.0482380198421,2.759979756757104,108.0,31.262503103984557,15000.0,240732.22,5543.147302292982,1,3370.0
2.0,wind,bus_121,wind_9542,35.25922919616897,-113.43336312885715,309.26457510382323,228.0,40.26782429171251,15000.0,206109.4,3636.3574772151674,0,3370.0
1.0,wind,bus_121,wind_9546,33.609768440889475,-116.18629267942106,14.106664498294492,258.0,31.322704717256308,35000.0,228112.95,6730.409007429606,1,3370.0
1.0,wind,bus_121,wind_9926,33.609768440889475,-115.7721287006842,29.156182524245462,288.0,29.121414121724055,35000.0,177124.89,5342.027528675423,1,3370.0
3.0,wind,bus_121,wind_10314,34.96707779287037,-118.38516885381482,266.23872361891915,246.0,41.28737036872091,15000.0,469507.75,3910.4721550060904,0,3370.0
3.0,wind,bus_121,wind_11080,35.05365900970741,-117.82172987188889,233.8450501845976,240.0,29.83449048851381,15000.0,473568.0,3140.1317006028785,0,3370.0
3.0,wind,bus_121,wind_11451,35.05365900970741,-117.39915063544444,209.05289624004263,216.0,31.922420034212657,35000.0,286184.66,5037.468664619892,0,3370.0
3.0,wind,bus_121,wind_11462,35.14024022654445,-118.59645847203703,293.163966081471,72.0,30.90716157998361,15000.0,421182.88,4246.732688971792,0,3370.0
2.0,wind,bus_121,wind_12200,35.47357956525517,-115.44881715028572,223.8132447420656,282.0,35.868914710440556,35000.0,368521.7,3513.425303677313,0,3370.0
3.0,wind,bus_121,wind_12222,35.22682144338148,-118.80774809025925,314.32085637411035,180.0,7.294763642570183,15000.0,448000.2,4639.573607492375,0,3370.0
2.0,wind,bus_121,wind_13347,35.602189786706894,-115.36118871457143,239.70868318559533,240.0,31.74171522120349,35000.0,271069.88,4934.397613384755,0,3370.0
2.0,wind,bus_121,wind_13355,35.602189786706894,-114.66016122885715,264.4218872409163,258.0,46.71920613088312,35000.0,318633.25,4238.3168759567225,0,3370.0
2.0,wind,bus_121,wind_13719,35.602189786706894,-113.696248436,317.01829888966427,270.0,49.6009464184887,15000.0,369154.3,5210.298750561249,0,3370.0
2.0,wind,bus_121,wind_13723,35.602189786706894,-113.34573469314286,339.82682952573464,282.0,46.93785294623239,35000.0,342503.72,4586.018234119997,0,3370.0
2.0,wind,bus_121,wind_14115,35.645059860524135,-113.60862000028573,325.95819836196347,102.0,44.604152879739,35000.0,319696.4,5301.523045267489,0,3370.0
1.0,solar,bus_121,solar_1180,33.609768440889475,-113.9774181261579,194.16508710818104,119.51,20.66093307534744,35000.0,415575.4,10881.386489607035,1,540.0
1.0,solar,bus_121,solar_1938,33.70863148776316,-115.91018336026316,25.06968083747783,413.56,21.006451738438415,35000.0,136194.78,5589.921430933224,1,540.0
1.0,solar,bus_121,solar_2696,33.70863148776316,-114.5296367644737,144.12443020076097,975.34,20.23556579392014,15000.0,326046.84,5842.262500000001,1,540.0
3.0,solar,bus_121,solar_3481,35.31340266021852,-117.54001038092592,240.0215983707786,235.46,20.98557988500825,15000.0,1450488.9,9015.091456745968,0,540.0
3.0,solar,bus_121,solar_3865,35.399983877055554,-117.89215974462962,266.91841599714644,555.68,20.956046218629005,15000.0,748010.2,8326.904253604604,0,540.0
1.0,solar,bus_121,solar_4974,33.90635758151053,-114.39158210489474,160.93127994261212,725.49,20.566563256377396,15000.0,151662.47,5015.97306034038,1,540.0
3.0,solar,bus_121,solar_5002,35.57314631072963,-117.75129999914815,274.6648110816419,321.51,20.805657171461945,15000.0,610527.6,14019.768686868687,0,540.0
2.0,solar,bus_121,solar_6866,35.773670081975865,-113.082849386,370.23598118130826,1975.87,20.3644778352278,15000.0,163287.61,3303.7093581362155,0,540.0
2.0,solar,bus_121,solar_6870,35.816540155793106,-115.27356027885715,264.8021298567682,511.49,20.3885561933549,15000.0,191078.33,4340.889018140537,0,540.0
1.0,solar,bus_121,solar_6877,34.20294672213158,-114.39158210489474,172.29058843481914,243.36,20.323107440582152,35000.0,248843.27,14732.03952695499,1,540.0
1.0,solar,bus_121,solar_7637,34.40067281587895,-116.0482380198421,97.15671708355448,115.64,20.97164538263398,15000.0,329703.16,8637.77394621809,1,540.0
1.0,solar,bus_121,solar_8402,34.59839890962632,-116.18629267942106,119.59490145464542,800.57,20.779362880359272,35000.0,309062.75,5348.813514564577,1,540.0
1.0,solar,bus_121,solar_8406,34.59839890962632,-115.63407404110526,125.72936702773828,381.67,20.52282248996236,35000.0,307217.75,13701.886610865902,1,540.0
3.0,solar,bus_121,solar_8422,36.00605239491482,-118.878177963,376.4471663357828,1534.09,18.4643785313685,15000.0,147581.83,4738.016111105843,0,540.0
1.0,solar,bus_121,solar_8772,34.59839890962632,-115.21991006236843,142.5922142254155,1262.43,20.827260532201606,15000.0,285082.16,4698.472227915261,1,540.0
3.0,solar,bus_121,solar_8801,36.00605239491482,-118.0330194901111,328.77604047456714,1920.94,21.38626932296118,15000.0,166064.89,3150.371663040237,0,540.0
1.0,solar,bus_121,solar_9164,34.6972619565,-115.91018336026316,130.95091950395135,1370.69,20.80076673898595,15000.0,228099.69,4582.887685702328,1,540.0
3.0,solar,bus_121,solar_9554,36.09263361175185,-118.73731821751852,374.9912216314828,2675.24,19.246807189138497,35000.0,439531.4,4826.783703703703,0,540.0
2.0,solar,bus_121,solar_10302,35.94515037724483,-113.95913374314286,330.9237858940457,774.09,20.206921077184717,35000.0,88726.28,5257.520563974944,0,540.0
3.0,solar,bus_121,solar_11083,36.26579604542593,-118.1738792355926,359.8705305773217,562.63,21.704051587967797,15000.0,407670.75,4334.185178850601,0,540.0
2.0,solar,bus_121,solar_11821,36.07376059869655,-115.36118871457143,290.4879583188913,1895.69,20.33245961018209,35000.0,267489.94,4568.217359904856,0,540.0
3.0,solar,bus_121,solar_11837,36.35237726226296,-118.5260285992963,385.6848343530568,3199.82,21.280843517492393,35000.0,657265.94,3555.5323979640634,0,540.0
2.0,solar,bus_121,solar_12188,36.07376059869655,-114.48490435742858,318.034202022686,1034.83,19.649696670386444,35000.0,345709.78,6176.704732336498,0,540.0
3.0,solar,bus_121,solar_12223,36.35237726226296,-117.3287207627037,334.4160025392396,616.44,19.899699049838656,15000.0,431066.34,4162.50411039619,0,540.0
2.0,solar,bus_121,solar_12568,36.11663067251379,-114.74778966457143,312.23059480866425,907.88,19.391389919897858,35000.0,404530.84,7771.421293493865,0,540.0
3.0,solar,bus_121,solar_12591,36.35237726226296,-117.11743114448147,328.3143526791213,1283.28,20.986785155739607,35000.0,243376.78,5059.439440354808,0,540.0
2.0,solar,bus_121,solar_12954,36.159500746331034,-114.13439061457143,341.8931140644704,216.79,19.79746766913336,35000.0,467371.66,9295.096465069715,0,540.0
2.0,solar,bus_121,solar_12977,36.202370820148275,-114.923046536,315.3584249386304,422.82,19.98129969611502,35000.0,365625.44,4648.62371364967,0,540.0
2.0,solar,bus_121,solar_13734,36.28811096778276,-115.01067497171428,321.86064890521203,1435.71,20.022836093802365,35000.0,275067.38,4670.662091503268,0,540.0
2.0,solar,bus_121,solar_14502,36.3309810416,-114.923046536,328.8556593059916,1274.09,19.972700974607537,35000.0,392252.53,3317.1199651070892,0,540.0
1.0,wind,bus_122,wind_3840,32.91772711277368,-115.08185540278947,116.56122284302418,78.0,29.86654403472681,35000.0,257014.03,13494.356293888508,1,3370.0
1.0,wind,bus_122,wind_3841,32.91772711277368,-114.94380074321053,129.40281243408467,66.0,32.903536507098664,35000.0,317563.62,13922.127475281783,1,3370.0
3.0,wind,bus_122,wind_3867,34.18784684133704,-116.976571399,163.7951939639128,66.0,22.15517101019571,15000.0,550612.56,10357.109068159081,0,3370.0
3.0,wind,bus_122,wind_4614,34.274428058174074,-117.04700127174074,175.1582419570739,228.0,45.46469677479659,15000.0,542013.2,9597.691972840154,0,3370.0
3.0,wind,bus_122,wind_4625,34.361009275011114,-118.24430910833333,247.0365781638688,186.0,40.587012468578514,35000.0,411351.8,5539.314954486427,0,3370.0
1.0,wind,bus_122,wind_5738,33.01659015964737,-114.80574608363158,143.44403316040896,144.0,45.67545565294453,35000.0,185248.53,6033.371193415638,1,3370.0
3.0,wind,bus_122,wind_5759,34.534171708685186,-118.5260285992963,279.0642479719933,246.0,27.70681974270578,15000.0,579130.6,4889.942746873255,0,3370.0
3.0,wind,bus_122,wind_5762,34.534171708685186,-118.31473898107407,265.1309883103787,204.0,38.767218884089594,15000.0,378539.16,11720.692783303672,0,3370.0
1.0,wind,bus_122,wind_6124,33.11545320652105,-116.324347339,32.979207734930235,60.0,52.26981609860366,35000.0,376899.84,13854.580762104344,1,3370.0
2.0,wind,bus_122,wind_6862,35.173489048534485,-114.48490435742858,311.9242068616322,42.0,49.37766374099247,35000.0,362114.1,5022.801101628039,0,3370.0
2.0,wind,bus_122,wind_6864,35.173489048534485,-114.309647486,320.9908118686173,252.0,39.248624139220354,35000.0,454195.8,4487.393906682622,0,3370.0
2.0,wind,bus_122,wind_8004,35.216359122351726,-115.01067497171428,292.7863633789497,222.0,57.02361614208024,15000.0,347759.25,3906.8795749374895,0,3370.0
1.0,wind,bus_122,wind_8011,33.31317930026842,-115.63407404110526,84.60894854818974,228.0,17.733234099813693,15000.0,124354.65,5979.508496701373,1,3370.0
1.0,wind,bus_122,wind_8026,33.31317930026842,-113.701308807,250.52660424661855,126.0,33.18933618191138,35000.0,307217.75,13701.886610865902,1,3370.0
1.0,wind,bus_122,wind_8770,33.412042347142105,-113.9774181261579,228.30673874472697,276.0,40.85052500898017,35000.0,139822.95,4952.446145236453,1,3370.0
1.0,wind,bus_122,wind_8775,33.51090539401579,-116.0482380198421,81.12973002348889,108.0,31.262503103984557,15000.0,240732.22,5543.147302292982,1,3370.0
2.0,wind,bus_122,wind_9542,35.25922919616897,-113.43336312885715,380.2150939136775,228.0,40.26782429171251,15000.0,206109.4,3636.3574772151674,0,3370.0
1.0,wind,bus_122,wind_9546,33.609768440889475,-116.18629267942106,88.87734517090269,258.0,31.322704717256308,35000.0,228112.95,6730.409007429606,1,3370.0
1.0,wind,bus_122,wind_9926,33.609768440889475,-115.7721287006842,101.84913077330276,288.0,29.121414121724055,35000.0,177124.89,5342.027528675423,1,3370.0
3.0,wind,bus_122,wind_10314,34.96707779287037,-118.38516885381482,305.33556416825644,246.0,41.28737036872091,15000.0,469507.75,3910.4721550060904,0,3370.0
3.0,wind,bus_122,wind_11080,35.05365900970741,-117.82172987188889,284.30199440927606,240.0,29.83449048851381,15000.0,473568.0,3140.1317006028785,0,3370.0
3.0,wind,bus_122,wind_11451,35.05365900970741,-117.39915063544444,267.5440660232731,216.0,31.922420034212657,35000.0,286184.66,5037.468664619892,0,3370.0
3.0,wind,bus_122,wind_11462,35.14024022654445,-118.59645847203703,332.4225875497574,72.0,30.90716157998361,15000.0,421182.88,4246.732688971792,0,3370.0
2.0,wind,bus_122,wind_12200,35.47357956525517,-115.44881715028572,305.9846460602567,282.0,35.868914710440556,35000.0,368521.7,3513.425303677313,0,3370.0
3.0,wind,bus_122,wind_12222,35.22682144338148,-118.80774809025925,352.2104533316552,180.0,7.294763642570183,15000.0,448000.2,4639.573607492375,0,3370.0
2.0,wind,bus_122,wind_13347,35.602189786706894,-115.36118871457143,321.90937428984694,240.0,31.74171522120349,35000.0,271069.88,4934.397613384755,0,3370.0
2.0,wind,bus_122,wind_13355,35.602189786706894,-114.66016122885715,345.24222921167456,258.0,46.71920613088312,35000.0,318633.25,4238.3168759567225,0,3370.0
2.0,wind,bus_122,wind_13719,35.602189786706894,-113.696248436,392.6298260875273,270.0,49.6009464184887,15000.0,369154.3,5210.298750561249,0,3370.0
2.0,wind,bus_122,wind_13723,35.602189786706894,-113.34573469314286,413.23837465896554,282.0,46.93785294623239,35000.0,342503.72,4586.018234119997,0,3370.0
2.0,wind,bus_122,wind_14115,35.645059860524135,-113.60862000028573,401.31810498227514,102.0,44.604152879739,35000.0,319696.4,5301.523045267489,0,3370.0
1.0,solar,bus_122,solar_1180,33.609768440889475,-113.9774181261579,235.37057661974373,119.51,20.66093307534744,35000.0,415575.4,10881.386489607035,1,540.0
1.0,solar,bus_122,solar_1938,33.70863148776316,-115.91018336026316,106.16685297476036,413.56,21.006451738438415,35000.0,136194.78,5589.921430933224,1,540.0
1.0,solar,bus_122,solar_2696,33.70863148776316,-114.5296367644737,193.9863543834556,975.34,20.23556579392014,15000.0,326046.84,5842.262500000001,1,540.0
3.0,solar,bus_122,solar_3481,35.31340266021852,-117.54001038092592,299.12201136269044,235.46,20.98557988500825,15000.0,1450488.9,9015.091456745968,0,540.0
3.0,solar,bus_122,solar_3865,35.399983877055554,-117.89215974462962,321.2461527248746,555.68,20.956046218629005,15000.0,748010.2,8326.904253604604,0,540.0
1.0,solar,bus_122,solar_4974,33.90635758151053,-114.39158210489474,216.42255521430323,725.49,20.566563256377396,15000.0,151662.47,5015.97306034038,1,540.0
3.0,solar,bus_122,solar_5002,35.57314631072963,-117.75129999914815,333.1846728926409,321.51,20.805657171461945,15000.0,610527.6,14019.768686868687,0,540.0
2.0,solar,bus_122,solar_6866,35.773670081975865,-113.082849386,443.3554010037519,1975.87,20.3644778352278,15000.0,163287.61,3303.7093581362155,0,540.0
2.0,solar,bus_122,solar_6870,35.816540155793106,-115.27356027885715,347.00732130501865,511.49,20.3885561933549,15000.0,191078.33,4340.889018140537,0,540.0
1.0,solar,bus_122,solar_6877,34.20294672213158,-114.39158210489474,236.20109646650857,243.36,20.323107440582152,35000.0,248843.27,14732.03952695499,1,540.0
1.0,solar,bus_122,solar_7637,34.40067281587895,-116.0482380198421,177.73766133276266,115.64,20.97164538263398,15000.0,329703.16,8637.77394621809,1,540.0
1.0,solar,bus_122,solar_8402,34.59839890962632,-116.18629267942106,198.28680255120287,800.57,20.779362880359272,35000.0,309062.75,5348.813514564577,1,540.0
1.0,solar,bus_122,solar_8406,34.59839890962632,-115.63407404110526,207.9198683836141,381.67,20.52282248996236,35000.0,307217.75,13701.886610865902,1,540.0
3.0,solar,bus_122,solar_8422,36.00605239491482,-118.878177963,424.7900619080149,1534.09,18.4643785313685,15000.0,147581.83,4738.016111105843,0,540.0
1.0,solar,bus_122,solar_8772,34.59839890962632,-115.21991006236843,222.6864663869199,1262.43,20.827260532201606,15000.0,285082.16,4698.472227915261,1,540.0
3.0,solar,bus_122,solar_8801,36.00605239491482,-118.0330194901111,387.4942844727583,1920.94,21.38626932296118,15000.0,166064.89,3150.371663040237,0,540.0
1.0,solar,bus_122,solar_9164,34.6972619565,-115.91018336026316,212.34791264442623,1370.69,20.80076673898595,15000.0,228099.69,4582.887685702328,1,540.0
3.0,solar,bus_122,solar_9554,36.09263361175185,-118.73731821751852,425.9430201573858,2675.24,19.246807189138497,35000.0,439531.4,4826.783703703703,0,540.0
2.0,solar,bus_122,solar_10302,35.94515037724483,-113.95913374314286,409.7873526337449,774.09,20.206921077184717,35000.0,88726.28,5257.520563974944,0,540.0
3.0,solar,bus_122,solar_11083,36.26579604542593,-118.1738792355926,419.0227142313756,562.63,21.704051587967797,15000.0,407670.75,4334.185178850601,0,540.0
2.0,solar,bus_122,solar_11821,36.07376059869655,-115.36118871457143,372.5413461477422,1895.69,20.33245961018209,35000.0,267489.94,4568.217359904856,0,540.0
3.0,solar,bus_122,solar_11837,36.35237726226296,-118.5260285992963,441.5512363450026,3199.82,21.280843517492393,35000.0,657265.94,3555.5323979640634,0,540.0
2.0,solar,bus_122,solar_12188,36.07376059869655,-114.48490435742858,399.27817204098545,1034.83,19.649696670386444,35000.0,345709.78,6176.704732336498,0,540.0
3.0,solar,bus_122,solar_12223,36.35237726226296,-117.3287207627037,403.5152435806718,616.44,19.899699049838656,15000.0,431066.34,4162.50411039619,0,540.0
2.0,solar,bus_122,solar_12568,36.11663067251379,-114.74778966457143,394.1314389481864,907.88,19.391389919897858,35000.0,404530.84,7771.421293493865,0,540.0
3.0,solar,bus_122,solar_12591,36.35237726226296,-117.11743114448147,399.5551358565073,1283.28,20.986785155739607,35000.0,243376.78,5059.439440354808,0,540.0
2.0,solar,bus_122,solar_12954,36.159500746331034,-114.13439061457143,422.18425960586626,216.79,19.79746766913336,35000.0,467371.66,9295.096465069715,0,540.0
2.0,solar,bus_122,solar_12977,36.202370820148275,-114.923046536,397.5198440858471,422.82,19.98129969611502,35000.0,365625.44,4648.62371364967,0,540.0
2.0,solar,bus_122,solar_13734,36.28811096778276,-115.01067497171428,404.0735198436934,1435.71,20.022836093802365,35000.0,275067.38,4670.662091503268,0,540.0
2.0,solar,bus_122,solar_14502,36.3309810416,-114.923046536,411.0485610841658,1274.09,19.972700974607537,35000.0,392252.53,3317.1199651070892,0,540.0
1.0,wind,bus_123,wind_3840,32.91772711277368,-115.08185540278947,162.8242382891423,78.0,29.86654403472681,35000.0,257014.03,13494.356293888508,1,3370.0
1.0,wind,bus_123,wind_3841,32.91772711277368,-114.94380074321053,163.23020587497533,66.0,32.903536507098664,35000.0,317563.62,13922.127475281783,1,3370.0
3.0,wind,bus_123,wind_3867,34.18784684133704,-116.976571399,176.5982639574682,66.0,22.15517101019571,15000.0,550612.56,10357.109068159081,0,3370.0
3.0,wind,bus_123,wind_4614,34.274428058174074,-117.04700127174074,182.04395890847348,228.0,45.46469677479659,15000.0,542013.2,9597.691972840154,0,3370.0
3.0,wind,bus_123,wind_4625,34.361009275011114,-118.24430910833333,291.44568203059833,186.0,40.587012468578514,35000.0,411351.8,5539.314954486427,0,3370.0
1.0,wind,bus_123,wind_5738,33.01659015964737,-114.80574608363158,153.76416326611297,144.0,45.67545565294453,35000.0,185248.53,6033.371193415638,1,3370.0
3.0,wind,bus_123,wind_5759,34.534171708685186,-118.5260285992963,317.411733204637,246.0,27.70681974270578,15000.0,579130.6,4889.942746873255,0,3370.0
3.0,wind,bus_123,wind_5762,34.534171708685186,-118.31473898107407,298.0717058903573,204.0,38.767218884089594,15000.0,378539.16,11720.692783303672,0,3370.0
1.0,wind,bus_123,wind_6124,33.11545320652105,-116.324347339,182.50563650219917,60.0,52.26981609860366,35000.0,376899.84,13854.580762104344,1,3370.0
2.0,wind,bus_123,wind_6862,35.173489048534485,-114.48490435742858,102.90470101507626,42.0,49.37766374099247,35000.0,362114.1,5022.801101628039,0,3370.0
2.0,wind,bus_123,wind_6864,35.173489048534485,-114.309647486,112.03874808182148,252.0,39.248624139220354,35000.0,454195.8,4487.393906682622,0,3370.0
2.0,wind,bus_123,wind_8004,35.216359122351726,-115.01067497171428,92.92808366968916,222.0,57.02361614208024,15000.0,347759.25,3906.8795749374895,0,3370.0
1.0,wind,bus_123,wind_8011,33.31317930026842,-115.63407404110526,129.8067420259885,228.0,17.733234099813693,15000.0,124354.65,5979.508496701373,1,3370.0
1.0,wind,bus_123,wind_8026,33.31317930026842,-113.701308807,173.41190262035815,126.0,33.18933618191138,35000.0,307217.75,13701.886610865902,1,3370.0
1.0,wind,bus_123,wind_8770,33.412042347142105,-113.9774181261579,147.5748734450946,276.0,40.85052500898017,35000.0,139822.95,4952.446145236453,1,3370.0
1.0,wind,bus_123,wind_8775,33.51090539401579,-116.0482380198421,132.45491239872126,108.0,31.262503103984557,15000.0,240732.22,5543.147302292982,1,3370.0
2.0,wind,bus_123,wind_9542,35.25922919616897,-113.43336312885715,178.32693387764354,228.0,40.26782429171251,15000.0,206109.4,3636.3574772151674,0,3370.0
1.0,wind,bus_123,wind_9546,33.609768440889475,-116.18629267942106,134.11330354942532,258.0,31.322704717256308,35000.0,228112.95,6730.409007429606,1,3370.0
1.0,wind,bus_123,wind_9926,33.609768440889475,-115.7721287006842,107.59864973178576,288.0,29.121414121724055,35000.0,177124.89,5342.027528675423,1,3370.0
3.0,wind,bus_123,wind_10314,34.96707779287037,-118.38516885381482,310.1539983952807,246.0,41.28737036872091,15000.0,469507.75,3910.4721550060904,0,3370.0
3.0,wind,bus_123,wind_11080,35.05365900970741,-117.82172987188889,262.4541147898881,240.0,29.83449048851381,15000.0,473568.0,3140.1317006028785,0,3370.0
3.0,wind,bus_123,wind_11451,35.05365900970741,-117.39915063544444,225.6989780758363,216.0,31.922420034212657,35000.0,286184.66,5037.468664619892,0,3370.0
3.0,wind,bus_123,wind_11462,35.14024022654445,-118.59645847203703,333.08033486149003,72.0,30.90716157998361,15000.0,421182.88,4246.732688971792,0,3370.0
2.0,wind,bus_123,wind_12200,35.47357956525517,-115.44881715028572,126.2254653067372,282.0,35.868914710440556,35000.0,368521.7,3513.425303677313,0,3370.0
3.0,wind,bus_123,wind_12222,35.22682144338148,-118.80774809025925,354.0402214992831,180.0,7.294763642570183,15000.0,448000.2,4639.573607492375,0,3370.0
2.0,wind,bus_123,wind_13347,35.602189786706894,-115.36118871457143,138.26847076972845,240.0,31.74171522120349,35000.0,271069.88,4934.397613384755,0,3370.0
2.0,wind,bus_123,wind_13355,35.602189786706894,-114.66016122885715,140.69195686271914,258.0,46.71920613088312,35000.0,318633.25,4238.3168759567225,0,3370.0
2.0,wind,bus_123,wind_13719,35.602189786706894,-113.696248436,184.4985492257691,270.0,49.6009464184887,15000.0,369154.3,5210.298750561249,0,3370.0
2.0,wind,bus_123,wind_13723,35.602189786706894,-113.34573469314286,207.46670755082232,282.0,46.93785294623239,35000.0,342503.72,4586.018234119997,0,3370.0
2.0,wind,bus_123,wind_14115,35.645059860524135,-113.60862000028573,193.4067150910395,102.0,44.604152879739,35000.0,319696.4,5301.523045267489,0,3370.0
1.0,solar,bus_123,solar_1180,33.609768440889475,-113.9774181261579,132.271670752862,119.51,20.66093307534744,35000.0,415575.4,10881.386489607035,1,540.0
1.0,solar,bus_123,solar_1938,33.70863148776316,-115.91018336026316,107.77670826695552,413.56,21.006451738438415,35000.0,136194.78,5589.921430933224,1,540.0
1.0,solar,bus_123,solar_2696,33.70863148776316,-114.5296367644737,89.85450068412439,975.34,20.23556579392014,15000.0,326046.84,5842.262500000001,1,540.0
3.0,solar,bus_123,solar_3481,35.31340266021852,-117.54001038092592,248.1450235451506,235.46,20.98557988500825,15000.0,1450488.9,9015.091456745968,0,540.0
3.0,solar,bus_123,solar_3865,35.399983877055554,-117.89215974462962,281.2756257222904,555.68,20.956046218629005,15000.0,748010.2,8326.904253604604,0,540.0
1.0,solar,bus_123,solar_4974,33.90635758151053,-114.39158210489474,81.7386709120161,725.49,20.566563256377396,15000.0,151662.47,5015.97306034038,1,540.0
3.0,solar,bus_123,solar_5002,35.57314631072963,-117.75129999914815,277.9707664483504,321.51,20.805657171461945,15000.0,610527.6,14019.768686868687,0,540.0
2.0,solar,bus_123,solar_6866,35.773670081975865,-113.082849386,237.90858473989172,1975.87,20.3644778352278,15000.0,163287.61,3303.7093581362155,0,540.0
2.0,solar,bus_123,solar_6870,35.816540155793106,-115.27356027885715,160.59755060241764,511.49,20.3885561933549,15000.0,191078.33,4340.889018140537,0,540.0
1.0,solar,bus_123,solar_6877,34.20294672213158,-114.39158210489474,65.3204156167458,243.36,20.323107440582152,35000.0,248843.27,14732.03952695499,1,540.0
1.0,solar,bus_123,solar_7637,34.40067281587895,-116.0482380198421,89.89590110591928,115.64,20.97164538263398,15000.0,329703.16,8637.77394621809,1,540.0
1.0,solar,bus_123,solar_8402,34.59839890962632,-116.18629267942106,105.2066420556274,800.57,20.779362880359272,35000.0,309062.75,5348.813514564577,1,540.0
1.0,solar,bus_123,solar_8406,34.59839890962632,-115.63407404110526,57.123245415966664,381.67,20.52282248996236,35000.0,307217.75,13701.886610865902,1,540.0
3.0,solar,bus_123,solar_8422,36.00605239491482,-118.878177963,390.3850331575739,1534.09,18.4643785313685,15000.0,147581.83,4738.016111105843,0,540.0
1.0,solar,bus_123,solar_8772,34.59839890962632,-115.21991006236843,27.76379534219909,1262.43,20.827260532201606,15000.0,285082.16,4698.472227915261,1,540.0
3.0,solar,bus_123,solar_8801,36.00605239491482,-118.0330194901111,324.26388338879616,1920.94,21.38626932296118,15000.0,166064.89,3150.371663040237,0,540.0
1.0,solar,bus_123,solar_9164,34.6972619565,-115.91018336026316,84.66543677917966,1370.69,20.80076673898595,15000.0,228099.69,4582.887685702328,1,540.0
3.0,solar,bus_123,solar_9554,36.09263361175185,-118.73731821751852,383.60876681051855,2675.24,19.246807189138497,35000.0,439531.4,4826.783703703703,0,540.0
2.0,solar,bus_123,solar_10302,35.94515037724483,-113.95913374314286,200.9595083006743,774.09,20.206921077184717,35000.0,88726.28,5257.520563974944,0,540.0
3.0,solar,bus_123,solar_11083,36.26579604542593,-118.1738792355926,351.0132213212629,562.63,21.704051587967797,15000.0,407670.75,4334.185178850601,0,540.0
2.0,solar,bus_123,solar_11821,36.07376059869655,-115.36118871457143,189.98044827002144,1895.69,20.33245961018209,35000.0,267489.94,4568.217359904856,0,540.0
3.0,solar,bus_123,solar_11837,36.35237726226296,-118.5260285992963,382.4154768540424,3199.82,21.280843517492393,35000.0,657265.94,3555.5323979640634,0,540.0
2.0,solar,bus_123,solar_12188,36.07376059869655,-114.48490435742858,195.4469105945795,1034.83,19.649696670386444,35000.0,345709.78,6176.704732336498,0,540.0
3.0,solar,bus_123,solar_12223,36.35237726226296,-117.3287207627037,299.971171158874,616.44,19.899699049838656,15000.0,431066.34,4162.50411039619,0,540.0
2.0,solar,bus_123,solar_12568,36.11663067251379,-114.74778966457143,195.0717948824756,907.88,19.391389919897858,35000.0,404530.84,7771.421293493865,0,540.0
3.0,solar,bus_123,solar_12591,36.35237726226296,-117.11743114448147,287.2285517756587,1283.28,20.986785155739607,35000.0,243376.78,5059.439440354808,0,540.0
2.0,solar,bus_123,solar_12954,36.159500746331034,-114.13439061457143,215.07989730680237,216.79,19.79746766913336,35000.0,467371.66,9295.096465069715,0,540.0
2.0,solar,bus_123,solar_12977,36.202370820148275,-114.923046536,202.84760824258424,422.82,19.98129969611502,35000.0,365625.44,4648.62371364967,0,540.0
2.0,solar,bus_123,solar_13734,36.28811096778276,-115.01067497171428,212.01536950577943,1435.71,20.022836093802365,35000.0,275067.38,4670.662091503268,0,540.0
2.0,solar,bus_123,solar_14502,36.3309810416,-114.923046536,217.1193310061153,1274.09,19.972700974607537,35000.0,392252.53,3317.1199651070892,0,540.0
1.0,wind,bus_124,wind_3840,32.91772711277368,-115.08185540278947,79.99230530351323,78.0,29.86654403472681,35000.0,257014.03,13494.356293888508,1,3370.0
1.0,wind,bus_124,wind_3841,32.91772711277368,-114.94380074321053,74.48229238638856,66.0,32.903536507098664,35000.0,317563.62,13922.127475281783,1,3370.0
3.0,wind,bus_124,wind_3867,34.18784684133704,-116.976571399,225.89112085863513,66.0,22.15517101019571,15000.0,550612.56,10357.109068159081,0,3370.0
3.0,wind,bus_124,wind_4614,34.274428058174074,-117.04700127174074,235.1135939439921,228.0,45.46469677479659,15000.0,542013.2,9597.691972840154,0,3370.0
3.0,wind,bus_124,wind_4625,34.361009275011114,-118.24430910833333,343.18039109236764,186.0,40.587012468578514,35000.0,411351.8,5539.314954486427,0,3370.0
1.0,wind,bus_124,wind_5738,33.01659015964737,-114.80574608363158,60.152267701064176,144.0,45.67545565294453,35000.0,185248.53,6033.371193415638,1,3370.0
3.0,wind,bus_124,wind_5759,34.534171708685186,-118.5260285992963,373.1668934945658,246.0,27.70681974270578,15000.0,579130.6,4889.942746873255,0,3370.0
3.0,wind,bus_124,wind_5762,34.534171708685186,-118.31473898107407,354.61691678030144,204.0,38.767218884089594,15000.0,378539.16,11720.692783303672,0,3370.0
1.0,wind,bus_124,wind_6124,33.11545320652105,-116.324347339,162.08022372962432,60.0,52.26981609860366,35000.0,376899.84,13854.580762104344,1,3370.0
2.0,wind,bus_124,wind_6862,35.173489048534485,-114.48490435742858,181.98873334781712,42.0,49.37766374099247,35000.0,362114.1,5022.801101628039,0,3370.0
2.0,wind,bus_124,wind_6864,35.173489048534485,-114.309647486,184.07975275780444,252.0,39.248624139220354,35000.0,454195.8,4487.393906682622,0,3370.0
2.0,wind,bus_124,wind_8004,35.216359122351726,-115.01067497171428,188.8900784252677,222.0,57.02361614208024,15000.0,347759.25,3906.8795749374895,0,3370.0
1.0,wind,bus_124,wind_8011,33.31317930026842,-115.63407404110526,94.2498222861904,228.0,17.733234099813693,15000.0,124354.65,5979.508496701373,1,3370.0
1.0,wind,bus_124,wind_8026,33.31317930026842,-113.701308807,92.25011382585258,126.0,33.18933618191138,35000.0,307217.75,13701.886610865902,1,3370.0
1.0,wind,bus_124,wind_8770,33.412042347142105,-113.9774181261579,64.64282529210047,276.0,40.85052500898017,35000.0,139822.95,4952.446145236453,1,3370.0
1.0,wind,bus_124,wind_8775,33.51090539401579,-116.0482380198421,129.05653070115852,108.0,31.262503103984557,15000.0,240732.22,5543.147302292982,1,3370.0
2.0,wind,bus_124,wind_9542,35.25922919616897,-113.43336312885715,221.38290905264648,228.0,40.26782429171251,15000.0,206109.4,3636.3574772151674,0,3370.0
1.0,wind,bus_124,wind_9546,33.609768440889475,-116.18629267942106,141.91735325494628,258.0,31.322704717256308,35000.0,228112.95,6730.409007429606,1,3370.0
1.0,wind,bus_124,wind_9926,33.609768440889475,-115.7721287006842,103.62122781242029,288.0,29.121414121724055,35000.0,177124.89,5342.027528675423,1,3370.0
3.0,wind,bus_124,wind_10314,34.96707779287037,-118.38516885381482,377.4736957993369,246.0,41.28737036872091,15000.0,469507.75,3910.4721550060904,0,3370.0
3.0,wind,bus_124,wind_11080,35.05365900970741,-117.82172987188889,335.7672956378227,240.0,29.83449048851381,15000.0,473568.0,3140.1317006028785,0,3370.0
3.0,wind,bus_124,wind_11451,35.05365900970741,-117.39915063544444,302.78553173069196,216.0,31.922420034212657,35000.0,286184.66,5037.468664619892,0,3370.0
3.0,wind,bus_124,wind_11462,35.14024022654445,-118.59645847203703,402.9425211932575,72.0,30.90716157998361,15000.0,421182.88,4246.732688971792,0,3370.0
2.0,wind,bus_124,wind_12200,35.47357956525517,-115.44881715028572,226.6159580165611,282.0,35.868914710440556,35000.0,368521.7,3513.425303677313,0,3370.0
3.0,wind,bus_124,wind_12222,35.22682144338148,-118.80774809025925,424.4144124917342,180.0,7.294763642570183,15000.0,448000.2,4639.573607492375,0,3370.0
2.0,wind,bus_124,wind_13347,35.602189786706894,-115.36118871457143,237.88995570261525,240.0,31.74171522120349,35000.0,271069.88,4934.397613384755,0,3370.0
2.0,wind,bus_124,wind_13355,35.602189786706894,-114.66016122885715,228.9755892399152,258.0,46.71920613088312,35000.0,318633.25,4238.3168759567225,0,3370.0
2.0,wind,bus_124,wind_13719,35.602189786706894,-113.696248436,245.2698056554501,270.0,49.6009464184887,15000.0,369154.3,5210.298750561249,0,3370.0
2.0,wind,bus_124,wind_13723,35.602189786706894,-113.34573469314286,258.5118782926663,282.0,46.93785294623239,35000.0,342503.72,4586.018234119997,0,3370.0
2.0,wind,bus_124,wind_14115,35.645059860524135,-113.60862000028573,252.6517375756716,102.0,44.604152879739,35000.0,319696.4,5301.523045267489,0,3370.0
1.0,solar,bus_124,solar_1180,33.609768440889475,-113.9774181261579,63.34731728623949,119.51,20.66093307534744,35000.0,415575.4,10881.386489607035,1,540.0
1.0,solar,bus_124,solar_1938,33.70863148776316,-115.91018336026316,117.53006499439311,413.56,21.006451738438415,35000.0,136194.78,5589.921430933224,1,540.0
1.0,solar,bus_124,solar_2696,33.70863148776316,-114.5296367644737,21.84694079295467,975.34,20.23556579392014,15000.0,326046.84,5842.262500000001,1,540.0
3.0,solar,bus_124,solar_3481,35.31340266021852,-117.54001038092592,329.6684627196449,235.46,20.98557988500825,15000.0,1450488.9,9015.091456745968,0,540.0
3.0,solar,bus_124,solar_3865,35.399983877055554,-117.89215974462962,361.37561578245106,555.68,20.956046218629005,15000.0,748010.2,8326.904253604604,0,540.0
1.0,solar,bus_124,solar_4974,33.90635758151053,-114.39158210489474,47.25424399059069,725.49,20.566563256377396,15000.0,151662.47,5015.97306034038,1,540.0
3.0,solar,bus_124,solar_5002,35.57314631072963,-117.75129999914815,362.28981842845013,321.51,20.805657171461945,15000.0,610527.6,14019.768686868687,0,540.0
2.0,solar,bus_124,solar_6866,35.773670081975865,-113.082849386,286.76632370209757,1975.87,20.3644778352278,15000.0,163287.61,3303.7093581362155,0,540.0
2.0,solar,bus_124,solar_6870,35.816540155793106,-115.27356027885715,259.02838959191354,511.49,20.3885561933549,15000.0,191078.33,4340.889018140537,0,540.0
1.0,solar,bus_124,solar_6877,34.20294672213158,-114.39158210489474,77.35446342520206,243.36,20.323107440582152,35000.0,248843.27,14732.03952695499,1,540.0
1.0,solar,bus_124,solar_7637,34.40067281587895,-116.0482380198421,159.8946923113309,115.64,20.97164538263398,15000.0,329703.16,8637.77394621809,1,540.0
1.0,solar,bus_124,solar_8402,34.59839890962632,-116.18629267942106,183.37461812436715,800.57,20.779362880359272,35000.0,309062.75,5348.813514564577,1,540.0
1.0,solar,bus_124,solar_8406,34.59839890962632,-115.63407404110526,147.9200084388543,381.67,20.52282248996236,35000.0,307217.75,13701.886610865902,1,540.0
3.0,solar,bus_124,solar_8422,36.00605239491482,-118.878177963,472.8792447040069,1534.09,18.4643785313685,15000.0,147581.83,4738.016111105843,0,540.0
1.0,solar,bus_124,solar_8772,34.59839890962632,-115.21991006236843,128.3202246683299,1262.43,20.827260532201606,15000.0,285082.16,4698.472227915261,1,540.0
3.0,solar,bus_124,solar_8801,36.00605239491482,-118.0330194901111,412.40337771575673,1920.94,21.38626932296118,15000.0,166064.89,3150.371663040237,0,540.0
1.0,solar,bus_124,solar_9164,34.6972619565,-115.91018336026316,172.60352042697332,1370.69,20.80076673898595,15000.0,228099.69,4582.887685702328,1,540.0
3.0,solar,bus_124,solar_9554,36.09263361175185,-118.73731821751852,468.06162142604256,2675.24,19.246807189138497,35000.0,439531.4,4826.783703703703,0,540.0
2.0,solar,bus_124,solar_10302,35.94515037724483,-113.95913374314286,274.60257204684854,774.09,20.206921077184717,35000.0,88726.28,5257.520563974944,0,540.0
3.0,solar,bus_124,solar_11083,36.26579604542593,-118.1738792355926,441.0144457533529,562.63,21.704051587967797,15000.0,407670.75,4334.185178850601,0,540.0
2.0,solar,bus_124,solar_11821,36.07376059869655,-115.36118871457143,288.6697314398991,1895.69,20.33245961018209,35000.0,267489.94,4568.217359904856,0,540.0
3.0,solar,bus_124,solar_11837,36.35237726226296,-118.5260285992963,471.06089834739294,3199.82,21.280843517492393,35000.0,657265.94,3555.5323979640634,0,540.0
2.0,solar,bus_124,solar_12188,36.07376059869655,-114.48490435742858,281.8471341050028,1034.83,19.649696670386444,35000.0,345709.78,6176.704732336498,0,540.0
3.0,solar,bus_124,solar_12223,36.35237726226296,-117.3287207627037,396.0761790288776,616.44,19.899699049838656,15000.0,431066.34,4162.50411039619,0,540.0
2.0,solar,bus_124,solar_12568,36.11663067251379,-114.74778966457143,286.2998186051842,907.88,19.391389919897858,35000.0,404530.84,7771.421293493865,0,540.0
3.0,solar,bus_124,solar_12591,36.35237726226296,-117.11743114448147,384.5411790364023,1283.28,20.986785155739607,35000.0,243376.78,5059.439440354808,0,540.0
2.0,solar,bus_124,solar_12954,36.159500746331034,-114.13439061457143,294.8186779352499,216.79,19.79746766913336,35000.0,467371.66,9295.096465069715,0,540.0
2.0,solar,bus_124,solar_12977,36.202370820148275,-114.923046536,296.71014725192276,422.82,19.98129969611502,35000.0,365625.44,4648.62371364967,0,540.0
2.0,solar,bus_124,solar_13734,36.28811096778276,-115.01067497171428,306.9490973065259,1435.71,20.022836093802365,35000.0,275067.38,4670.662091503268,0,540.0
2.0,solar,bus_124,solar_14502,36.3309810416,-114.923046536,310.963541105782,1274.09,19.972700974607537,35000.0,392252.53,3317.1199651070892,0,540.0
1.0,wind,bus_201,wind_3840,32.91772711277368,-115.08185540278947,391.4820639252304,78.0,29.86654403472681,35000.0,257014.03,13494.356293888508,0,3370.0
1.0,wind,bus_201,wind_3841,32.91772711277368,-114.94380074321053,387.649842573545,66.0,32.903536507098664,35000.0,317563.62,13922.127475281783,0,3370.0
3.0,wind,bus_201,wind_3867,34.18784684133704,-116.976571399,374.5210683704276,66.0,22.15517101019571,15000.0,550612.56,10357.109068159081,0,3370.0
3.0,wind,bus_201,wind_4614,34.274428058174074,-117.04700127174074,373.7093441212572,228.0,45.46469677479659,15000.0,542013.2,9597.691972840154,0,3370.0
3.0,wind,bus_201,wind_4625,34.361009275011114,-118.24430910833333,461.2468324454193,186.0,40.587012468578514,35000.0,411351.8,5539.314954486427,0,3370.0
1.0,wind,bus_201,wind_5738,33.01659015964737,-114.80574608363158,373.5704607073878,144.0,45.67545565294453,35000.0,185248.53,6033.371193415638,0,3370.0
3.0,wind,bus_201,wind_5759,34.534171708685186,-118.5260285992963,475.6364582952563,246.0,27.70681974270578,15000.0,579130.6,4889.942746873255,0,3370.0
3.0,wind,bus_201,wind_5762,34.534171708685186,-118.31473898107407,458.1752504062392,204.0,38.767218884089594,15000.0,378539.16,11720.692783303672,0,3370.0
1.0,wind,bus_201,wind_6124,33.11545320652105,-116.324347339,422.52202231705854,60.0,52.26981609860366,35000.0,376899.84,13854.580762104344,0,3370.0
2.0,wind,bus_201,wind_6862,35.173489048534485,-114.48490435742858,138.6717048424924,42.0,49.37766374099247,35000.0,362114.1,5022.801101628039,1,3370.0
2.0,wind,bus_201,wind_6864,35.173489048534485,-114.309647486,131.52668038781977,252.0,39.248624139220354,35000.0,454195.8,4487.393906682622,1,3370.0
2.0,wind,bus_201,wind_8004,35.216359122351726,-115.01067497171428,163.9932858446785,222.0,57.02361614208024,15000.0,347759.25,3906.8795749374895,1,3370.0
1.0,wind,bus_201,wind_8011,33.31317930026842,-115.63407404110526,370.8688675616893,228.0,17.733234099813693,15000.0,124354.65,5979.508496701373,0,3370.0
1.0,wind,bus_201,wind_8026,33.31317930026842,-113.701308807,327.19451682785143,126.0,33.18933618191138,35000.0,307217.75,13701.886610865902,0,3370.0
1.0,wind,bus_201,wind_8770,33.412042347142105,-113.9774181261579,317.0574016463745,276.0,40.85052500898017,35000.0,139822.95,4952.446145236453,0,3370.0
1.0,wind,bus_201,wind_8775,33.51090539401579,-116.0482380198421,371.7112320948482,108.0,31.262503103984557,15000.0,240732.22,5543.147302292982,0,3370.0
2.0,wind,bus_201,wind_9542,35.25922919616897,-113.43336312885715,113.80785162780003,228.0,40.26782429171251,15000.0,206109.4,3636.3574772151674,1,3370.0
1.0,wind,bus_201,wind_9546,33.609768440889475,-116.18629267942106,370.1639487154678,258.0,31.322704717256308,35000.0,228112.95,6730.409007429606,0,3370.0
1.0,wind,bus_201,wind_9926,33.609768440889475,-115.7721287006842,348.551738389822,288.0,29.121414121724055,35000.0,177124.89,5342.027528675423,0,3370.0
3.0,wind,bus_201,wind_10314,34.96707779287037,-118.38516885381482,445.2197289484487,246.0,41.28737036872091,15000.0,469507.75,3910.4721550060904,0,3370.0
3.0,wind,bus_201,wind_11080,35.05365900970741,-117.82172987188889,393.7916588858215,240.0,29.83449048851381,15000.0,473568.0,3140.1317006028785,0,3370.0
3.0,wind,bus_201,wind_11451,35.05365900970741,-117.39915063544444,358.12083259487997,216.0,31.922420034212657,35000.0,286184.66,5037.468664619892,0,3370.0
3.0,wind,bus_201,wind_11462,35.14024022654445,-118.59645847203703,457.2964480543131,72.0,30.90716157998361,15000.0,421182.88,4246.732688971792,0,3370.0
2.0,wind,bus_201,wind_12200,35.47357956525517,-115.44881715028572,178.29518529232666,282.0,35.868914710440556,35000.0,368521.7,3513.425303677313,1,3370.0
3.0,wind,bus_201,wind_12222,35.22682144338148,-118.80774809025925,473.0241292488361,180.0,7.294763642570183,15000.0,448000.2,4639.573607492375,0,3370.0
2.0,wind,bus_201,wind_13347,35.602189786706894,-115.36118871457143,164.54649640003433,240.0,31.74171522120349,35000.0,271069.88,4934.397613384755,1,3370.0
2.0,wind,bus_201,wind_13355,35.602189786706894,-114.66016122885715,111.45753903629488,258.0,46.71920613088312,35000.0,318633.25,4238.3168759567225,1,3370.0
2.0,wind,bus_201,wind_13719,35.602189786706894,-113.696248436,72.6985228108139,270.0,49.6009464184887,15000.0,369154.3,5210.298750561249,1,3370.0
2.0,wind,bus_201,wind_13723,35.602189786706894,-113.34573469314286,80.15343059540443,282.0,46.93785294623239,35000.0,342503.72,4586.018234119997,1,3370.0
2.0,wind,bus_201,wind_14115,35.645059860524135,-113.60862000028573,68.65206591592343,102.0,44.604152879739,35000.0,319696.4,5301.523045267489,1,3370.0
1.0,solar,bus_201,solar_1180,33.609768440889475,-113.9774181261579,295.1332617215379,119.51,20.66093307534744,35000.0,415575.4,10881.386489607035,0,540.0
1.0,solar,bus_201,solar_1938,33.70863148776316,-115.91018336026316,346.34522057255685,413.56,21.006451738438415,35000.0,136194.78,5589.921430933224,0,540.0
1.0,solar,bus_201,solar_2696,33.70863148776316,-114.5296367644737,292.62681363824106,975.34,20.23556579392014,15000.0,326046.84,5842.262500000001,0,540.0
3.0,solar,bus_201,solar_3481,35.31340266021852,-117.54001038092592,359.9968341078041,235.46,20.98557988500825,15000.0,1450488.9,9015.091456745968,0,540.0
3.0,solar,bus_201,solar_3865,35.399983877055554,-117.89215974462962,387.8198310198276,555.68,20.956046218629005,15000.0,748010.2,8326.904253604604,0,540.0
1.0,solar,bus_201,solar_4974,33.90635758151053,-114.39158210489474,268.2502456791249,725.49,20.566563256377396,15000.0,151662.47,5015.97306034038,0,540.0
3.0,solar,bus_201,solar_5002,35.57314631072963,-117.75129999914815,370.7284446688159,321.51,20.805657171461945,15000.0,610527.6,14019.768686868687,0,540.0
2.0,solar,bus_201,solar_6866,35.773670081975865,-113.082849386,78.56119656810306,1975.87,20.3644778352278,15000.0,163287.61,3303.7093581362155,1,540.0
2.0,solar,bus_201,solar_6870,35.816540155793106,-115.27356027885715,147.85079758487046,511.49,20.3885561933549,15000.0,191078.33,4340.889018140537,1,540.0
1.0,solar,bus_201,solar_6877,34.20294672213158,-114.39158210489474,236.2249333207371,243.36,20.323107440582152,35000.0,248843.27,14732.03952695499,0,540.0
1.0,solar,bus_201,solar_7637,34.40067281587895,-116.0482380198421,295.106907293103,115.64,20.97164538263398,15000.0,329703.16,8637.77394621809,0,540.0
1.0,solar,bus_201,solar_8402,34.59839890962632,-116.18629267942106,289.52311225331727,800.57,20.779362880359272,35000.0,309062.75,5348.813514564577,0,540.0
1.0,solar,bus_201,solar_8406,34.59839890962632,-115.63407404110526,252.9497905379701,381.67,20.52282248996236,35000.0,307217.75,13701.886610865902,0,540.0
3.0,solar,bus_201,solar_8422,36.00605239491482,-118.878177963,463.8926105506156,1534.09,18.4643785313685,15000.0,147581.83,4738.016111105843,0,540.0
1.0,solar,bus_201,solar_8772,34.59839890962632,-115.21991006236843,228.88472790963584,1262.43,20.827260532201606,15000.0,285082.16,4698.472227915261,0,540.0
3.0,solar,bus_201,solar_8801,36.00605239491482,-118.0330194901111,388.1749505572753,1920.94,21.38626932296118,15000.0,166064.89,3150.371663040237,0,540.0
1.0,solar,bus_201,solar_9164,34.6972619565,-115.91018336026316,263.24846657386087,1370.69,20.80076673898595,15000.0,228099.69,4582.887685702328,0,540.0
3.0,solar,bus_201,solar_9554,36.09263361175185,-118.73731821751852,450.532126778511,2675.24,19.246807189138497,35000.0,439531.4,4826.783703703703,0,540.0
2.0,solar,bus_201,solar_10302,35.94515037724483,-113.95913374314286,40.59532598957224,774.09,20.206921077184717,35000.0,88726.28,5257.520563974944,1,540.0
3.0,solar,bus_201,solar_11083,36.26579604542593,-118.1738792355926,399.1681656657298,562.63,21.704051587967797,15000.0,407670.75,4334.185178850601,0,540.0
2.0,solar,bus_201,solar_11821,36.07376059869655,-115.36118871457143,148.57706858266533,1895.69,20.33245961018209,35000.0,267489.94,4568.217359904856,1,540.0
3.0,solar,bus_201,solar_11837,36.35237726226296,-118.5260285992963,430.6265855545396,3199.82,21.280843517492393,35000.0,657265.94,3555.5323979640634,0,540.0
2.0,solar,bus_201,solar_12188,36.07376059869655,-114.48490435742858,71.45376170217764,1034.83,19.649696670386444,35000.0,345709.78,6176.704732336498,1,540.0
3.0,solar,bus_201,solar_12223,36.35237726226296,-117.3287207627037,323.40531130211997,616.44,19.899699049838656,15000.0,431066.34,4162.50411039619,0,540.0
2.0,solar,bus_201,solar_12568,36.11663067251379,-114.74778966457143,93.39347251133346,907.88,19.391389919897858,35000.0,404530.84,7771.421293493865,1,540.0
3.0,solar,bus_201,solar_12591,36.35237726226296,-117.11743114448147,304.48576584856784,1283.28,20.986785155739607,35000.0,243376.78,5059.439440354808,0,540.0
2.0,solar,bus_201,solar_12954,36.159500746331034,-114.13439061457143,38.55769220597457,216.79,19.79746766913336,35000.0,467371.66,9295.096465069715,1,540.0
2.0,solar,bus_201,solar_12977,36.202370820148275,-114.923046536,107.93712135943724,422.82,19.98129969611502,35000.0,365625.44,4648.62371364967,1,540.0
2.0,solar,bus_201,solar_13734,36.28811096778276,-115.01067497171428,115.62702787496056,1435.71,20.022836093802365,35000.0,275067.38,4670.662091503268,1,540.0
2.0,solar,bus_201,solar_14502,36.3309810416,-114.923046536,108.01080208539048,1274.09,19.972700974607537,35000.0,392252.53,3317.1199651070892,1,540.0
1.0,wind,bus_202,wind_3840,32.91772711277368,-115.08185540278947,394.39099346062073,78.0,29.86654403472681,35000.0,257014.03,13494.356293888508,0,3370.0
1.0,wind,bus_202,wind_3841,32.91772711277368,-114.94380074321053,390.66143098286966,66.0,32.903536507098664,35000.0,317563.62,13922.127475281783,0,3370.0
3.0,wind,bus_202,wind_3867,34.18784684133704,-116.976571399,375.0820339393466,66.0,22.15517101019571,15000.0,550612.56,10357.109068159081,0,3370.0
3.0,wind,bus_202,wind_4614,34.274428058174074,-117.04700127174074,374.1350804347982,228.0,45.46469677479659,15000.0,542013.2,9597.691972840154,0,3370.0
3.0,wind,bus_202,wind_4625,34.361009275011114,-118.24430910833333,460.95457156839115,186.0,40.587012468578514,35000.0,411351.8,5539.314954486427,0,3370.0
1.0,wind,bus_202,wind_5738,33.01659015964737,-114.80574608363158,376.6606779741623,144.0,45.67545565294453,35000.0,185248.53,6033.371193415638,0,3370.0
3.0,wind,bus_202,wind_5759,34.534171708685186,-118.5260285992963,475.0736117768544,246.0,27.70681974270578,15000.0,579130.6,4889.942746873255,0,3370.0
3.0,wind,bus_202,wind_5762,34.534171708685186,-118.31473898107407,457.6914346082016,204.0,38.767218884089594,15000.0,378539.16,11720.692783303672,0,3370.0
1.0,wind,bus_202,wind_6124,33.11545320652105,-116.324347339,424.4036449643621,60.0,52.26981609860366,35000.0,376899.84,13854.580762104344,0,3370.0
2.0,wind,bus_202,wind_6862,35.173489048534485,-114.48490435742858,140.92656196644282,42.0,49.37766374099247,35000.0,362114.1,5022.801101628039,1,3370.0
2.0,wind,bus_202,wind_6864,35.173489048534485,-114.309647486,134.1660533117837,252.0,39.248624139220354,35000.0,454195.8,4487.393906682622,1,3370.0
2.0,wind,bus_202,wind_8004,35.216359122351726,-115.01067497171428,165.14974417425412,222.0,57.02361614208024,15000.0,347759.25,3906.8795749374895,1,3370.0
1.0,wind,bus_202,wind_8011,33.31317930026842,-115.63407404110526,373.1822710787184,228.0,17.733234099813693,15000.0,124354.65,5979.508496701373,0,3370.0
1.0,wind,bus_202,wind_8026,33.31317930026842,-113.701308807,331.0283323284157,126.0,33.18933618191138,35000.0,307217.75,13701.886610865902,0,3370.0
1.0,wind,bus_202,wind_8770,33.412042347142105,-113.9774181261579,320.70577078970894,276.0,40.85052500898017,35000.0,139822.95,4952.446145236453,0,3370.0
1.0,wind,bus_202,wind_8775,33.51090539401579,-116.0482380198421,373.5635055293913,108.0,31.262503103984557,15000.0,240732.22,5543.147302292982,0,3370.0
2.0,wind,bus_202,wind_9542,35.25922919616897,-113.43336312885715,118.0314232012812,228.0,40.26782429171251,15000.0,206109.4,3636.3574772151674,1,3370.0
1.0,wind,bus_202,wind_9546,33.609768440889475,-116.18629267942106,371.83402394605105,258.0,31.322704717256308,35000.0,228112.95,6730.409007429606,0,3370.0
1.0,wind,bus_202,wind_9926,33.609768440889475,-115.7721287006842,350.5747600234305,288.0,29.121414121724055,35000.0,177124.89,5342.027528675423,0,3370.0
3.0,wind,bus_202,wind_10314,34.96707779287037,-118.38516885381482,444.2856589930186,246.0,41.28737036872091,15000.0,469507.75,3910.4721550060904,0,3370.0
3.0,wind,bus_202,wind_11080,35.05365900970741,-117.82172987188889,392.953164373123,240.0,29.83449048851381,15000.0,473568.0,3140.1317006028785,0,3370.0
3.0,wind,bus_202,wind_11451,35.05365900970741,-117.39915063544444,357.45118563135577,216.0,31.922420034212657,35000.0,286184.66,5037.468664619892,0,3370.0
3.0,wind,bus_202,wind_11462,35.14024022654445,-118.59645847203703,456.13036378940893,72.0,30.90716157998361,15000.0,421182.88,4246.732688971792,0,3370.0
2.0,wind,bus_202,wind_12200,35.47357956525517,-115.44881715028572,178.253622261614,282.0,35.868914710440556,35000.0,368521.7,3513.425303677313,1,3370.0
3.0,wind,bus_202,wind_12222,35.22682144338148,-118.80774809025925,471.7241976680212,180.0,7.294763642570183,15000.0,448000.2,4639.573607492375,0,3370.0
2.0,wind,bus_202,wind_13347,35.602189786706894,-115.36118871457143,164.28204666930955,240.0,31.74171522120349,35000.0,271069.88,4934.397613384755,1,3370.0
2.0,wind,bus_202,wind_13355,35.602189786706894,-114.66016122885715,112.34137122328356,258.0,46.71920613088312,35000.0,318633.25,4238.3168759567225,1,3370.0
2.0,wind,bus_202,wind_13719,35.602189786706894,-113.696248436,76.6078580834274,270.0,49.6009464184887,15000.0,369154.3,5210.298750561249,1,3370.0
2.0,wind,bus_202,wind_13723,35.602189786706894,-113.34573469314286,84.53965886870765,282.0,46.93785294623239,35000.0,342503.72,4586.018234119997,1,3370.0
2.0,wind,bus_202,wind_14115,35.645059860524135,-113.60862000028573,72.76786387093344,102.0,44.604152879739,35000.0,319696.4,5301.523045267489,1,3370.0
1.0,solar,bus_202,solar_1180,33.609768440889475,-113.9774181261579,298.7690840932489,119.51,20.66093307534744,35000.0,415575.4,10881.386489607035,0,540.0
1.0,solar,bus_202,solar_1938,33.70863148776316,-115.91018336026316,348.17855128213756,413.56,21.006451738438415,35000.0,136194.78,5589.921430933224,0,540.0
1.0,solar,bus_202,solar_2696,33.70863148776316,-114.5296367644737,295.76936532105833,975.34,20.23556579392014,15000.0,326046.84,5842.262500000001,0,540.0
3.0,solar,bus_202,solar_3481,35.31340266021852,-117.54001038092592,358.9473026823535,235.46,20.98557988500825,15000.0,1450488.9,9015.091456745968,0,540.0
3.0,solar,bus_202,solar_3865,35.399983877055554,-117.89215974462962,386.5589675804496,555.68,20.956046218629005,15000.0,748010.2,8326.904253604604,0,540.0
1.0,solar,bus_202,solar_4974,33.90635758151053,-114.39158210489474,271.4719521229643,725.49,20.566563256377396,15000.0,151662.47,5015.97306034038,0,540.0
3.0,solar,bus_202,solar_5002,35.57314631072963,-117.75129999914815,369.29657408294776,321.51,20.805657171461945,15000.0,610527.6,14019.768686868687,0,540.0
2.0,solar,bus_202,solar_6866,35.773670081975865,-113.082849386,82.77493572356184,1975.87,20.3644778352278,15000.0,163287.61,3303.7093581362155,1,540.0
2.0,solar,bus_202,solar_6870,35.816540155793106,-115.27356027885715,147.0664379382897,511.49,20.3885561933549,15000.0,191078.33,4340.889018140537,1,540.0
1.0,solar,bus_202,solar_6877,34.20294672213158,-114.39158210489474,239.35421465364473,243.36,20.323107440582152,35000.0,248843.27,14732.03952695499,0,540.0
1.0,solar,bus_202,solar_7637,34.40067281587895,-116.0482380198421,296.1822785301827,115.64,20.97164538263398,15000.0,329703.16,8637.77394621809,0,540.0
1.0,solar,bus_202,solar_8402,34.59839890962632,-116.18629267942106,290.23472769779676,800.57,20.779362880359272,35000.0,309062.75,5348.813514564577,0,540.0
1.0,solar,bus_202,solar_8406,34.59839890962632,-115.63407404110526,254.21789776050795,381.67,20.52282248996236,35000.0,307217.75,13701.886610865902,0,540.0
3.0,solar,bus_202,solar_8422,36.00605239491482,-118.878177963,461.8409487052148,1534.09,18.4643785313685,15000.0,147581.83,4738.016111105843,0,540.0
1.0,solar,bus_202,solar_8772,34.59839890962632,-115.21991006236843,230.65751120499803,1262.43,20.827260532201606,15000.0,285082.16,4698.472227915261,0,540.0
3.0,solar,bus_202,solar_8801,36.00605239491482,-118.0330194901111,386.1894737833925,1920.94,21.38626932296118,15000.0,166064.89,3150.371663040237,0,540.0
1.0,solar,bus_202,solar_9164,34.6972619565,-115.91018336026316,264.0929551685711,1370.69,20.80076673898595,15000.0,228099.69,4582.887685702328,0,540.0
3.0,solar,bus_202,solar_9554,36.09263361175185,-118.73731821751852,448.4075461697629,2675.24,19.246807189138497,35000.0,439531.4,4826.783703703703,0,540.0
2.0,solar,bus_202,solar_10302,35.94515037724483,-113.95913374314286,42.85531258903673,774.09,20.206921077184717,35000.0,88726.28,5257.520563974944,1,540.0
3.0,solar,bus_202,solar_11083,36.26579604542593,-118.1738792355926,396.8921387647842,562.63,21.704051587967797,15000.0,407670.75,4334.185178850601,0,540.0
2.0,solar,bus_202,solar_11821,36.07376059869655,-115.36118871457143,146.94244329613397,1895.69,20.33245961018209,35000.0,267489.94,4568.217359904856,1,540.0
3.0,solar,bus_202,solar_11837,36.35237726226296,-118.5260285992963,428.2593518576333,3199.82,21.280843517492393,35000.0,657265.94,3555.5323979640634,0,540.0
2.0,solar,bus_202,solar_12188,36.07376059869655,-114.48490435742858,70.54004973120203,1034.83,19.649696670386444,35000.0,345709.78,6176.704732336498,1,540.0
3.0,solar,bus_202,solar_12223,36.35237726226296,-117.3287207627037,321.03561613818385,616.44,19.899699049838656,15000.0,431066.34,4162.50411039619,0,540.0
2.0,solar,bus_202,solar_12568,36.11663067251379,-114.74778966457143,91.92946817528846,907.88,19.391389919897858,35000.0,404530.84,7771.421293493865,1,540.0
3.0,solar,bus_202,solar_12591,36.35237726226296,-117.11743114448147,302.1137706554369,1283.28,20.986785155739607,35000.0,243376.78,5059.439440354808,0,540.0
2.0,solar,bus_202,solar_12954,36.159500746331034,-114.13439061457143,37.73887864005436,216.79,19.79746766913336,35000.0,467371.66,9295.096465069715,1,540.0
2.0,solar,bus_202,solar_12977,36.202370820148275,-114.923046536,106.0018085574254,422.82,19.98129969611502,35000.0,365625.44,4648.62371364967,1,540.0
2.0,solar,bus_202,solar_13734,36.28811096778276,-115.01067497171428,113.34946530931738,1435.71,20.022836093802365,35000.0,275067.38,4670.662091503268,1,540.0
2.0,solar,bus_202,solar_14502,36.3309810416,-114.923046536,105.56508127828263,1274.09,19.972700974607537,35000.0,392252.53,3317.1199651070892,1,540.0
1.0,wind,bus_203,wind_3840,32.91772711277368,-115.08185540278947,289.4273168420477,78.0,29.86654403472681,35000.0,257014.03,13494.356293888508,0,3370.0
1.0,wind,bus_203,wind_3841,32.91772711277368,-114.94380074321053,285.2085735869466,66.0,32.903536507098664,35000.0,317563.62,13922.127475281783,0,3370.0
3.0,wind,bus_203,wind_3867,34.18784684133704,-116.976571399,303.2033741803629,66.0,22.15517101019571,15000.0,550612.56,10357.109068159081,0,3370.0
3.0,wind,bus_203,wind_4614,34.274428058174074,-117.04700127174074,304.9795656966658,228.0,45.46469677479659,15000.0,542013.2,9597.691972840154,0,3370.0
3.0,wind,bus_203,wind_4625,34.361009275011114,-118.24430910833333,404.78394204232075,186.0,40.587012468578514,35000.0,411351.8,5539.314954486427,0,3370.0
1.0,wind,bus_203,wind_5738,33.01659015964737,-114.80574608363158,270.9235709748912,144.0,45.67545565294453,35000.0,185248.53,6033.371193415638,0,3370.0
3.0,wind,bus_203,wind_5759,34.534171708685186,-118.5260285992963,424.5967712111455,246.0,27.70681974270578,15000.0,579130.6,4889.942746873255,0,3370.0
3.0,wind,bus_203,wind_5762,34.534171708685186,-118.31473898107407,405.8139132730922,204.0,38.767218884089594,15000.0,378539.16,11720.692783303672,0,3370.0
1.0,wind,bus_203,wind_6124,33.11545320652105,-116.324347339,329.50283226882624,60.0,52.26981609860366,35000.0,376899.84,13854.580762104344,0,3370.0
2.0,wind,bus_203,wind_6862,35.173489048534485,-114.48490435742858,50.39860807399707,42.0,49.37766374099247,35000.0,362114.1,5022.801101628039,1,3370.0
2.0,wind,bus_203,wind_6864,35.173489048534485,-114.309647486,36.36830160795451,252.0,39.248624139220354,35000.0,454195.8,4487.393906682622,1,3370.0
2.0,wind,bus_203,wind_8004,35.216359122351726,-115.01067497171428,95.16569565268452,222.0,57.02361614208024,15000.0,347759.25,3906.8795749374895,1,3370.0
1.0,wind,bus_203,wind_8011,33.31317930026842,-115.63407404110526,273.29713319612347,228.0,17.733234099813693,15000.0,124354.65,5979.508496701373,0,3370.0
1.0,wind,bus_203,wind_8026,33.31317930026842,-113.701308807,228.3697287528068,126.0,33.18933618191138,35000.0,307217.75,13701.886610865902,0,3370.0
1.0,wind,bus_203,wind_8770,33.412042347142105,-113.9774181261579,215.9806112577532,276.0,40.85052500898017,35000.0,139822.95,4952.446145236453,0,3370.0
1.0,wind,bus_203,wind_8775,33.51090539401579,-116.0482380198421,279.52202580017274,108.0,31.262503103984557,15000.0,240732.22,5543.147302292982,0,3370.0
2.0,wind,bus_203,wind_9542,35.25922919616897,-113.43336312885715,50.35876997190881,228.0,40.26782429171251,15000.0,206109.4,3636.3574772151674,1,3370.0
1.0,wind,bus_203,wind_9546,33.609768440889475,-116.18629267942106,280.4824975680825,258.0,31.322704717256308,35000.0,228112.95,6730.409007429606,0,3370.0
1.0,wind,bus_203,wind_9926,33.609768440889475,-115.7721287006842,254.42713289307207,288.0,29.121414121724055,35000.0,177124.89,5342.027528675423,0,3370.0
3.0,wind,bus_203,wind_10314,34.96707779287037,-118.38516885381482,403.0997912461671,246.0,41.28737036872091,15000.0,469507.75,3910.4721550060904,0,3370.0
3.0,wind,bus_203,wind_11080,35.05365900970741,-117.82172987188889,350.994690273717,240.0,29.83449048851381,15000.0,473568.0,3140.1317006028785,0,3370.0
3.0,wind,bus_203,wind_11451,35.05365900970741,-117.39915063544444,312.80259608665335,216.0,31.922420034212657,35000.0,286184.66,5037.468664619892,0,3370.0
3.0,wind,bus_203,wind_11462,35.14024022654445,-118.59645847203703,420.2238819743881,72.0,30.90716157998361,15000.0,421182.88,4246.732688971792,0,3370.0
2.0,wind,bus_203,wind_12200,35.47357956525517,-115.44881715028572,134.1311000375858,282.0,35.868914710440556,35000.0,368521.7,3513.425303677313,1,3370.0
3.0,wind,bus_203,wind_12222,35.22682144338148,-118.80774809025925,438.72556622742786,180.0,7.294763642570183,15000.0,448000.2,4639.573607492375,0,3370.0
2.0,wind,bus_203,wind_13347,35.602189786706894,-115.36118871457143,128.42399428840514,240.0,31.74171522120349,35000.0,271069.88,4934.397613384755,1,3370.0
2.0,wind,bus_203,wind_13355,35.602189786706894,-114.66016122885715,67.8068228507345,258.0,46.71920613088312,35000.0,318633.25,4238.3168759567225,1,3370.0
2.0,wind,bus_203,wind_13719,35.602189786706894,-113.696248436,37.42364759764765,270.0,49.6009464184887,15000.0,369154.3,5210.298750561249,1,3370.0
2.0,wind,bus_203,wind_13723,35.602189786706894,-113.34573469314286,63.36785257955726,282.0,46.93785294623239,35000.0,342503.72,4586.018234119997,1,3370.0
2.0,wind,bus_203,wind_14115,35.645059860524135,-113.60862000028573,46.37031297926835,102.0,44.604152879739,35000.0,319696.4,5301.523045267489,1,3370.0
1.0,solar,bus_203,solar_1180,33.609768440889475,-113.9774181261579,193.99447752482172,119.51,20.66093307534744,35000.0,415575.4,10881.386489607035,0,540.0
1.0,solar,bus_203,solar_1938,33.70863148776316,-115.91018336026316,254.7112847302757,413.56,21.006451738438415,35000.0,136194.78,5589.921430933224,0,540.0
1.0,solar,bus_203,solar_2696,33.70863148776316,-114.5296367644737,189.89925125156728,975.34,20.23556579392014,15000.0,326046.84,5842.262500000001,0,540.0
3.0,solar,bus_203,solar_3481,35.31340266021852,-117.54001038092592,323.3203696005449,235.46,20.98557988500825,15000.0,1450488.9,9015.091456745968,0,540.0
3.0,solar,bus_203,solar_3865,35.399983877055554,-117.89215974462962,355.0725611102787,555.68,20.956046218629005,15000.0,748010.2,8326.904253604604,0,540.0
1.0,solar,bus_203,solar_4974,33.90635758151053,-114.39158210489474,165.44478843444227,725.49,20.566563256377396,15000.0,151662.47,5015.97306034038,0,540.0
3.0,solar,bus_203,solar_5002,35.57314631072963,-117.75129999914815,342.7638007404218,321.51,20.805657171461945,15000.0,610527.6,14019.768686868687,0,540.0
2.0,solar,bus_203,solar_6866,35.773670081975865,-113.082849386,93.26921213583536,1975.87,20.3644778352278,15000.0,163287.61,3303.7093581362155,1,540.0
2.0,solar,bus_203,solar_6870,35.816540155793106,-115.27356027885715,128.1003556984349,511.49,20.3885561933549,15000.0,191078.33,4340.889018140537,1,540.0
1.0,solar,bus_203,solar_6877,34.20294672213158,-114.39158210489474,133.5447123140144,243.36,20.323107440582152,35000.0,248843.27,14732.03952695499,0,540.0
1.0,solar,bus_203,solar_7637,34.40067281587895,-116.0482380198421,216.74648180988763,115.64,20.97164538263398,15000.0,329703.16,8637.77394621809,0,540.0
1.0,solar,bus_203,solar_8402,34.59839890962632,-116.18629267942106,218.2234327891919,800.57,20.779362880359272,35000.0,309062.75,5348.813514564577,0,540.0
1.0,solar,bus_203,solar_8406,34.59839890962632,-115.63407404110526,172.88546271017,381.67,20.52282248996236,35000.0,307217.75,13701.886610865902,0,540.0
3.0,solar,bus_203,solar_8422,36.00605239491482,-118.878177963,448.61874651576454,1534.09,18.4643785313685,15000.0,147581.83,4738.016111105843,0,540.0
1.0,solar,bus_203,solar_8772,34.59839890962632,-115.21991006236843,141.1107959214527,1262.43,20.827260532201606,15000.0,285082.16,4698.472227915261,0,540.0
3.0,solar,bus_203,solar_8801,36.00605239491482,-118.0330194901111,373.50883738094126,1920.94,21.38626932296118,15000.0,166064.89,3150.371663040237,0,540.0
1.0,solar,bus_203,solar_9164,34.6972619565,-115.91018336026316,190.6779434480576,1370.69,20.80076673898595,15000.0,228099.69,4582.887685702328,0,540.0
3.0,solar,bus_203,solar_9554,36.09263361175185,-118.73731821751852,437.543557879088,2675.24,19.246807189138497,35000.0,439531.4,4826.783703703703,0,540.0
2.0,solar,bus_203,solar_10302,35.94515037724483,-113.95913374314286,65.70572989037736,774.09,20.206921077184717,35000.0,88726.28,5257.520563974944,1,540.0
3.0,solar,bus_203,solar_11083,36.26579604542593,-118.1738792355926,391.84127835218027,562.63,21.704051587967797,15000.0,407670.75,4334.185178850601,0,540.0
2.0,solar,bus_203,solar_11821,36.07376059869655,-115.36118871457143,148.45511347040593,1895.69,20.33245961018209,35000.0,267489.94,4568.217359904856,1,540.0
3.0,solar,bus_203,solar_11837,36.35237726226296,-118.5260285992963,424.780450772346,3199.82,21.280843517492393,35000.0,657265.94,3555.5323979640634,0,540.0
2.0,solar,bus_203,solar_12188,36.07376059869655,-114.48490435742858,92.24816914082326,1034.83,19.649696670386444,35000.0,345709.78,6176.704732336498,1,540.0
3.0,solar,bus_203,solar_12223,36.35237726226296,-117.3287207627037,321.88068247609374,616.44,19.899699049838656,15000.0,431066.34,4162.50411039619,0,540.0
2.0,solar,bus_203,solar_12568,36.11663067251379,-114.74778966457143,109.7127160954038,907.88,19.391389919897858,35000.0,404530.84,7771.421293493865,1,540.0
3.0,solar,bus_203,solar_12591,36.35237726226296,-117.11743114448147,304.0794346410384,1283.28,20.986785155739607,35000.0,243376.78,5059.439440354808,0,540.0
2.0,solar,bus_203,solar_12954,36.159500746331034,-114.13439061457143,90.6574786865498,216.79,19.79746766913336,35000.0,467371.66,9295.096465069715,1,540.0
2.0,solar,bus_203,solar_12977,36.202370820148275,-114.923046536,127.24038822609644,422.82,19.98129969611502,35000.0,365625.44,4648.62371364967,1,540.0
2.0,solar,bus_203,solar_13734,36.28811096778276,-115.01067497171428,139.58017067362604,1435.71,20.022836093802365,35000.0,275067.38,4670.662091503268,1,540.0
2.0,solar,bus_203,solar_14502,36.3309810416,-114.923046536,138.12872442374976,1274.09,19.972700974607537,35000.0,392252.53,3317.1199651070892,1,540.0
1.0,wind,bus_204,wind_3840,32.91772711277368,-115.08185540278947,372.3122305012227,78.0,29.86654403472681,35000.0,257014.03,13494.356293888508,0,3370.0
1.0,wind,bus_204,wind_3841,32.91772711277368,-114.94380074321053,369.8459500243267,66.0,32.903536507098664,35000.0,317563.62,13922.127475281783,0,3370.0
3.0,wind,bus_204,wind_3867,34.18784684133704,-116.976571399,334.9996146519311,66.0,22.15517101019571,15000.0,550612.56,10357.109068159081,0,3370.0
3.0,wind,bus_204,wind_4614,34.274428058174074,-117.04700127174074,333.47471205127016,228.0,45.46469677479659,15000.0,542013.2,9597.691972840154,0,3370.0
3.0,wind,bus_204,wind_4625,34.361009275011114,-118.24430910833333,417.9242712639138,186.0,40.587012468578514,35000.0,411351.8,5539.314954486427,0,3370.0
1.0,wind,bus_204,wind_5738,33.01659015964737,-114.80574608363158,356.9202862913692,144.0,45.67545565294453,35000.0,185248.53,6033.371193415638,0,3370.0
3.0,wind,bus_204,wind_5759,34.534171708685186,-118.5260285992963,431.50690778910456,246.0,27.70681974270578,15000.0,579130.6,4889.942746873255,0,3370.0
3.0,wind,bus_204,wind_5762,34.534171708685186,-118.31473898107407,414.2655265266898,204.0,38.767218884089594,15000.0,378539.16,11720.692783303672,0,3370.0
1.0,wind,bus_204,wind_6124,33.11545320652105,-116.324347339,392.2523808984863,60.0,52.26981609860366,35000.0,376899.84,13854.580762104344,0,3370.0
2.0,wind,bus_204,wind_6862,35.173489048534485,-114.48490435742858,115.53225826261792,42.0,49.37766374099247,35000.0,362114.1,5022.801101628039,1,3370.0
2.0,wind,bus_204,wind_6864,35.173489048534485,-114.309647486,113.34097713693258,252.0,39.248624139220354,35000.0,454195.8,4487.393906682622,1,3370.0
2.0,wind,bus_204,wind_8004,35.216359122351726,-115.01067497171428,129.6183362384303,222.0,57.02361614208024,15000.0,347759.25,3906.8795749374895,1,3370.0
1.0,wind,bus_204,wind_8011,33.31317930026842,-115.63407404110526,344.9442541750519,228.0,17.733234099813693,15000.0,124354.65,5979.508496701373,0,3370.0
1.0,wind,bus_204,wind_8026,33.31317930026842,-113.701308807,323.43426032808566,126.0,33.18933618191138,35000.0,307217.75,13701.886610865902,0,3370.0
1.0,wind,bus_204,wind_8770,33.412042347142105,-113.9774181261579,309.73216355313207,276.0,40.85052500898017,35000.0,139822.95,4952.446145236453,0,3370.0
1.0,wind,bus_204,wind_8775,33.51090539401579,-116.0482380198421,341.36030818357204,108.0,31.262503103984557,15000.0,240732.22,5543.147302292982,0,3370.0
2.0,wind,bus_204,wind_9542,35.25922919616897,-113.43336312885715,125.63666786892226,228.0,40.26782429171251,15000.0,206109.4,3636.3574772151674,1,3370.0
1.0,wind,bus_204,wind_9546,33.609768440889475,-116.18629267942106,338.2531983148954,258.0,31.322704717256308,35000.0,228112.95,6730.409007429606,0,3370.0
1.0,wind,bus_204,wind_9926,33.609768440889475,-115.7721287006842,319.8662812768869,288.0,29.121414121724055,35000.0,177124.89,5342.027528675423,0,3370.0
3.0,wind,bus_204,wind_10314,34.96707779287037,-118.38516885381482,400.2864230913892,246.0,41.28737036872091,15000.0,469507.75,3910.4721550060904,0,3370.0
3.0,wind,bus_204,wind_11080,35.05365900970741,-117.82172987188889,349.03844381787815,240.0,29.83449048851381,15000.0,473568.0,3140.1317006028785,0,3370.0
3.0,wind,bus_204,wind_11451,35.05365900970741,-117.39915063544444,313.7461309993363,216.0,31.922420034212657,35000.0,286184.66,5037.468664619892,0,3370.0
3.0,wind,bus_204,wind_11462,35.14024022654445,-118.59645847203703,412.03841900789,72.0,30.90716157998361,15000.0,421182.88,4246.732688971792,0,3370.0
2.0,wind,bus_204,wind_12200,35.47357956525517,-115.44881715028572,136.32726265181108,282.0,35.868914710440556,35000.0,368521.7,3513.425303677313,1,3370.0
3.0,wind,bus_204,wind_12222,35.22682144338148,-118.80774809025925,427.6452639758731,180.0,7.294763642570183,15000.0,448000.2,4639.573607492375,0,3370.0
2.0,wind,bus_204,wind_13347,35.602189786706894,-115.36118871457143,121.68889749814038,240.0,31.74171522120349,35000.0,271069.88,4934.397613384755,1,3370.0
2.0,wind,bus_204,wind_13355,35.602189786706894,-114.66016122885715,76.38725689308413,258.0,46.71920613088312,35000.0,318633.25,4238.3168759567225,1,3370.0
2.0,wind,bus_204,wind_13719,35.602189786706894,-113.696248436,80.73399885571303,270.0,49.6009464184887,15000.0,369154.3,5210.298750561249,1,3370.0
2.0,wind,bus_204,wind_13723,35.602189786706894,-113.34573469314286,102.49122196546652,282.0,46.93785294623239,35000.0,342503.72,4586.018234119997,1,3370.0
2.0,wind,bus_204,wind_14115,35.645059860524135,-113.60862000028573,82.0080230361815,102.0,44.604152879739,35000.0,319696.4,5301.523045267489,1,3370.0
1.0,solar,bus_204,solar_1180,33.609768440889475,-113.9774181261579,287.80549561905514,119.51,20.66093307534744,35000.0,415575.4,10881.386489607035,0,540.0
1.0,solar,bus_204,solar_1938,33.70863148776316,-115.91018336026316,315.9359062415479,413.56,21.006451738438415,35000.0,136194.78,5589.921430933224,0,540.0
1.0,solar,bus_204,solar_2696,33.70863148776316,-114.5296367644737,277.36957517335844,975.34,20.23556579392014,15000.0,326046.84,5842.262500000001,0,540.0
3.0,solar,bus_204,solar_3481,35.31340266021852,-117.54001038092592,314.88691195287385,235.46,20.98557988500825,15000.0,1450488.9,9015.091456745968,0,540.0
3.0,solar,bus_204,solar_3865,35.399983877055554,-117.89215974462962,342.4705533417059,555.68,20.956046218629005,15000.0,748010.2,8326.904253604604,0,540.0
1.0,solar,bus_204,solar_4974,33.90635758151053,-114.39158210489474,254.43128501391095,725.49,20.566563256377396,15000.0,151662.47,5015.97306034038,0,540.0
3.0,solar,bus_204,solar_5002,35.57314631072963,-117.75129999914815,325.27809980628115,321.51,20.805657171461945,15000.0,610527.6,14019.768686868687,0,540.0
2.0,solar,bus_204,solar_6866,35.773670081975865,-113.082849386,112.47070607447456,1975.87,20.3644778352278,15000.0,163287.61,3303.7093581362155,1,540.0
2.0,solar,bus_204,solar_6870,35.816540155793106,-115.27356027885715,103.32980016619275,511.49,20.3885561933549,15000.0,191078.33,4340.889018140537,1,540.0
1.0,solar,bus_204,solar_6877,34.20294672213158,-114.39158210489474,221.52004455870545,243.36,20.323107440582152,35000.0,248843.27,14732.03952695499,0,540.0
1.0,solar,bus_204,solar_7637,34.40067281587895,-116.0482380198421,258.97360824214394,115.64,20.97164538263398,15000.0,329703.16,8637.77394621809,0,540.0
1.0,solar,bus_204,solar_8402,34.59839890962632,-116.18629267942106,251.0644844003868,800.57,20.779362880359272,35000.0,309062.75,5348.813514564577,0,540.0
1.0,solar,bus_204,solar_8406,34.59839890962632,-115.63407404110526,218.4398759060641,381.67,20.52282248996236,35000.0,307217.75,13701.886610865902,0,540.0
3.0,solar,bus_204,solar_8422,36.00605239491482,-118.878177963,418.813889307443,1534.09,18.4643785313685,15000.0,147581.83,4738.016111105843,0,540.0
1.0,solar,bus_204,solar_8772,34.59839890962632,-115.21991006236843,198.785263098251,1262.43,20.827260532201606,15000.0,285082.16,4698.472227915261,0,540.0
3.0,solar,bus_204,solar_8801,36.00605239491482,-118.0330194901111,343.00851309664995,1920.94,21.38626932296118,15000.0,166064.89,3150.371663040237,0,540.0
1.0,solar,bus_204,solar_9164,34.6972619565,-115.91018336026316,225.71947754710249,1370.69,20.80076673898595,15000.0,228099.69,4582.887685702328,0,540.0
3.0,solar,bus_204,solar_9554,36.09263361175185,-118.73731821751852,405.5823603977498,2675.24,19.246807189138497,35000.0,439531.4,4826.783703703703,0,540.0
2.0,solar,bus_204,solar_10302,35.94515037724483,-113.95913374314286,36.065067157768205,774.09,20.206921077184717,35000.0,88726.28,5257.520563974944,1,540.0
3.0,solar,bus_204,solar_11083,36.26579604542593,-118.1738792355926,354.56124884608136,562.63,21.704051587967797,15000.0,407670.75,4334.185178850601,0,540.0
2.0,solar,bus_204,solar_11821,36.07376059869655,-115.36118871457143,103.13639612990131,1895.69,20.33245961018209,35000.0,267489.94,4568.217359904856,1,540.0
3.0,solar,bus_204,solar_11837,36.35237726226296,-118.5260285992963,386.2482502314192,3199.82,21.280843517492393,35000.0,657265.94,3555.5323979640634,0,540.0
2.0,solar,bus_204,solar_12188,36.07376059869655,-114.48490435742858,26.94315165554753,1034.83,19.649696670386444,35000.0,345709.78,6176.704732336498,1,540.0
3.0,solar,bus_204,solar_12223,36.35237726226296,-117.3287207627037,279.0936631025372,616.44,19.899699049838656,15000.0,431066.34,4162.50411039619,0,540.0
2.0,solar,bus_204,solar_12568,36.11663067251379,-114.74778966457143,47.92399498062943,907.88,19.391389919897858,35000.0,404530.84,7771.421293493865,1,540.0
3.0,solar,bus_204,solar_12591,36.35237726226296,-117.11743114448147,260.196656900834,1283.28,20.986785155739607,35000.0,243376.78,5059.439440354808,0,540.0
2.0,solar,bus_204,solar_12954,36.159500746331034,-114.13439061457143,8.565900832535302,216.79,19.79746766913336,35000.0,467371.66,9295.096465069715,1,540.0
2.0,solar,bus_204,solar_12977,36.202370820148275,-114.923046536,62.9338048246113,422.82,19.98129969611502,35000.0,365625.44,4648.62371364967,1,540.0
2.0,solar,bus_204,solar_13734,36.28811096778276,-115.01067497171428,71.57515934463163,1435.71,20.022836093802365,35000.0,275067.38,4670.662091503268,1,540.0
2.0,solar,bus_204,solar_14502,36.3309810416,-114.923046536,64.78487671293077,1274.09,19.972700974607537,35000.0,392252.53,3317.1199651070892,1,540.0
1.0,wind,bus_205,wind_3840,32.91772711277368,-115.08185540278947,365.6717152693757,78.0,29.86654403472681,35000.0,257014.03,13494.356293888508,0,3370.0
1.0,wind,bus_205,wind_3841,32.91772711277368,-114.94380074321053,362.39410719885535,66.0,32.903536507098664,35000.0,317563.62,13922.127475281783,0,3370.0
3.0,wind,bus_205,wind_3867,34.18784684133704,-116.976571399,343.9673049818892,66.0,22.15517101019571,15000.0,550612.56,10357.109068159081,0,3370.0
3.0,wind,bus_205,wind_4614,34.274428058174074,-117.04700127174074,343.2234015433953,228.0,45.46469677479659,15000.0,542013.2,9597.691972840154,0,3370.0
3.0,wind,bus_205,wind_4625,34.361009275011114,-118.24430910833333,431.61658349061105,186.0,40.587012468578514,35000.0,411351.8,5539.314954486427,0,3370.0
1.0,wind,bus_205,wind_5738,33.01659015964737,-114.80574608363158,348.7811934817224,144.0,45.67545565294453,35000.0,185248.53,6033.371193415638,0,3370.0
3.0,wind,bus_205,wind_5759,34.534171708685186,-118.5260285992963,446.54828095004257,246.0,27.70681974270578,15000.0,579130.6,4889.942746873255,0,3370.0
3.0,wind,bus_205,wind_5762,34.534171708685186,-118.31473898107407,428.9202335590939,204.0,38.767218884089594,15000.0,378539.16,11720.692783303672,0,3370.0
1.0,wind,bus_205,wind_6124,33.11545320652105,-116.324347339,393.0734373863006,60.0,52.26981609860366,35000.0,376899.84,13854.580762104344,0,3370.0
2.0,wind,bus_205,wind_6862,35.173489048534485,-114.48490435742858,110.45659965978196,42.0,49.37766374099247,35000.0,362114.1,5022.801101628039,1,3370.0
2.0,wind,bus_205,wind_6864,35.173489048534485,-114.309647486,104.95055695734362,252.0,39.248624139220354,35000.0,454195.8,4487.393906682622,1,3370.0
2.0,wind,bus_205,wind_8004,35.216359122351726,-115.01067497171428,133.51951415192437,222.0,57.02361614208024,15000.0,347759.25,3906.8795749374895,1,3370.0
1.0,wind,bus_205,wind_8011,33.31317930026842,-115.63407404110526,342.5956621825977,228.0,17.733234099813693,15000.0,124354.65,5979.508496701373,0,3370.0
1.0,wind,bus_205,wind_8026,33.31317930026842,-113.701308807,308.6468163900224,126.0,33.18933618191138,35000.0,307217.75,13701.886610865902,0,3370.0
1.0,wind,bus_205,wind_8770,33.412042347142105,-113.9774181261579,296.5781255940209,276.0,40.85052500898017,35000.0,139822.95,4952.446145236453,0,3370.0
1.0,wind,bus_205,wind_8775,33.51090539401579,-116.0482380198421,342.20602358085796,108.0,31.262503103984557,15000.0,240732.22,5543.147302292982,0,3370.0
2.0,wind,bus_205,wind_9542,35.25922919616897,-113.43336312885715,103.82321019309282,228.0,40.26782429171251,15000.0,206109.4,3636.3574772151674,1,3370.0
1.0,wind,bus_205,wind_9546,33.609768440889475,-116.18629267942106,340.30966558613557,258.0,31.322704717256308,35000.0,228112.95,6730.409007429606,0,3370.0
1.0,wind,bus_205,wind_9926,33.609768440889475,-115.7721287006842,319.4471499404476,288.0,29.121414121724055,35000.0,177124.89,5342.027528675423,0,3370.0
3.0,wind,bus_205,wind_10314,34.96707779287037,-118.38516885381482,417.09566043000694,246.0,41.28737036872091,15000.0,469507.75,3910.4721550060904,0,3370.0
3.0,wind,bus_205,wind_11080,35.05365900970741,-117.82172987188889,365.4274106816844,240.0,29.83449048851381,15000.0,473568.0,3140.1317006028785,0,3370.0
3.0,wind,bus_205,wind_11451,35.05365900970741,-117.39915063544444,329.33710298404577,216.0,31.922420034212657,35000.0,286184.66,5037.468664619892,0,3370.0
3.0,wind,bus_205,wind_11462,35.14024022654445,-118.59645847203703,429.883094390736,72.0,30.90716157998361,15000.0,421182.88,4246.732688971792,0,3370.0
2.0,wind,bus_205,wind_12200,35.47357956525517,-115.44881715028572,148.39114799764053,282.0,35.868914710440556,35000.0,368521.7,3513.425303677313,1,3370.0
3.0,wind,bus_205,wind_12222,35.22682144338148,-118.80774809025925,446.05810908564325,180.0,7.294763642570183,15000.0,448000.2,4639.573607492375,0,3370.0
2.0,wind,bus_205,wind_13347,35.602189786706894,-115.36118871457143,135.07538058977187,240.0,31.74171522120349,35000.0,271069.88,4934.397613384755,1,3370.0
2.0,wind,bus_205,wind_13355,35.602189786706894,-114.66016122885715,80.86394699885459,258.0,46.71920613088312,35000.0,318633.25,4238.3168759567225,1,3370.0
2.0,wind,bus_205,wind_13719,35.602189786706894,-113.696248436,59.008446773636095,270.0,49.6009464184887,15000.0,369154.3,5210.298750561249,1,3370.0
2.0,wind,bus_205,wind_13723,35.602189786706894,-113.34573469314286,78.19065804961399,282.0,46.93785294623239,35000.0,342503.72,4586.018234119997,1,3370.0
2.0,wind,bus_205,wind_14115,35.645059860524135,-113.60862000028573,58.89962087333175,102.0,44.604152879739,35000.0,319696.4,5301.523045267489,1,3370.0
1.0,solar,bus_205,solar_1180,33.609768440889475,-113.9774181261579,274.5920215977051,119.51,20.66093307534744,35000.0,415575.4,10881.386489607035,0,540.0
1.0,solar,bus_205,solar_1938,33.70863148776316,-115.91018336026316,316.8038190508858,413.56,21.006451738438415,35000.0,136194.78,5589.921430933224,0,540.0
1.0,solar,bus_205,solar_2696,33.70863148776316,-114.5296367644737,268.2693424926715,975.34,20.23556579392014,15000.0,326046.84,5842.262500000001,0,540.0
3.0,solar,bus_205,solar_3481,35.31340266021852,-117.54001038092592,332.2810434553447,235.46,20.98557988500825,15000.0,1450488.9,9015.091456745968,0,540.0
3.0,solar,bus_205,solar_3865,35.399983877055554,-117.89215974462962,360.78208847831377,555.68,20.956046218629005,15000.0,748010.2,8326.904253604604,0,540.0
1.0,solar,bus_205,solar_4974,33.90635758151053,-114.39158210489474,244.46083144757384,725.49,20.566563256377396,15000.0,151662.47,5015.97306034038,0,540.0
3.0,solar,bus_205,solar_5002,35.57314631072963,-117.75129999914815,344.3384265891879,321.51,20.805657171461945,15000.0,610527.6,14019.768686868687,0,540.0
2.0,solar,bus_205,solar_6866,35.773670081975865,-113.082849386,87.88806002276905,1975.87,20.3644778352278,15000.0,163287.61,3303.7093581362155,1,540.0
2.0,solar,bus_205,solar_6870,35.816540155793106,-115.27356027885715,119.78483354586832,511.49,20.3885561933549,15000.0,191078.33,4340.889018140537,1,540.0
1.0,solar,bus_205,solar_6877,34.20294672213158,-114.39158210489474,211.9137549079958,243.36,20.323107440582152,35000.0,248843.27,14732.03952695499,0,540.0
1.0,solar,bus_205,solar_7637,34.40067281587895,-116.0482380198421,264.58821324433217,115.64,20.97164538263398,15000.0,329703.16,8637.77394621809,0,540.0
1.0,solar,bus_205,solar_8402,34.59839890962632,-116.18629267942106,258.9323472452628,800.57,20.779362880359272,35000.0,309062.75,5348.813514564577,0,540.0
1.0,solar,bus_205,solar_8406,34.59839890962632,-115.63407404110526,222.57039203797748,381.67,20.52282248996236,35000.0,307217.75,13701.886610865902,0,540.0
3.0,solar,bus_205,solar_8422,36.00605239491482,-118.878177963,440.1501296004685,1534.09,18.4643785313685,15000.0,147581.83,4738.016111105843,0,540.0
1.0,solar,bus_205,solar_8772,34.59839890962632,-115.21991006236843,199.24461313502263,1262.43,20.827260532201606,15000.0,285082.16,4698.472227915261,0,540.0
3.0,solar,bus_205,solar_8801,36.00605239491482,-118.0330194901111,364.197813537449,1920.94,21.38626932296118,15000.0,166064.89,3150.371663040237,0,540.0
1.0,solar,bus_205,solar_9164,34.6972619565,-115.91018336026316,232.6552504948341,1370.69,20.80076673898595,15000.0,228099.69,4582.887685702328,0,540.0
3.0,solar,bus_205,solar_9554,36.09263361175185,-118.73731821751852,427.1815806818481,2675.24,19.246807189138497,35000.0,439531.4,4826.783703703703,0,540.0
2.0,solar,bus_205,solar_10302,35.94515037724483,-113.95913374314286,15.063195487555449,774.09,20.206921077184717,35000.0,88726.28,5257.520563974944,1,540.0
3.0,solar,bus_205,solar_11083,36.26579604542593,-118.1738792355926,376.7174254500231,562.63,21.704051587967797,15000.0,407670.75,4334.185178850601,0,540.0
2.0,solar,bus_205,solar_11821,36.07376059869655,-115.36118871457143,123.8562923414767,1895.69,20.33245961018209,35000.0,267489.94,4568.217359904856,1,540.0
3.0,solar,bus_205,solar_11837,36.35237726226296,-118.5260285992963,408.65145006044565,3199.82,21.280843517492393,35000.0,657265.94,3555.5323979640634,0,540.0
2.0,solar,bus_205,solar_12188,36.07376059869655,-114.48490435742858,45.10711780589526,1034.83,19.649696670386444,35000.0,345709.78,6176.704732336498,1,540.0
3.0,solar,bus_205,solar_12223,36.35237726226296,-117.3287207627037,301.6641339589742,616.44,19.899699049838656,15000.0,431066.34,4162.50411039619,0,540.0
2.0,solar,bus_205,solar_12568,36.11663067251379,-114.74778966457143,68.8357255253308,907.88,19.391389919897858,35000.0,404530.84,7771.421293493865,1,540.0
3.0,solar,bus_205,solar_12591,36.35237726226296,-117.11743114448147,282.81440548212765,1283.28,20.986785155739607,35000.0,243376.78,5059.439440354808,0,540.0
2.0,solar,bus_205,solar_12954,36.159500746331034,-114.13439061457143,16.262858797286142,216.79,19.79746766913336,35000.0,467371.66,9295.096465069715,1,540.0
2.0,solar,bus_205,solar_12977,36.202370820148275,-114.923046536,85.51332555880862,422.82,19.98129969611502,35000.0,365625.44,4648.62371364967,1,540.0
2.0,solar,bus_205,solar_13734,36.28811096778276,-115.01067497171428,95.1078448293442,1435.71,20.022836093802365,35000.0,275067.38,4670.662091503268,1,540.0
2.0,solar,bus_205,solar_14502,36.3309810416,-114.923046536,88.86488440946701,1274.09,19.972700974607537,35000.0,392252.53,3317.1199651070892,1,540.0
1.0,wind,bus_206,wind_3840,32.91772711277368,-115.08185540278947,337.3103024451604,78.0,29.86654403472681,35000.0,257014.03,13494.356293888508,0,3370.0
1.0,wind,bus_206,wind_3841,32.91772711277368,-114.94380074321053,333.41827703256314,66.0,32.903536507098664,35000.0,317563.62,13922.127475281783,0,3370.0
3.0,wind,bus_206,wind_3867,34.18784684133704,-116.976571399,332.66031817286205,66.0,22.15517101019571,15000.0,550612.56,10357.109068159081,0,3370.0
3.0,wind,bus_206,wind_4614,34.274428058174074,-117.04700127174074,333.00538043502894,228.0,45.46469677479659,15000.0,542013.2,9597.691972840154,0,3370.0
3.0,wind,bus_206,wind_4625,34.361009275011114,-118.24430910833333,426.7363278700994,186.0,40.587012468578514,35000.0,411351.8,5539.314954486427,0,3370.0
1.0,wind,bus_206,wind_5738,33.01659015964737,-114.80574608363158,319.3359451915285,144.0,45.67545565294453,35000.0,185248.53,6033.371193415638,0,3370.0
3.0,wind,bus_206,wind_5759,34.534171708685186,-118.5260285992963,443.79908433552833,246.0,27.70681974270578,15000.0,579130.6,4889.942746873255,0,3370.0
3.0,wind,bus_206,wind_5762,34.534171708685186,-118.31473898107407,425.6113387809558,204.0,38.767218884089594,15000.0,378539.16,11720.692783303672,0,3370.0
1.0,wind,bus_206,wind_6124,33.11545320652105,-116.324347339,371.5599148996487,60.0,52.26981609860366,35000.0,376899.84,13854.580762104344,0,3370.0
2.0,wind,bus_206,wind_6862,35.173489048534485,-114.48490435742858,86.93738215947849,42.0,49.37766374099247,35000.0,362114.1,5022.801101628039,1,3370.0
2.0,wind,bus_206,wind_6864,35.173489048534485,-114.309647486,78.11101588551274,252.0,39.248624139220354,35000.0,454195.8,4487.393906682622,1,3370.0
2.0,wind,bus_206,wind_8004,35.216359122351726,-115.01067497171428,119.6522963409154,222.0,57.02361614208024,15000.0,347759.25,3906.8795749374895,1,3370.0
1.0,wind,bus_206,wind_8011,33.31317930026842,-115.63407404110526,318.09427672359686,228.0,17.733234099813693,15000.0,124354.65,5979.508496701373,0,3370.0
1.0,wind,bus_206,wind_8026,33.31317930026842,-113.701308807,275.6644578938733,126.0,33.18933618191138,35000.0,307217.75,13701.886610865902,0,3370.0
1.0,wind,bus_206,wind_8770,33.412042347142105,-113.9774181261579,264.24756939778734,276.0,40.85052500898017,35000.0,139822.95,4952.446145236453,0,3370.0
1.0,wind,bus_206,wind_8775,33.51090539401579,-116.0482380198421,320.9774858928225,108.0,31.262503103984557,15000.0,240732.22,5543.147302292982,0,3370.0
2.0,wind,bus_206,wind_9542,35.25922919616897,-113.43336312885715,71.82970422382593,228.0,40.26782429171251,15000.0,206109.4,3636.3574772151674,1,3370.0
1.0,wind,bus_206,wind_9546,33.609768440889475,-116.18629267942106,320.4269610845048,258.0,31.322704717256308,35000.0,228112.95,6730.409007429606,0,3370.0
1.0,wind,bus_206,wind_9926,33.609768440889475,-115.7721287006842,297.0149898639751,288.0,29.121414121724055,35000.0,177124.89,5342.027528675423,0,3370.0
3.0,wind,bus_206,wind_10314,34.96707779287037,-118.38516885381482,417.5579836059956,246.0,41.28737036872091,15000.0,469507.75,3910.4721550060904,0,3370.0
3.0,wind,bus_206,wind_11080,35.05365900970741,-117.82172987188889,365.43677493313913,240.0,29.83449048851381,15000.0,473568.0,3140.1317006028785,0,3370.0
3.0,wind,bus_206,wind_11451,35.05365900970741,-117.39915063544444,328.22987632653735,216.0,31.922420034212657,35000.0,286184.66,5037.468664619892,0,3370.0
3.0,wind,bus_206,wind_11462,35.14024022654445,-118.59645847203703,432.20166838909495,72.0,30.90716157998361,15000.0,421182.88,4246.732688971792,0,3370.0
2.0,wind,bus_206,wind_12200,35.47357956525517,-115.44881715028572,145.10802571714564,282.0,35.868914710440556,35000.0,368521.7,3513.425303677313,1,3370.0
3.0,wind,bus_206,wind_12222,35.22682144338148,-118.80774809025925,449.4041498815424,180.0,7.294763642570183,15000.0,448000.2,4639.573607492375,0,3370.0
2.0,wind,bus_206,wind_13347,35.602189786706894,-115.36118871457143,134.41073693719142,240.0,31.74171522120349,35000.0,271069.88,4934.397613384755,1,3370.0
2.0,wind,bus_206,wind_13355,35.602189786706894,-114.66016122885715,72.50446422823674,258.0,46.71920613088312,35000.0,318633.25,4238.3168759567225,1,3370.0
2.0,wind,bus_206,wind_13719,35.602189786706894,-113.696248436,27.043535620510102,270.0,49.6009464184887,15000.0,369154.3,5210.298750561249,1,3370.0
2.0,wind,bus_206,wind_13723,35.602189786706894,-113.34573469314286,53.3190500858664,282.0,46.93785294623239,35000.0,342503.72,4586.018234119997,1,3370.0
2.0,wind,bus_206,wind_14115,35.645059860524135,-113.60862000028573,29.956950430770483,102.0,44.604152879739,35000.0,319696.4,5301.523045267489,1,3370.0
1.0,solar,bus_206,solar_1180,33.609768440889475,-113.9774181261579,242.27203092075996,119.51,20.66093307534744,35000.0,415575.4,10881.386489607035,0,540.0
1.0,solar,bus_206,solar_1938,33.70863148776316,-115.91018336026316,295.7621085799964,413.56,21.006451738438415,35000.0,136194.78,5589.921430933224,0,540.0
1.0,solar,bus_206,solar_2696,33.70863148776316,-114.5296367644737,238.4117351738511,975.34,20.23556579392014,15000.0,326046.84,5842.262500000001,0,540.0
3.0,solar,bus_206,solar_3481,35.31340266021852,-117.54001038092592,334.33943666920106,235.46,20.98557988500825,15000.0,1450488.9,9015.091456745968,0,540.0
3.0,solar,bus_206,solar_3865,35.399983877055554,-117.89215974462962,364.3719463804336,555.68,20.956046218629005,15000.0,748010.2,8326.904253604604,0,540.0
1.0,solar,bus_206,solar_4974,33.90635758151053,-114.39158210489474,214.10394899619848,725.49,20.566563256377396,15000.0,151662.47,5015.97306034038,0,540.0
3.0,solar,bus_206,solar_5002,35.57314631072963,-117.75129999914815,349.5185468576527,321.51,20.805657171461945,15000.0,610527.6,14019.768686868687,0,540.0
2.0,solar,bus_206,solar_6866,35.773670081975865,-113.082849386,72.85873210361036,1975.87,20.3644778352278,15000.0,163287.61,3303.7093581362155,1,540.0
2.0,solar,bus_206,solar_6870,35.816540155793106,-115.27356027885715,124.7846962522315,511.49,20.3885561933549,15000.0,191078.33,4340.889018140537,1,540.0
1.0,solar,bus_206,solar_6877,34.20294672213158,-114.39158210489474,182.00196867758592,243.36,20.323107440582152,35000.0,248843.27,14732.03952695499,0,540.0
1.0,solar,bus_206,solar_7637,34.40067281587895,-116.0482380198421,249.6288728030086,115.64,20.97164538263398,15000.0,329703.16,8637.77394621809,0,540.0
1.0,solar,bus_206,solar_8402,34.59839890962632,-116.18629267942106,246.9851605549618,800.57,20.779362880359272,35000.0,309062.75,5348.813514564577,0,540.0
1.0,solar,bus_206,solar_8406,34.59839890962632,-115.63407404110526,206.3591824427833,381.67,20.52282248996236,35000.0,307217.75,13701.886610865902,0,540.0
3.0,solar,bus_206,solar_8422,36.00605239491482,-118.878177963,449.8930790020314,1534.09,18.4643785313685,15000.0,147581.83,4738.016111105843,0,540.0
1.0,solar,bus_206,solar_8772,34.59839890962632,-115.21991006236843,179.09511638192328,1262.43,20.827260532201606,15000.0,285082.16,4698.472227915261,0,540.0
3.0,solar,bus_206,solar_8801,36.00605239491482,-118.0330194901111,373.9191794281708,1920.94,21.38626932296118,15000.0,166064.89,3150.371663040237,0,540.0
1.0,solar,bus_206,solar_9164,34.6972619565,-115.91018336026316,219.85695230040955,1370.69,20.80076673898595,15000.0,228099.69,4582.887685702328,0,540.0
3.0,solar,bus_206,solar_9554,36.09263361175185,-118.73731821751852,437.6300747114037,2675.24,19.246807189138497,35000.0,439531.4,4826.783703703703,0,540.0
2.0,solar,bus_206,solar_10302,35.94515037724483,-113.95913374314286,18.604298730686313,774.09,20.206921077184717,35000.0,88726.28,5257.520563974944,1,540.0
3.0,solar,bus_206,solar_11083,36.26579604542593,-118.1738792355926,388.8325613525728,562.63,21.704051587967797,15000.0,407670.75,4334.185178850601,0,540.0
2.0,solar,bus_206,solar_11821,36.07376059869655,-115.36118871457143,136.20400289665054,1895.69,20.33245961018209,35000.0,267489.94,4568.217359904856,1,540.0
3.0,solar,bus_206,solar_11837,36.35237726226296,-118.5260285992963,421.3158453158727,3199.82,21.280843517492393,35000.0,657265.94,3555.5323979640634,0,540.0
2.0,solar,bus_206,solar_12188,36.07376059869655,-114.48490435742858,62.28674345891012,1034.83,19.649696670386444,35000.0,345709.78,6176.704732336498,1,540.0
3.0,solar,bus_206,solar_12223,36.35237726226296,-117.3287207627037,315.3388501009248,616.44,19.899699049838656,15000.0,431066.34,4162.50411039619,0,540.0
2.0,solar,bus_206,solar_12568,36.11663067251379,-114.74778966457143,85.42301583939947,907.88,19.391389919897858,35000.0,404530.84,7771.421293493865,1,540.0
3.0,solar,bus_206,solar_12591,36.35237726226296,-117.11743114448147,296.7561108594894,1283.28,20.986785155739607,35000.0,243376.78,5059.439440354808,0,540.0
2.0,solar,bus_206,solar_12954,36.159500746331034,-114.13439061457143,46.843000204032435,216.79,19.79746766913336,35000.0,467371.66,9295.096465069715,1,540.0
2.0,solar,bus_206,solar_12977,36.202370820148275,-114.923046536,103.73313579824004,422.82,19.98129969611502,35000.0,365625.44,4648.62371364967,1,540.0
2.0,solar,bus_206,solar_13734,36.28811096778276,-115.01067497171428,115.09623930655157,1435.71,20.022836093802365,35000.0,275067.38,4670.662091503268,1,540.0
2.0,solar,bus_206,solar_14502,36.3309810416,-114.923046536,110.7731469201558,1274.09,19.972700974607537,35000.0,392252.53,3317.1199651070892,1,540.0
1.0,wind,bus_207,wind_3840,32.91772711277368,-115.08185540278947,393.7599637858474,78.0,29.86654403472681,35000.0,257014.03,13494.356293888508,0,3370.0
1.0,wind,bus_207,wind_3841,32.91772711277368,-114.94380074321053,388.03775632400846,66.0,32.903536507098664,35000.0,317563.62,13922.127475281783,0,3370.0
3.0,wind,bus_207,wind_3867,34.18784684133704,-116.976571399,410.3171444720992,66.0,22.15517101019571,15000.0,550612.56,10357.109068159081,0,3370.0
3.0,wind,bus_207,wind_4614,34.274428058174074,-117.04700127174074,410.975494801098,228.0,45.46469677479659,15000.0,542013.2,9597.691972840154,0,3370.0
3.0,wind,bus_207,wind_4625,34.361009275011114,-118.24430910833333,505.1667052728782,186.0,40.587012468578514,35000.0,411351.8,5539.314954486427,0,3370.0
1.0,wind,bus_207,wind_5738,33.01659015964737,-114.80574608363158,372.62342573191233,144.0,45.67545565294453,35000.0,185248.53,6033.371193415638,0,3370.0
3.0,wind,bus_207,wind_5759,34.534171708685186,-118.5260285992963,521.9698379716114,246.0,27.70681974270578,15000.0,579130.6,4889.942746873255,0,3370.0
3.0,wind,bus_207,wind_5762,34.534171708685186,-118.31473898107407,503.87045107600017,204.0,38.767218884089594,15000.0,378539.16,11720.692783303672,0,3370.0
1.0,wind,bus_207,wind_6124,33.11545320652105,-116.324347339,441.2024271575148,60.0,52.26981609860366,35000.0,376899.84,13854.580762104344,0,3370.0
2.0,wind,bus_207,wind_6862,35.173489048534485,-114.48490435742858,160.04811778340138,42.0,49.37766374099247,35000.0,362114.1,5022.801101628039,1,3370.0
2.0,wind,bus_207,wind_6864,35.173489048534485,-114.309647486,147.81999329306691,252.0,39.248624139220354,35000.0,454195.8,4487.393906682622,1,3370.0
2.0,wind,bus_207,wind_8004,35.216359122351726,-115.01067497171428,197.47294517204784,222.0,57.02361614208024,15000.0,347759.25,3906.8795749374895,1,3370.0
1.0,wind,bus_207,wind_8011,33.31317930026842,-115.63407404110526,383.62476538364575,228.0,17.733234099813693,15000.0,124354.65,5979.508496701373,0,3370.0
1.0,wind,bus_207,wind_8026,33.31317930026842,-113.701308807,309.79744514585644,126.0,33.18933618191138,35000.0,307217.75,13701.886610865902,0,3370.0
1.0,wind,bus_207,wind_8770,33.412042347142105,-113.9774181261579,304.7651778155092,276.0,40.85052500898017,35000.0,139822.95,4952.446145236453,0,3370.0
1.0,wind,bus_207,wind_8775,33.51090539401579,-116.0482380198421,391.379452055538,108.0,31.262503103984557,15000.0,240732.22,5543.147302292982,0,3370.0
2.0,wind,bus_207,wind_9542,35.25922919616897,-113.43336312885715,93.71664847632915,228.0,40.26782429171251,15000.0,206109.4,3636.3574772151674,1,3370.0
1.0,wind,bus_207,wind_9546,33.609768440889475,-116.18629267942106,392.3973289008805,258.0,31.322704717256308,35000.0,228112.95,6730.409007429606,0,3370.0
1.0,wind,bus_207,wind_9926,33.609768440889475,-115.7721287006842,366.0589850419302,288.0,29.121414121724055,35000.0,177124.89,5342.027528675423,0,3370.0
3.0,wind,bus_207,wind_10314,34.96707779287037,-118.38516885381482,494.8054617000605,246.0,41.28737036872091,15000.0,469507.75,3910.4721550060904,0,3370.0
3.0,wind,bus_207,wind_11080,35.05365900970741,-117.82172987188889,442.80523562930495,240.0,29.83449048851381,15000.0,473568.0,3140.1317006028785,0,3370.0
3.0,wind,bus_207,wind_11451,35.05365900970741,-117.39915063544444,405.9224688126501,216.0,31.922420034212657,35000.0,286184.66,5037.468664619892,0,3370.0
3.0,wind,bus_207,wind_11462,35.14024022654445,-118.59645847203703,508.6607730813981,72.0,30.90716157998361,15000.0,421182.88,4246.732688971792,0,3370.0
2.0,wind,bus_207,wind_12200,35.47357956525517,-115.44881715028572,222.96317928462628,282.0,35.868914710440556,35000.0,368521.7,3513.425303677313,1,3370.0
3.0,wind,bus_207,wind_12222,35.22682144338148,-118.80774809025925,525.346578364159,180.0,7.294763642570183,15000.0,448000.2,4639.573607492375,0,3370.0
2.0,wind,bus_207,wind_13347,35.602189786706894,-115.36118871457143,211.41240248260817,240.0,31.74171522120349,35000.0,271069.88,4934.397613384755,1,3370.0
2.0,wind,bus_207,wind_13355,35.602189786706894,-114.66016122885715,150.75736003239788,258.0,46.71920613088312,35000.0,318633.25,4238.3168759567225,1,3370.0
2.0,wind,bus_207,wind_13719,35.602189786706894,-113.696248436,74.59902211673767,270.0,49.6009464184887,15000.0,369154.3,5210.298750561249,1,3370.0
2.0,wind,bus_207,wind_13723,35.602189786706894,-113.34573469314286,55.39457583237387,282.0,46.93785294623239,35000.0,342503.72,4586.018234119997,1,3370.0
2.0,wind,bus_207,wind_14115,35.645059860524135,-113.60862000028573,65.55788506623426,102.0,44.604152879739,35000.0,319696.4,5301.523045267489,1,3370.0
1.0,solar,bus_207,solar_1180,33.609768440889475,-113.9774181261579,283.6181905141625,119.51,20.66093307534744,35000.0,415575.4,10881.386489607035,0,540.0
1.0,solar,bus_207,solar_1938,33.70863148776316,-115.91018336026316,366.6220444924533,413.56,21.006451738438415,35000.0,136194.78,5589.921430933224,0,540.0
1.0,solar,bus_207,solar_2696,33.70863148776316,-114.5296367644737,292.12131591446257,975.34,20.23556579392014,15000.0,326046.84,5842.262500000001,0,540.0
3.0,solar,bus_207,solar_3481,35.31340266021852,-117.54001038092592,410.82756982474314,235.46,20.98557988500825,15000.0,1450488.9,9015.091456745968,0,540.0
3.0,solar,bus_207,solar_3865,35.399983877055554,-117.89215974462962,440.1077442532803,555.68,20.956046218629005,15000.0,748010.2,8326.904253604604,0,540.0
1.0,solar,bus_207,solar_4974,33.90635758151053,-114.39158210489474,266.7590973618511,725.49,20.566563256377396,15000.0,151662.47,5015.97306034038,0,540.0
3.0,solar,bus_207,solar_5002,35.57314631072963,-117.75129999914815,424.279777969761,321.51,20.805657171461945,15000.0,610527.6,14019.768686868687,0,540.0
2.0,solar,bus_207,solar_6866,35.773670081975865,-113.082849386,31.0007622511547,1975.87,20.3644778352278,15000.0,163287.61,3303.7093581362155,1,540.0
2.0,solar,bus_207,solar_6870,35.816540155793106,-115.27356027885715,198.96933177743844,511.49,20.3885561933549,15000.0,191078.33,4340.889018140537,1,540.0
1.0,solar,bus_207,solar_6877,34.20294672213158,-114.39158210489474,237.60780259047343,243.36,20.323107440582152,35000.0,248843.27,14732.03952695499,0,540.0
1.0,solar,bus_207,solar_7637,34.40067281587895,-116.0482380198421,325.9888780981691,115.64,20.97164538263398,15000.0,329703.16,8637.77394621809,0,540.0
1.0,solar,bus_207,solar_8402,34.59839890962632,-116.18629267942106,324.64643652716865,800.57,20.779362880359272,35000.0,309062.75,5348.813514564577,0,540.0
1.0,solar,bus_207,solar_8406,34.59839890962632,-115.63407404110526,282.31503152864053,381.67,20.52282248996236,35000.0,307217.75,13701.886610865902,0,540.0
3.0,solar,bus_207,solar_8422,36.00605239491482,-118.878177963,521.0946738897003,1534.09,18.4643785313685,15000.0,147581.83,4738.016111105843,0,540.0
1.0,solar,bus_207,solar_8772,34.59839890962632,-115.21991006236843,252.43654456579463,1262.43,20.827260532201606,15000.0,285082.16,4698.472227915261,0,540.0
3.0,solar,bus_207,solar_8801,36.00605239491482,-118.0330194901111,445.1269873194988,1920.94,21.38626932296118,15000.0,166064.89,3150.371663040237,0,540.0
1.0,solar,bus_207,solar_9164,34.6972619565,-115.91018336026316,297.3350193093017,1370.69,20.80076673898595,15000.0,228099.69,4582.887685702328,0,540.0
3.0,solar,bus_207,solar_9554,36.09263361175185,-118.73731821751852,508.1477055487408,2675.24,19.246807189138497,35000.0,439531.4,4826.783703703703,0,540.0
2.0,solar,bus_207,solar_10302,35.94515037724483,-113.95913374314286,79.72826973793165,774.09,20.206921077184717,35000.0,88726.28,5257.520563974944,1,540.0
3.0,solar,bus_207,solar_11083,36.26579604542593,-118.1738792355926,457.618091019544,562.63,21.704051587967797,15000.0,407670.75,4334.185178850601,0,540.0
2.0,solar,bus_207,solar_11821,36.07376059869655,-115.36118871457143,204.8010375682223,1895.69,20.33245961018209,35000.0,267489.94,4568.217359904856,1,540.0
3.0,solar,bus_207,solar_11837,36.35237726226296,-118.5260285992963,489.4725802009052,3199.82,21.280843517492393,35000.0,657265.94,3555.5323979640634,0,540.0
2.0,solar,bus_207,solar_12188,36.07376059869655,-114.48490435742858,126.04701360716471,1034.83,19.649696670386444,35000.0,345709.78,6176.704732336498,1,540.0
3.0,solar,bus_207,solar_12223,36.35237726226296,-117.3287207627037,382.3951743756896,616.44,19.899699049838656,15000.0,431066.34,4162.50411039619,0,540.0
2.0,solar,bus_207,solar_12568,36.11663067251379,-114.74778966457143,149.78310732784828,907.88,19.391389919897858,35000.0,404530.84,7771.421293493865,1,540.0
3.0,solar,bus_207,solar_12591,36.35237726226296,-117.11743114448147,363.5171160126032,1283.28,20.986785155739607,35000.0,243376.78,5059.439440354808,0,540.0
2.0,solar,bus_207,solar_12954,36.159500746331034,-114.13439061457143,95.2141482753412,216.79,19.79746766913336,35000.0,467371.66,9295.096465069715,1,540.0
2.0,solar,bus_207,solar_12977,36.202370820148275,-114.923046536,166.10949615046627,422.82,19.98129969611502,35000.0,365625.44,4648.62371364967,1,540.0
2.0,solar,bus_207,solar_13734,36.28811096778276,-115.01067497171428,175.01858258887762,1435.71,20.022836093802365,35000.0,275067.38,4670.662091503268,1,540.0
2.0,solar,bus_207,solar_14502,36.3309810416,-114.923046536,168.01414655882243,1274.09,19.972700974607537,35000.0,392252.53,3317.1199651070892,1,540.0
1.0,wind,bus_208,wind_3840,32.91772711277368,-115.08185540278947,372.34689641631275,78.0,29.86654403472681,35000.0,257014.03,13494.356293888508,0,3370.0
1.0,wind,bus_208,wind_3841,32.91772711277368,-114.94380074321053,367.0247331676722,66.0,32.903536507098664,35000.0,317563.62,13922.127475281783,0,3370.0
3.0,wind,bus_208,wind_3867,34.18784684133704,-116.976571399,385.4367968363013,66.0,22.15517101019571,15000.0,550612.56,10357.109068159081,0,3370.0
3.0,wind,bus_208,wind_4614,34.274428058174074,-117.04700127174074,386.1409008421568,228.0,45.46469677479659,15000.0,542013.2,9597.691972840154,0,3370.0
3.0,wind,bus_208,wind_4625,34.361009275011114,-118.24430910833333,480.78826100155703,186.0,40.587012468578514,35000.0,411351.8,5539.314954486427,0,3370.0
1.0,wind,bus_208,wind_5738,33.01659015964737,-114.80574608363158,351.87845968335876,144.0,45.67545565294453,35000.0,185248.53,6033.371193415638,0,3370.0
3.0,wind,bus_208,wind_5759,34.534171708685186,-118.5260285992963,497.9077124738003,246.0,27.70681974270578,15000.0,579130.6,4889.942746873255,0,3370.0
3.0,wind,bus_208,wind_5762,34.534171708685186,-118.31473898107407,479.7236614727615,204.0,38.767218884089594,15000.0,378539.16,11720.692783303672,0,3370.0
1.0,wind,bus_208,wind_6124,33.11545320652105,-116.324347339,417.1788968061002,60.0,52.26981609860366,35000.0,376899.84,13854.580762104344,0,3370.0
2.0,wind,bus_208,wind_6862,35.173489048534485,-114.48490435742858,135.26516447639298,42.0,49.37766374099247,35000.0,362114.1,5022.801101628039,1,3370.0
2.0,wind,bus_208,wind_6864,35.173489048534485,-114.309647486,123.2882800334484,252.0,39.248624139220354,35000.0,454195.8,4487.393906682622,1,3370.0
2.0,wind,bus_208,wind_8004,35.216359122351726,-115.01067497171428,172.64689991553436,222.0,57.02361614208024,15000.0,347759.25,3906.8795749374895,1,3370.0
1.0,wind,bus_208,wind_8011,33.31317930026842,-115.63407404110526,360.3031422963132,228.0,17.733234099813693,15000.0,124354.65,5979.508496701373,0,3370.0
1.0,wind,bus_208,wind_8026,33.31317930026842,-113.701308807,293.5068779125962,126.0,33.18933618191138,35000.0,307217.75,13701.886610865902,0,3370.0
1.0,wind,bus_208,wind_8770,33.412042347142105,-113.9774181261579,286.82229985344406,276.0,40.85052500898017,35000.0,139822.95,4952.446145236453,0,3370.0
1.0,wind,bus_208,wind_8775,33.51090539401579,-116.0482380198421,367.19880716046663,108.0,31.262503103984557,15000.0,240732.22,5543.147302292982,0,3370.0
2.0,wind,bus_208,wind_9542,35.25922919616897,-113.43336312885715,75.73589908001054,228.0,40.26782429171251,15000.0,206109.4,3636.3574772151674,1,3370.0
1.0,wind,bus_208,wind_9546,33.609768440889475,-116.18629267942106,367.9749475834814,258.0,31.322704717256308,35000.0,228112.95,6730.409007429606,0,3370.0
1.0,wind,bus_208,wind_9926,33.609768440889475,-115.7721287006842,342.0838559591047,288.0,29.121414121724055,35000.0,177124.89,5342.027528675423,0,3370.0
3.0,wind,bus_208,wind_10314,34.96707779287037,-118.38516885381482,471.3746807217855,246.0,41.28737036872091,15000.0,469507.75,3910.4721550060904,0,3370.0
3.0,wind,bus_208,wind_11080,35.05365900970741,-117.82172987188889,419.2975757786892,240.0,29.83449048851381,15000.0,473568.0,3140.1317006028785,0,3370.0
3.0,wind,bus_208,wind_11451,35.05365900970741,-117.39915063544444,382.2111343257181,216.0,31.922420034212657,35000.0,286184.66,5037.468664619892,0,3370.0
3.0,wind,bus_208,wind_11462,35.14024022654445,-118.59645847203703,485.6588426645064,72.0,30.90716157998361,15000.0,421182.88,4246.732688971792,0,3370.0
2.0,wind,bus_208,wind_12200,35.47357956525517,-115.44881715028572,199.1137268521575,282.0,35.868914710440556,35000.0,368521.7,3513.425303677313,1,3370.0
3.0,wind,bus_208,wind_12222,35.22682144338148,-118.80774809025925,502.6057684673853,180.0,7.294763642570183,15000.0,448000.2,4639.573607492375,0,3370.0
2.0,wind,bus_208,wind_13347,35.602189786706894,-115.36118871457143,188.01608712748848,240.0,31.74171522120349,35000.0,271069.88,4934.397613384755,1,3370.0
2.0,wind,bus_208,wind_13355,35.602189786706894,-114.66016122885715,126.60768661917554,258.0,46.71920613088312,35000.0,318633.25,4238.3168759567225,1,3370.0
2.0,wind,bus_208,wind_13719,35.602189786706894,-113.696248436,50.261444248647855,270.0,49.6009464184887,15000.0,369154.3,5210.298750561249,1,3370.0
2.0,wind,bus_208,wind_13723,35.602189786706894,-113.34573469314286,36.961591926733874,282.0,46.93785294623239,35000.0,342503.72,4586.018234119997,1,3370.0
2.0,wind,bus_208,wind_14115,35.645059860524135,-113.60862000028573,41.466572652297984,102.0,44.604152879739,35000.0,319696.4,5301.523045267489,1,3370.0
1.0,solar,bus_208,solar_1180,33.609768440889475,-113.9774181261579,265.35212904497257,119.51,20.66093307534744,35000.0,415575.4,10881.386489607035,0,540.0
1.0,solar,bus_208,solar_1938,33.70863148776316,-115.91018336026316,342.35234686798367,413.56,21.006451738438415,35000.0,136194.78,5589.921430933224,0,540.0
1.0,solar,bus_208,solar_2696,33.70863148776316,-114.5296367644737,271.0282372294075,975.34,20.23556579392014,15000.0,326046.84,5842.262500000001,0,540.0
3.0,solar,bus_208,solar_3481,35.31340266021852,-117.54001038092592,387.789199397157,235.46,20.98557988500825,15000.0,1450488.9,9015.091456745968,0,540.0
3.0,solar,bus_208,solar_3865,35.399983877055554,-117.89215974462962,417.4438178368725,555.68,20.956046218629005,15000.0,748010.2,8326.904253604604,0,540.0
1.0,solar,bus_208,solar_4974,33.90635758151053,-114.39158210489474,245.78120985789215,725.49,20.566563256377396,15000.0,151662.47,5015.97306034038,0,540.0
3.0,solar,bus_208,solar_5002,35.57314631072963,-117.75129999914815,402.0527799372864,321.51,20.805657171461945,15000.0,610527.6,14019.768686868687,0,540.0
2.0,solar,bus_208,solar_6866,35.773670081975865,-113.082849386,27.660392517495232,1975.87,20.3644778352278,15000.0,163287.61,3303.7093581362155,1,540.0
2.0,solar,bus_208,solar_6870,35.816540155793106,-115.27356027885715,176.70320750419666,511.49,20.3885561933549,15000.0,191078.33,4340.889018140537,1,540.0
1.0,solar,bus_208,solar_6877,34.20294672213158,-114.39158210489474,215.85217393996956,243.36,20.323107440582152,35000.0,248843.27,14732.03952695499,0,540.0
1.0,solar,bus_208,solar_7637,34.40067281587895,-116.0482380198421,301.0885841428608,115.64,20.97164538263398,15000.0,329703.16,8637.77394621809,0,540.0
1.0,solar,bus_208,solar_8402,34.59839890962632,-116.18629267942106,299.77246775493495,800.57,20.779362880359272,35000.0,309062.75,5348.813514564577,0,540.0
1.0,solar,bus_208,solar_8406,34.59839890962632,-115.63407404110526,257.42696188202024,381.67,20.52282248996236,35000.0,307217.75,13701.886610865902,0,540.0
3.0,solar,bus_208,solar_8422,36.00605239491482,-118.878177963,500.39987542327583,1534.09,18.4643785313685,15000.0,147581.83,4738.016111105843,0,540.0
1.0,solar,bus_208,solar_8772,34.59839890962632,-115.21991006236843,227.75019716106456,1262.43,20.827260532201606,15000.0,285082.16,4698.472227915261,0,540.0
3.0,solar,bus_208,solar_8801,36.00605239491482,-118.0330194901111,424.3796588258159,1920.94,21.38626932296118,15000.0,166064.89,3150.371663040237,0,540.0
1.0,solar,bus_208,solar_9164,34.6972619565,-115.91018336026316,272.446979569088,1370.69,20.80076673898595,15000.0,228099.69,4582.887685702328,0,540.0
3.0,solar,bus_208,solar_9554,36.09263361175185,-118.73731821751852,487.7158898537715,2675.24,19.246807189138497,35000.0,439531.4,4826.783703703703,0,540.0
2.0,solar,bus_208,solar_10302,35.94515037724483,-113.95913374314286,57.76027193775266,774.09,20.206921077184717,35000.0,88726.28,5257.520563974944,1,540.0
3.0,solar,bus_208,solar_11083,36.26579604542593,-118.1738792355926,437.8134611107416,562.63,21.704051587967797,15000.0,407670.75,4334.185178850601,0,540.0
2.0,solar,bus_208,solar_11821,36.07376059869655,-115.36118871457143,184.47444834896456,1895.69,20.33245961018209,35000.0,267489.94,4568.217359904856,1,540.0
3.0,solar,bus_208,solar_11837,36.35237726226296,-118.5260285992963,469.9338292030642,3199.82,21.280843517492393,35000.0,657265.94,3555.5323979640634,0,540.0
2.0,solar,bus_208,solar_12188,36.07376059869655,-114.48490435742858,106.14113240908128,1034.83,19.649696670386444,35000.0,345709.78,6176.704732336498,1,540.0
3.0,solar,bus_208,solar_12223,36.35237726226296,-117.3287207627037,363.1370467922453,616.44,19.899699049838656,15000.0,431066.34,4162.50411039619,0,540.0
2.0,solar,bus_208,solar_12568,36.11663067251379,-114.74778966457143,130.20297823258312,907.88,19.391389919897858,35000.0,404530.84,7771.421293493865,1,540.0
3.0,solar,bus_208,solar_12591,36.35237726226296,-117.11743114448147,344.3332513264674,1283.28,20.986785155739607,35000.0,243376.78,5059.439440354808,0,540.0
2.0,solar,bus_208,solar_12954,36.159500746331034,-114.13439061457143,77.59453467614156,216.79,19.79746766913336,35000.0,467371.66,9295.096465069715,1,540.0
2.0,solar,bus_208,solar_12977,36.202370820148275,-114.923046536,147.345594180152,422.82,19.98129969611502,35000.0,365625.44,4648.62371364967,1,540.0
2.0,solar,bus_208,solar_13734,36.28811096778276,-115.01067497171428,157.100267725147,1435.71,20.022836093802365,35000.0,275067.38,4670.662091503268,1,540.0
2.0,solar,bus_208,solar_14502,36.3309810416,-114.923046536,150.7818727957556,1274.09,19.972700974607537,35000.0,392252.53,3317.1199651070892,1,540.0
1.0,wind,bus_209,wind_3840,32.91772711277368,-115.08185540278947,332.23538037203434,78.0,29.86654403472681,35000.0,257014.03,13494.356293888508,0,3370.0
1.0,wind,bus_209,wind_3841,32.91772711277368,-114.94380074321053,329.20521288561855,66.0,32.903536507098664,35000.0,317563.62,13922.127475281783,0,3370.0
3.0,wind,bus_209,wind_3867,34.18784684133704,-116.976571399,313.9684394973706,66.0,22.15517101019571,15000.0,550612.56,10357.109068159081,0,3370.0
3.0,wind,bus_209,wind_4614,34.274428058174074,-117.04700127174074,313.809702827181,228.0,45.46469677479659,15000.0,542013.2,9597.691972840154,0,3370.0
3.0,wind,bus_209,wind_4625,34.361009275011114,-118.24430910833333,405.5696038366159,186.0,40.587012468578514,35000.0,411351.8,5539.314954486427,0,3370.0
1.0,wind,bus_209,wind_5738,33.01659015964737,-114.80574608363158,315.8331517792776,144.0,45.67545565294453,35000.0,185248.53,6033.371193415638,0,3370.0
3.0,wind,bus_209,wind_5759,34.534171708685186,-118.5260285992963,422.0033818212913,246.0,27.70681974270578,15000.0,579130.6,4889.942746873255,0,3370.0
3.0,wind,bus_209,wind_5762,34.534171708685186,-118.31473898107407,403.9631270231349,204.0,38.767218884089594,15000.0,378539.16,11720.692783303672,0,3370.0
1.0,wind,bus_209,wind_6124,33.11545320652105,-116.324347339,359.35626218771296,60.0,52.26981609860366,35000.0,376899.84,13854.580762104344,0,3370.0
2.0,wind,bus_209,wind_6862,35.173489048534485,-114.48490435742858,76.46854581871423,42.0,49.37766374099247,35000.0,362114.1,5022.801101628039,1,3370.0
2.0,wind,bus_209,wind_6864,35.173489048534485,-114.309647486,71.68947796253796,252.0,39.248624139220354,35000.0,454195.8,4487.393906682622,1,3370.0
2.0,wind,bus_209,wind_8004,35.216359122351726,-115.01067497171428,101.69899332851314,222.0,57.02361614208024,15000.0,347759.25,3906.8795749374895,1,3370.0
1.0,wind,bus_209,wind_8011,33.31317930026842,-115.63407404110526,308.5773600728378,228.0,17.733234099813693,15000.0,124354.65,5979.508496701373,0,3370.0
1.0,wind,bus_209,wind_8026,33.31317930026842,-113.701308807,280.1296084866058,126.0,33.18933618191138,35000.0,307217.75,13701.886610865902,0,3370.0
1.0,wind,bus_209,wind_8770,33.412042347142105,-113.9774181261579,266.5693846781394,276.0,40.85052500898017,35000.0,139822.95,4952.446145236453,0,3370.0
1.0,wind,bus_209,wind_8775,33.51090539401579,-116.0482380198421,308.5209864079703,108.0,31.262503103984557,15000.0,240732.22,5543.147302292982,0,3370.0
2.0,wind,bus_209,wind_9542,35.25922919616897,-113.43336312885715,88.87792085163899,228.0,40.26782429171251,15000.0,206109.4,3636.3574772151674,1,3370.0
1.0,wind,bus_209,wind_9546,33.609768440889475,-116.18629267942106,306.9158156488184,258.0,31.322704717256308,35000.0,228112.95,6730.409007429606,0,3370.0
1.0,wind,bus_209,wind_9926,33.609768440889475,-115.7721287006842,285.5643152215941,288.0,29.121414121724055,35000.0,177124.89,5342.027528675423,0,3370.0
3.0,wind,bus_209,wind_10314,34.96707779287037,-118.38516885381482,394.97020647605353,246.0,41.28737036872091,15000.0,469507.75,3910.4721550060904,0,3370.0
3.0,wind,bus_209,wind_11080,35.05365900970741,-117.82172987188889,342.9125764359269,240.0,29.83449048851381,15000.0,473568.0,3140.1317006028785,0,3370.0
3.0,wind,bus_209,wind_11451,35.05365900970741,-117.39915063544444,305.92743584297756,216.0,31.922420034212657,35000.0,286184.66,5037.468664619892,0,3370.0
3.0,wind,bus_209,wind_11462,35.14024022654445,-118.59645847203703,409.27234304002405,72.0,30.90716157998361,15000.0,421182.88,4246.732688971792,0,3370.0
2.0,wind,bus_209,wind_12200,35.47357956525517,-115.44881715028572,122.951831431922,282.0,35.868914710440556,35000.0,368521.7,3513.425303677313,1,3370.0
3.0,wind,bus_209,wind_12222,35.22682144338148,-118.80774809025925,426.3195097934633,180.0,7.294763642570183,15000.0,448000.2,4639.573607492375,0,3370.0
2.0,wind,bus_209,wind_13347,35.602189786706894,-115.36118871457143,111.59368172028452,240.0,31.74171522120349,35000.0,271069.88,4934.397613384755,1,3370.0
2.0,wind,bus_209,wind_13355,35.602189786706894,-114.66016122885715,51.226772803655464,258.0,46.71920613088312,35000.0,318633.25,4238.3168759567225,1,3370.0
2.0,wind,bus_209,wind_13719,35.602189786706894,-113.696248436,46.83956454398879,270.0,49.6009464184887,15000.0,369154.3,5210.298750561249,1,3370.0
2.0,wind,bus_209,wind_13723,35.602189786706894,-113.34573469314286,76.11745795747058,282.0,46.93785294623239,35000.0,342503.72,4586.018234119997,1,3370.0
2.0,wind,bus_209,wind_14115,35.645059860524135,-113.60862000028573,52.080989757166584,102.0,44.604152879739,35000.0,319696.4,5301.523045267489,1,3370.0
1.0,solar,bus_209,solar_1180,33.609768440889475,-113.9774181261579,244.62453622775243,119.51,20.66093307534744,35000.0,415575.4,10881.386489607035,0,540.0
1.0,solar,bus_209,solar_1938,33.70863148776316,-115.91018336026316,283.14121532433455,413.56,21.006451738438415,35000.0,136194.78,5589.921430933224,0,540.0
1.0,solar,bus_209,solar_2696,33.70863148776316,-114.5296367644737,235.67136379526707,975.34,20.23556579392014,15000.0,326046.84,5842.262500000001,0,540.0
3.0,solar,bus_209,solar_3481,35.31340266021852,-117.54001038092592,311.4005218977786,235.46,20.98557988500825,15000.0,1450488.9,9015.091456745968,0,540.0
3.0,solar,bus_209,solar_3865,35.399983877055554,-117.89215974462962,341.2171803878348,555.68,20.956046218629005,15000.0,748010.2,8326.904253604604,0,540.0
1.0,solar,bus_209,solar_4974,33.90635758151053,-114.39158210489474,212.2708181687746,725.49,20.566563256377396,15000.0,151662.47,5015.97306034038,0,540.0
3.0,solar,bus_209,solar_5002,35.57314631072963,-117.75129999914815,326.1676431865586,321.51,20.805657171461945,15000.0,610527.6,14019.768686868687,0,540.0
2.0,solar,bus_209,solar_6866,35.773670081975865,-113.082849386,96.39310844677264,1975.87,20.3644778352278,15000.0,163287.61,3303.7093581362155,1,540.0
2.0,solar,bus_209,solar_6870,35.816540155793106,-115.27356027885715,101.24816051182928,511.49,20.3885561933549,15000.0,191078.33,4340.889018140537,1,540.0
1.0,solar,bus_209,solar_6877,34.20294672213158,-114.39158210489474,179.49632151603896,243.36,20.323107440582152,35000.0,248843.27,14732.03952695499,0,540.0
1.0,solar,bus_209,solar_7637,34.40067281587895,-116.0482380198421,232.7594355936615,115.64,20.97164538263398,15000.0,329703.16,8637.77394621809,0,540.0
1.0,solar,bus_209,solar_8402,34.59839890962632,-116.18629267942106,228.48129423978983,800.57,20.779362880359272,35000.0,309062.75,5348.813514564577,0,540.0
1.0,solar,bus_209,solar_8406,34.59839890962632,-115.63407404110526,190.1699681282511,381.67,20.52282248996236,35000.0,307217.75,13701.886610865902,0,540.0
3.0,solar,bus_209,solar_8422,36.00605239491482,-118.878177963,426.3177371845877,1534.09,18.4643785313685,15000.0,147581.83,4738.016111105843,0,540.0
1.0,solar,bus_209,solar_8772,34.59839890962632,-115.21991006236843,165.64671637433042,1262.43,20.827260532201606,15000.0,285082.16,4698.472227915261,0,540.0
3.0,solar,bus_209,solar_8801,36.00605239491482,-118.0330194901111,350.343496040608,1920.94,21.38626932296118,15000.0,166064.89,3150.371663040237,0,540.0
1.0,solar,bus_209,solar_9164,34.6972619565,-115.91018336026316,201.72987140552243,1370.69,20.80076673898595,15000.0,228099.69,4582.887685702328,0,540.0
3.0,solar,bus_209,solar_9554,36.09263361175185,-118.73731821751852,414.0581677132567,2675.24,19.246807189138497,35000.0,439531.4,4826.783703703703,0,540.0
2.0,solar,bus_209,solar_10302,35.94515037724483,-113.95913374314286,23.255504543477244,774.09,20.206921077184717,35000.0,88726.28,5257.520563974944,1,540.0
3.0,solar,bus_209,solar_11083,36.26579604542593,-118.1738792355926,365.32590110236055,562.63,21.704051587967797,15000.0,407670.75,4334.185178850601,0,540.0
2.0,solar,bus_209,solar_11821,36.07376059869655,-115.36118871457143,112.9852194449415,1895.69,20.33245961018209,35000.0,267489.94,4568.217359904856,1,540.0
3.0,solar,bus_209,solar_11837,36.35237726226296,-118.5260285992963,397.83772944126946,3199.82,21.280843517492393,35000.0,657265.94,3555.5323979640634,0,540.0
2.0,solar,bus_209,solar_12188,36.07376059869655,-114.48490435742858,42.39022673672756,1034.83,19.649696670386444,35000.0,345709.78,6176.704732336498,1,540.0
3.0,solar,bus_209,solar_12223,36.35237726226296,-117.3287207627037,291.9887775778025,616.44,19.899699049838656,15000.0,431066.34,4162.50411039619,0,540.0
2.0,solar,bus_209,solar_12568,36.11663067251379,-114.74778966457143,63.92646948012467,907.88,19.391389919897858,35000.0,404530.84,7771.421293493865,1,540.0
3.0,solar,bus_209,solar_12591,36.35237726226296,-117.11743114448147,273.44854566044205,1283.28,20.986785155739607,35000.0,243376.78,5059.439440354808,0,540.0
2.0,solar,bus_209,solar_12954,36.159500746331034,-114.13439061457143,39.43451082398855,216.79,19.79746766913336,35000.0,467371.66,9295.096465069715,1,540.0
2.0,solar,bus_209,solar_12977,36.202370820148275,-114.923046536,82.31940795877374,422.82,19.98129969611502,35000.0,365625.44,4648.62371364967,1,540.0
2.0,solar,bus_209,solar_13734,36.28811096778276,-115.01067497171428,94.12944321576929,1435.71,20.022836093802365,35000.0,275067.38,4670.662091503268,1,540.0
2.0,solar,bus_209,solar_14502,36.3309810416,-114.923046536,90.75530533296988,1274.09,19.972700974607537,35000.0,392252.53,3317.1199651070892,1,540.0
1.0,wind,bus_210,wind_3840,32.91772711277368,-115.08185540278947,330.09658210202156,78.0,29.86654403472681,35000.0,257014.03,13494.356293888508,0,3370.0
1.0,wind,bus_210,wind_3841,32.91772711277368,-114.94380074321053,327.08878428653657,66.0,32.903536507098664,35000.0,317563.62,13922.127475281783,0,3370.0
3.0,wind,bus_210,wind_3867,34.18784684133704,-116.976571399,311.9921838812876,66.0,22.15517101019571,15000.0,550612.56,10357.109068159081,0,3370.0
3.0,wind,bus_210,wind_4614,34.274428058174074,-117.04700127174074,311.8713108030185,228.0,45.46469677479659,15000.0,542013.2,9597.691972840154,0,3370.0
3.0,wind,bus_210,wind_4625,34.361009275011114,-118.24430910833333,403.8410942237321,186.0,40.587012468578514,35000.0,411351.8,5539.314954486427,0,3370.0
1.0,wind,bus_210,wind_5738,33.01659015964737,-114.80574608363158,313.7381863294913,144.0,45.67545565294453,35000.0,185248.53,6033.371193415638,0,3370.0
3.0,wind,bus_210,wind_5759,34.534171708685186,-118.5260285992963,420.3708826227268,246.0,27.70681974270578,15000.0,579130.6,4889.942746873255,0,3370.0
3.0,wind,bus_210,wind_5762,34.534171708685186,-118.31473898107407,402.3056746226799,204.0,38.767218884089594,15000.0,378539.16,11720.692783303672,0,3370.0
1.0,wind,bus_210,wind_6124,33.11545320652105,-116.324347339,357.1562387909679,60.0,52.26981609860366,35000.0,376899.84,13854.580762104344,0,3370.0
2.0,wind,bus_210,wind_6862,35.173489048534485,-114.48490435742858,74.27354679845224,42.0,49.37766374099247,35000.0,362114.1,5022.801101628039,1,3370.0
2.0,wind,bus_210,wind_6864,35.173489048534485,-114.309647486,69.59148315868141,252.0,39.248624139220354,35000.0,454195.8,4487.393906682622,1,3370.0
2.0,wind,bus_210,wind_8004,35.216359122351726,-115.01067497171428,99.6366311599202,222.0,57.02361614208024,15000.0,347759.25,3906.8795749374895,1,3370.0
1.0,wind,bus_210,wind_8011,33.31317930026842,-115.63407404110526,306.37247178995267,228.0,17.733234099813693,15000.0,124354.65,5979.508496701373,0,3370.0
1.0,wind,bus_210,wind_8026,33.31317930026842,-113.701308807,278.39472717818717,126.0,33.18933618191138,35000.0,307217.75,13701.886610865902,0,3370.0
1.0,wind,bus_210,wind_8770,33.412042347142105,-113.9774181261579,264.7194416530109,276.0,40.85052500898017,35000.0,139822.95,4952.446145236453,0,3370.0
1.0,wind,bus_210,wind_8775,33.51090539401579,-116.0482380198421,306.32259207652254,108.0,31.262503103984557,15000.0,240732.22,5543.147302292982,0,3370.0
2.0,wind,bus_210,wind_9542,35.25922919616897,-113.43336312885715,88.39324894236215,228.0,40.26782429171251,15000.0,206109.4,3636.3574772151674,1,3370.0
1.0,wind,bus_210,wind_9546,33.609768440889475,-116.18629267942106,304.731890747894,258.0,31.322704717256308,35000.0,228112.95,6730.409007429606,0,3370.0
1.0,wind,bus_210,wind_9926,33.609768440889475,-115.7721287006842,283.3581753588948,288.0,29.121414121724055,35000.0,177124.89,5342.027528675423,0,3370.0
3.0,wind,bus_210,wind_10314,34.96707779287037,-118.38516885381482,393.49912948643293,246.0,41.28737036872091,15000.0,469507.75,3910.4721550060904,0,3370.0
3.0,wind,bus_210,wind_11080,35.05365900970741,-117.82172987188889,341.42423278384615,240.0,29.83449048851381,15000.0,473568.0,3140.1317006028785,0,3370.0
3.0,wind,bus_210,wind_11451,35.05365900970741,-117.39915063544444,304.38698583088603,216.0,31.922420034212657,35000.0,286184.66,5037.468664619892,0,3370.0
3.0,wind,bus_210,wind_11462,35.14024022654445,-118.59645847203703,407.89858917148047,72.0,30.90716157998361,15000.0,421182.88,4246.732688971792,0,3370.0
2.0,wind,bus_210,wind_12200,35.47357956525517,-115.44881715028572,121.35830945611607,282.0,35.868914710440556,35000.0,368521.7,3513.425303677313,1,3370.0
3.0,wind,bus_210,wind_12222,35.22682144338148,-118.80774809025925,425.0004763755933,180.0,7.294763642570183,15000.0,448000.2,4639.573607492375,0,3370.0
2.0,wind,bus_210,wind_13347,35.602189786706894,-115.36118871457143,110.16370409375672,240.0,31.74171522120349,35000.0,271069.88,4934.397613384755,1,3370.0
2.0,wind,bus_210,wind_13355,35.602189786706894,-114.66016122885715,49.42366410353902,258.0,46.71920613088312,35000.0,318633.25,4238.3168759567225,1,3370.0
2.0,wind,bus_210,wind_13719,35.602189786706894,-113.696248436,46.92327585022349,270.0,49.6009464184887,15000.0,369154.3,5210.298750561249,1,3370.0
2.0,wind,bus_210,wind_13723,35.602189786706894,-113.34573469314286,76.62492696030989,282.0,46.93785294623239,35000.0,342503.72,4586.018234119997,1,3370.0
2.0,wind,bus_210,wind_14115,35.645059860524135,-113.60862000028573,52.496844364936855,102.0,44.604152879739,35000.0,319696.4,5301.523045267489,1,3370.0
1.0,solar,bus_210,solar_1180,33.609768440889475,-113.9774181261579,242.78124914732712,119.51,20.66093307534744,35000.0,415575.4,10881.386489607035,0,540.0
1.0,solar,bus_210,solar_1938,33.70863148776316,-115.91018336026316,280.94400192818006,413.56,21.006451738438415,35000.0,136194.78,5589.921430933224,0,540.0
1.0,solar,bus_210,solar_2696,33.70863148776316,-114.5296367644737,233.61062565644397,975.34,20.23556579392014,15000.0,326046.84,5842.262500000001,0,540.0
3.0,solar,bus_210,solar_3481,35.31340266021852,-117.54001038092592,310.02753424543744,235.46,20.98557988500825,15000.0,1450488.9,9015.091456745968,0,540.0
3.0,solar,bus_210,solar_3865,35.399983877055554,-117.89215974462962,339.92467584120226,555.68,20.956046218629005,15000.0,748010.2,8326.904253604604,0,540.0
1.0,solar,bus_210,solar_4974,33.90635758151053,-114.39158210489474,210.2476253377295,725.49,20.566563256377396,15000.0,151662.47,5015.97306034038,0,540.0
3.0,solar,bus_210,solar_5002,35.57314631072963,-117.75129999914815,324.9713417310269,321.51,20.805657171461945,15000.0,610527.6,14019.768686868687,0,540.0
2.0,solar,bus_210,solar_6866,35.773670081975865,-113.082849386,97.43978535438352,1975.87,20.3644778352278,15000.0,163287.61,3303.7093581362155,1,540.0
2.0,solar,bus_210,solar_6870,35.816540155793106,-115.27356027885715,100.21547685859444,511.49,20.3885561933549,15000.0,191078.33,4340.889018140537,1,540.0
1.0,solar,bus_210,solar_6877,34.20294672213158,-114.39158210489474,177.45710577538247,243.36,20.323107440582152,35000.0,248843.27,14732.03952695499,0,540.0
1.0,solar,bus_210,solar_7637,34.40067281587895,-116.0482380198421,230.6720334266386,115.64,20.97164538263398,15000.0,329703.16,8637.77394621809,0,540.0
1.0,solar,bus_210,solar_8402,34.59839890962632,-116.18629267942106,226.48453514725145,800.57,20.779362880359272,35000.0,309062.75,5348.813514564577,0,540.0
1.0,solar,bus_210,solar_8406,34.59839890962632,-115.63407404110526,188.0493547370947,381.67,20.52282248996236,35000.0,307217.75,13701.886610865902,0,540.0
3.0,solar,bus_210,solar_8422,36.00605239491482,-118.878177963,425.3858743889887,1534.09,18.4643785313685,15000.0,147581.83,4738.016111105843,0,540.0
1.0,solar,bus_210,solar_8772,34.59839890962632,-115.21991006236843,163.4542624457817,1262.43,20.827260532201606,15000.0,285082.16,4698.472227915261,0,540.0
3.0,solar,bus_210,solar_8801,36.00605239491482,-118.0330194901111,349.4268362027312,1920.94,21.38626932296118,15000.0,166064.89,3150.371663040237,0,540.0
1.0,solar,bus_210,solar_9164,34.6972619565,-115.91018336026316,199.7053313478715,1370.69,20.80076673898595,15000.0,228099.69,4582.887685702328,0,540.0
3.0,solar,bus_210,solar_9554,36.09263361175185,-118.73731821751852,413.1750943167761,2675.24,19.246807189138497,35000.0,439531.4,4826.783703703703,0,540.0
2.0,solar,bus_210,solar_10302,35.94515037724483,-113.95913374314286,25.359842485596488,774.09,20.206921077184717,35000.0,88726.28,5257.520563974944,1,540.0
3.0,solar,bus_210,solar_11083,36.26579604542593,-118.1738792355926,364.5676667680137,562.63,21.704051587967797,15000.0,407670.75,4334.185178850601,0,540.0
2.0,solar,bus_210,solar_11821,36.07376059869655,-115.36118871457143,112.47889239898184,1895.69,20.33245961018209,35000.0,267489.94,4568.217359904856,1,540.0
3.0,solar,bus_210,solar_11837,36.35237726226296,-118.5260285992963,397.10958481232785,3199.82,21.280843517492393,35000.0,657265.94,3555.5323979640634,0,540.0
2.0,solar,bus_210,solar_12188,36.07376059869655,-114.48490435742858,43.029771241525154,1034.83,19.649696670386444,35000.0,345709.78,6176.704732336498,1,540.0
3.0,solar,bus_210,solar_12223,36.35237726226296,-117.3287207627037,291.36839098231326,616.44,19.899699049838656,15000.0,431066.34,4162.50411039619,0,540.0
2.0,solar,bus_210,solar_12568,36.11663067251379,-114.74778966457143,64.09903561334707,907.88,19.391389919897858,35000.0,404530.84,7771.421293493865,1,540.0
3.0,solar,bus_210,solar_12591,36.35237726226296,-117.11743114448147,272.85713875566745,1283.28,20.986785155739607,35000.0,243376.78,5059.439440354808,0,540.0
2.0,solar,bus_210,solar_12954,36.159500746331034,-114.13439061457143,41.408082466333866,216.79,19.79746766913336,35000.0,467371.66,9295.096465069715,1,540.0
2.0,solar,bus_210,solar_12977,36.202370820148275,-114.923046536,82.47176856106275,422.82,19.98129969611502,35000.0,365625.44,4648.62371364967,1,540.0
2.0,solar,bus_210,solar_13734,36.28811096778276,-115.01067497171428,94.36869014407596,1435.71,20.022836093802365,35000.0,275067.38,4670.662091503268,1,540.0
2.0,solar,bus_210,solar_14502,36.3309810416,-114.923046536,91.1967457104968,1274.09,19.972700974607537,35000.0,392252.53,3317.1199651070892,1,540.0
1.0,wind,bus_211,wind_3840,32.91772711277368,-115.08185540278947,331.45491880649087,78.0,29.86654403472681,35000.0,257014.03,13494.356293888508,0,3370.0
1.0,wind,bus_211,wind_3841,32.91772711277368,-114.94380074321053,328.4765951407387,66.0,32.903536507098664,35000.0,317563.62,13922.127475281783,0,3370.0
3.0,wind,bus_211,wind_3867,34.18784684133704,-116.976571399,312.49476090059676,66.0,22.15517101019571,15000.0,550612.56,10357.109068159081,0,3370.0
3.0,wind,bus_211,wind_4614,34.274428058174074,-117.04700127174074,312.31800092606807,228.0,45.46469677479659,15000.0,542013.2,9597.691972840154,0,3370.0
3.0,wind,bus_211,wind_4625,34.361009275011114,-118.24430910833333,404.021248347653,186.0,40.587012468578514,35000.0,411351.8,5539.314954486427,0,3370.0
1.0,wind,bus_211,wind_5738,33.01659015964737,-114.80574608363158,315.1495626429831,144.0,45.67545565294453,35000.0,185248.53,6033.371193415638,0,3370.0
3.0,wind,bus_211,wind_5759,34.534171708685186,-118.5260285992963,420.4453954356848,246.0,27.70681974270578,15000.0,579130.6,4889.942746873255,0,3370.0
3.0,wind,bus_211,wind_5762,34.534171708685186,-118.31473898107407,402.40691794034245,204.0,38.767218884089594,15000.0,378539.16,11720.692783303672,0,3370.0
1.0,wind,bus_211,wind_6124,33.11545320652105,-116.324347339,358.17544288432276,60.0,52.26981609860366,35000.0,376899.84,13854.580762104344,0,3370.0
2.0,wind,bus_211,wind_6862,35.173489048534485,-114.48490435742858,75.5101620208776,42.0,49.37766374099247,35000.0,362114.1,5022.801101628039,1,3370.0
2.0,wind,bus_211,wind_6864,35.173489048534485,-114.309647486,71.00516197572881,252.0,39.248624139220354,35000.0,454195.8,4487.393906682622,1,3370.0
2.0,wind,bus_211,wind_8004,35.216359122351726,-115.01067497171428,100.28518107152448,222.0,57.02361614208024,15000.0,347759.25,3906.8795749374895,1,3370.0
1.0,wind,bus_211,wind_8011,33.31317930026842,-115.63407404110526,307.54567127715126,228.0,17.733234099813693,15000.0,124354.65,5979.508496701373,0,3370.0
1.0,wind,bus_211,wind_8026,33.31317930026842,-113.701308807,279.9606375239347,126.0,33.18933618191138,35000.0,307217.75,13701.886610865902,0,3370.0
1.0,wind,bus_211,wind_8770,33.412042347142105,-113.9774181261579,266.26290550165055,276.0,40.85052500898017,35000.0,139822.95,4952.446145236453,0,3370.0
1.0,wind,bus_211,wind_8775,33.51090539401579,-116.0482380198421,307.331969284919,108.0,31.262503103984557,15000.0,240732.22,5543.147302292982,0,3370.0
2.0,wind,bus_211,wind_9542,35.25922919616897,-113.43336312885715,89.71887310960112,228.0,40.26782429171251,15000.0,206109.4,3636.3574772151674,1,3370.0
1.0,wind,bus_211,wind_9546,33.609768440889475,-116.18629267942106,305.67331824954545,258.0,31.322704717256308,35000.0,228112.95,6730.409007429606,0,3370.0
1.0,wind,bus_211,wind_9926,33.609768440889475,-115.7721287006842,284.43090766125135,288.0,29.121414121724055,35000.0,177124.89,5342.027528675423,0,3370.0
3.0,wind,bus_211,wind_10314,34.96707779287037,-118.38516885381482,393.4110972479688,246.0,41.28737036872091,15000.0,469507.75,3910.4721550060904,0,3370.0
3.0,wind,bus_211,wind_11080,35.05365900970741,-117.82172987188889,341.3528074467408,240.0,29.83449048851381,15000.0,473568.0,3140.1317006028785,0,3370.0
3.0,wind,bus_211,wind_11451,35.05365900970741,-117.39915063544444,304.3667879015732,216.0,31.922420034212657,35000.0,286184.66,5037.468664619892,0,3370.0
3.0,wind,bus_211,wind_11462,35.14024022654445,-118.59645847203703,407.7198312351856,72.0,30.90716157998361,15000.0,421182.88,4246.732688971792,0,3370.0
2.0,wind,bus_211,wind_12200,35.47357956525517,-115.44881715028572,121.392260407713,282.0,35.868914710440556,35000.0,368521.7,3513.425303677313,1,3370.0
3.0,wind,bus_211,wind_12222,35.22682144338148,-118.80774809025925,424.77275180746625,180.0,7.294763642570183,15000.0,448000.2,4639.573607492375,0,3370.0
2.0,wind,bus_211,wind_13347,35.602189786706894,-115.36118871457143,110.03622788441376,240.0,31.74171522120349,35000.0,271069.88,4934.397613384755,1,3370.0
2.0,wind,bus_211,wind_13355,35.602189786706894,-114.66016122885715,49.695861697326436,258.0,46.71920613088312,35000.0,318633.25,4238.3168759567225,1,3370.0
2.0,wind,bus_211,wind_13719,35.602189786706894,-113.696248436,47.98149846821113,270.0,49.6009464184887,15000.0,369154.3,5210.298750561249,1,3370.0
2.0,wind,bus_211,wind_13723,35.602189786706894,-113.34573469314286,77.44593979090779,282.0,46.93785294623239,35000.0,342503.72,4586.018234119997,1,3370.0
2.0,wind,bus_211,wind_14115,35.645059860524135,-113.60862000028573,53.370327964923504,102.0,44.604152879739,35000.0,319696.4,5301.523045267489,1,3370.0
1.0,solar,bus_211,solar_1180,33.609768440889475,-113.9774181261579,244.32653436946688,119.51,20.66093307534744,35000.0,415575.4,10881.386489607035,0,540.0
1.0,solar,bus_211,solar_1938,33.70863148776316,-115.91018336026316,281.9467250010633,413.56,21.006451738438415,35000.0,136194.78,5589.921430933224,0,540.0
1.0,solar,bus_211,solar_2696,33.70863148776316,-114.5296367644737,235.05329353487917,975.34,20.23556579392014,15000.0,326046.84,5842.262500000001,0,540.0
3.0,solar,bus_211,solar_3481,35.31340266021852,-117.54001038092592,309.84798425396474,235.46,20.98557988500825,15000.0,1450488.9,9015.091456745968,0,540.0
3.0,solar,bus_211,solar_3865,35.399983877055554,-117.89215974462962,339.6735852870538,555.68,20.956046218629005,15000.0,748010.2,8326.904253604604,0,540.0
1.0,solar,bus_211,solar_4974,33.90635758151053,-114.39158210489474,211.71752305589496,725.49,20.566563256377396,15000.0,151662.47,5015.97306034038,0,540.0
3.0,solar,bus_211,solar_5002,35.57314631072963,-117.75129999914815,324.63830559197015,321.51,20.805657171461945,15000.0,610527.6,14019.768686868687,0,540.0
2.0,solar,bus_211,solar_6866,35.773670081975865,-113.082849386,97.88881826417806,1975.87,20.3644778352278,15000.0,163287.61,3303.7093581362155,1,540.0
2.0,solar,bus_211,solar_6870,35.816540155793106,-115.27356027885715,99.74889887169026,511.49,20.3885561933549,15000.0,191078.33,4340.889018140537,1,540.0
1.0,solar,bus_211,solar_6877,34.20294672213158,-114.39158210489474,178.91656246742662,243.36,20.323107440582152,35000.0,248843.27,14732.03952695499,0,540.0
1.0,solar,bus_211,solar_7637,34.40067281587895,-116.0482380198421,231.36546592131185,115.64,20.97164538263398,15000.0,329703.16,8637.77394621809,0,540.0
1.0,solar,bus_211,solar_8402,34.59839890962632,-116.18629267942106,227.01936054938895,800.57,20.779362880359272,35000.0,309062.75,5348.813514564577,0,540.0
1.0,solar,bus_211,solar_8406,34.59839890962632,-115.63407404110526,188.8131120136066,381.67,20.52282248996236,35000.0,307217.75,13701.886610865902,0,540.0
3.0,solar,bus_211,solar_8422,36.00605239491482,-118.878177963,424.8454836864233,1534.09,18.4643785313685,15000.0,147581.83,4738.016111105843,0,540.0
1.0,solar,bus_211,solar_8772,34.59839890962632,-115.21991006236843,164.4339732425782,1262.43,20.827260532201606,15000.0,285082.16,4698.472227915261,0,540.0
3.0,solar,bus_211,solar_8801,36.00605239491482,-118.0330194901111,348.87501355883444,1920.94,21.38626932296118,15000.0,166064.89,3150.371663040237,0,540.0
1.0,solar,bus_211,solar_9164,34.6972619565,-115.91018336026316,200.28549465977437,1370.69,20.80076673898595,15000.0,228099.69,4582.887685702328,0,540.0
3.0,solar,bus_211,solar_9554,36.09263361175185,-118.73731821751852,412.59887769884654,2675.24,19.246807189138497,35000.0,439531.4,4826.783703703703,0,540.0
2.0,solar,bus_211,solar_10302,35.94515037724483,-113.95913374314286,24.654592047352697,774.09,20.206921077184717,35000.0,88726.28,5257.520563974944,1,540.0
3.0,solar,bus_211,solar_11083,36.26579604542593,-118.1738792355926,363.9028837443907,562.63,21.704051587967797,15000.0,407670.75,4334.185178850601,0,540.0
2.0,solar,bus_211,solar_11821,36.07376059869655,-115.36118871457143,111.64526443478476,1895.69,20.33245961018209,35000.0,267489.94,4568.217359904856,1,540.0
3.0,solar,bus_211,solar_11837,36.35237726226296,-118.5260285992963,396.4242501227397,3199.82,21.280843517492393,35000.0,657265.94,3555.5323979640634,0,540.0
2.0,solar,bus_211,solar_12188,36.07376059869655,-114.48490435742858,41.6284038368251,1034.83,19.649696670386444,35000.0,345709.78,6176.704732336498,1,540.0
3.0,solar,bus_211,solar_12223,36.35237726226296,-117.3287207627037,290.6106253117123,616.44,19.899699049838656,15000.0,431066.34,4162.50411039619,0,540.0
2.0,solar,bus_211,solar_12568,36.11663067251379,-114.74778966457143,62.89161826635165,907.88,19.391389919897858,35000.0,404530.84,7771.421293493865,1,540.0
3.0,solar,bus_211,solar_12591,36.35237726226296,-117.11743114448147,272.0804110826823,1283.28,20.986785155739607,35000.0,243376.78,5059.439440354808,0,540.0
2.0,solar,bus_211,solar_12954,36.159500746331034,-114.13439061457143,39.921221005604345,216.79,19.79746766913336,35000.0,467371.66,9295.096465069715,1,540.0
2.0,solar,bus_211,solar_12977,36.202370820148275,-114.923046536,81.27588539952542,422.82,19.98129969611502,35000.0,365625.44,4648.62371364967,1,540.0
2.0,solar,bus_211,solar_13734,36.28811096778276,-115.01067497171428,93.13383780367712,1435.71,20.022836093802365,35000.0,275067.38,4670.662091503268,1,540.0
2.0,solar,bus_211,solar_14502,36.3309810416,-114.923046536,89.87585667412004,1274.09,19.972700974607537,35000.0,392252.53,3317.1199651070892,1,540.0
1.0,wind,bus_212,wind_3840,32.91772711277368,-115.08185540278947,330.8803257955262,78.0,29.86654403472681,35000.0,257014.03,13494.356293888508,0,3370.0
1.0,wind,bus_212,wind_3841,32.91772711277368,-114.94380074321053,327.82056595691347,66.0,32.903536507098664,35000.0,317563.62,13922.127475281783,0,3370.0
3.0,wind,bus_212,wind_3867,34.18784684133704,-116.976571399,313.46829853676786,66.0,22.15517101019571,15000.0,550612.56,10357.109068159081,0,3370.0
3.0,wind,bus_212,wind_4614,34.274428058174074,-117.04700127174074,313.36521205026617,228.0,45.46469677479659,15000.0,542013.2,9597.691972840154,0,3370.0
3.0,wind,bus_212,wind_4625,34.361009275011114,-118.24430910833333,405.39019217842576,186.0,40.587012468578514,35000.0,411351.8,5539.314954486427,0,3370.0
1.0,wind,bus_212,wind_5738,33.01659015964737,-114.80574608363158,314.4249268399461,144.0,45.67545565294453,35000.0,185248.53,6033.371193415638,0,3370.0
3.0,wind,bus_212,wind_5759,34.534171708685186,-118.5260285992963,421.92919579029336,246.0,27.70681974270578,15000.0,579130.6,4889.942746873255,0,3370.0
3.0,wind,bus_212,wind_5762,34.534171708685186,-118.31473898107407,403.8623280555289,204.0,38.767218884089594,15000.0,378539.16,11720.692783303672,0,3370.0
1.0,wind,bus_212,wind_6124,33.11545320652105,-116.324347339,358.3404846891072,60.0,52.26981609860366,35000.0,376899.84,13854.580762104344,0,3370.0
2.0,wind,bus_212,wind_6862,35.173489048534485,-114.48490435742858,75.24799751511776,42.0,49.37766374099247,35000.0,362114.1,5022.801101628039,1,3370.0
2.0,wind,bus_212,wind_6864,35.173489048534485,-114.309647486,70.28990294913807,252.0,39.248624139220354,35000.0,454195.8,4487.393906682622,1,3370.0
2.0,wind,bus_212,wind_8004,35.216359122351726,-115.01067497171428,101.05974742621645,222.0,57.02361614208024,15000.0,347759.25,3906.8795749374895,1,3370.0
1.0,wind,bus_212,wind_8011,33.31317930026842,-115.63407404110526,307.40817895678475,228.0,17.733234099813693,15000.0,124354.65,5979.508496701373,0,3370.0
1.0,wind,bus_212,wind_8026,33.31317930026842,-113.701308807,278.5647447909232,126.0,33.18933618191138,35000.0,307217.75,13701.886610865902,0,3370.0
1.0,wind,bus_212,wind_8770,33.412042347142105,-113.9774181261579,265.0278057991567,276.0,40.85052500898017,35000.0,139822.95,4952.446145236453,0,3370.0
1.0,wind,bus_212,wind_8775,33.51090539401579,-116.0482380198421,307.5155910917454,108.0,31.262503103984557,15000.0,240732.22,5543.147302292982,0,3370.0
2.0,wind,bus_212,wind_9542,35.25922919616897,-113.43336312885715,87.53984166689857,228.0,40.26782429171251,15000.0,206109.4,3636.3574772151674,1,3370.0
1.0,wind,bus_212,wind_9546,33.609768440889475,-116.18629267942106,305.97828984958954,258.0,31.322704717256308,35000.0,228112.95,6730.409007429606,0,3370.0
1.0,wind,bus_212,wind_9926,33.609768440889475,-115.7721287006842,284.49594268721955,288.0,29.121414121724055,35000.0,177124.89,5342.027528675423,0,3370.0
3.0,wind,bus_212,wind_10314,34.96707779287037,-118.38516885381482,395.0579459345843,246.0,41.28737036872091,15000.0,469507.75,3910.4721550060904,0,3370.0
3.0,wind,bus_212,wind_11080,35.05365900970741,-117.82172987188889,342.98374048930947,240.0,29.83449048851381,15000.0,473568.0,3140.1317006028785,0,3370.0
3.0,wind,bus_212,wind_11451,35.05365900970741,-117.39915063544444,305.94760266980717,216.0,31.922420034212657,35000.0,286184.66,5037.468664619892,0,3370.0
3.0,wind,bus_212,wind_11462,35.14024022654445,-118.59645847203703,409.4504753990027,72.0,30.90716157998361,15000.0,421182.88,4246.732688971792,0,3370.0
2.0,wind,bus_212,wind_12200,35.47357956525517,-115.44881715028572,122.91849572275504,282.0,35.868914710440556,35000.0,368521.7,3513.425303677313,1,3370.0
3.0,wind,bus_212,wind_12222,35.22682144338148,-118.80774809025925,426.54645837989096,180.0,7.294763642570183,15000.0,448000.2,4639.573607492375,0,3370.0
2.0,wind,bus_212,wind_13347,35.602189786706894,-115.36118871457143,111.71958280065036,240.0,31.74171522120349,35000.0,271069.88,4934.397613384755,1,3370.0
2.0,wind,bus_212,wind_13355,35.602189786706894,-114.66016122885715,50.96320390704554,258.0,46.71920613088312,35000.0,318633.25,4238.3168759567225,1,3370.0
2.0,wind,bus_212,wind_13719,35.602189786706894,-113.696248436,45.75545578010644,270.0,49.6009464184887,15000.0,369154.3,5210.298750561249,1,3370.0
2.0,wind,bus_212,wind_13723,35.602189786706894,-113.34573469314286,75.28227587316573,282.0,46.93785294623239,35000.0,342503.72,4586.018234119997,1,3370.0
2.0,wind,bus_212,wind_14115,35.645059860524135,-113.60862000028573,51.18597022533931,102.0,44.604152879739,35000.0,319696.4,5301.523045267489,1,3370.0
1.0,solar,bus_212,solar_1180,33.609768440889475,-113.9774181261579,243.0812535285743,119.51,20.66093307534744,35000.0,415575.4,10881.386489607035,0,540.0
1.0,solar,bus_212,solar_1938,33.70863148776316,-115.91018336026316,282.14282345286153,413.56,21.006451738438415,35000.0,136194.78,5589.921430933224,0,540.0
1.0,solar,bus_212,solar_2696,33.70863148776316,-114.5296367644737,234.23261192948812,975.34,20.23556579392014,15000.0,326046.84,5842.262500000001,0,540.0
3.0,solar,bus_212,solar_3481,35.31340266021852,-117.54001038092592,311.5792469139749,235.46,20.98557988500825,15000.0,1450488.9,9015.091456745968,0,540.0
3.0,solar,bus_212,solar_3865,35.399983877055554,-117.89215974462962,341.4671988056379,555.68,20.956046218629005,15000.0,748010.2,8326.904253604604,0,540.0
1.0,solar,bus_212,solar_4974,33.90635758151053,-114.39158210489474,210.80489934769145,725.49,20.566563256377396,15000.0,151662.47,5015.97306034038,0,540.0
3.0,solar,bus_212,solar_5002,35.57314631072963,-117.75129999914815,326.49918490043314,321.51,20.805657171461945,15000.0,610527.6,14019.768686868687,0,540.0
2.0,solar,bus_212,solar_6866,35.773670081975865,-113.082849386,95.93732328611152,1975.87,20.3644778352278,15000.0,163287.61,3303.7093581362155,1,540.0
2.0,solar,bus_212,solar_6870,35.816540155793106,-115.27356027885715,101.70808055195218,511.49,20.3885561933549,15000.0,191078.33,4340.889018140537,1,540.0
1.0,solar,bus_212,solar_6877,34.20294672213158,-114.39158210489474,178.04175831357608,243.36,20.323107440582152,35000.0,248843.27,14732.03952695499,0,540.0
1.0,solar,bus_212,solar_7637,34.40067281587895,-116.0482380198421,232.0702695344068,115.64,20.97164538263398,15000.0,329703.16,8637.77394621809,0,540.0
1.0,solar,bus_212,solar_8402,34.59839890962632,-116.18629267942106,227.9500006003397,800.57,20.779362880359272,35000.0,309062.75,5348.813514564577,0,540.0
1.0,solar,bus_212,solar_8406,34.59839890962632,-115.63407404110526,189.41180664177972,381.67,20.52282248996236,35000.0,307217.75,13701.886610865902,0,540.0
3.0,solar,bus_212,solar_8422,36.00605239491482,-118.878177963,426.8563125103393,1534.09,18.4643785313685,15000.0,147581.83,4738.016111105843,0,540.0
1.0,solar,bus_212,solar_8772,34.59839890962632,-115.21991006236843,164.67436597168793,1262.43,20.827260532201606,15000.0,285082.16,4698.472227915261,0,540.0
3.0,solar,bus_212,solar_8801,36.00605239491482,-118.0330194901111,350.8930689293084,1920.94,21.38626932296118,15000.0,166064.89,3150.371663040237,0,540.0
1.0,solar,bus_212,solar_9164,34.6972619565,-115.91018336026316,201.1539896763276,1370.69,20.80076673898595,15000.0,228099.69,4582.887685702328,0,540.0
3.0,solar,bus_212,solar_9554,36.09263361175185,-118.73731821751852,414.6324061637834,2675.24,19.246807189138497,35000.0,439531.4,4826.783703703703,0,540.0
2.0,solar,bus_212,solar_10302,35.94515037724483,-113.95913374314286,24.002855110215577,774.09,20.206921077184717,35000.0,88726.28,5257.520563974944,1,540.0
3.0,solar,bus_212,solar_11083,36.26579604542593,-118.1738792355926,365.988155768052,562.63,21.704051587967797,15000.0,407670.75,4334.185178850601,0,540.0
2.0,solar,bus_212,solar_11821,36.07376059869655,-115.36118871457143,113.80922571732616,1895.69,20.33245961018209,35000.0,267489.94,4568.217359904856,1,540.0
3.0,solar,bus_212,solar_11837,36.35237726226296,-118.5260285992963,398.52068479399776,3199.82,21.280843517492393,35000.0,657265.94,3555.5323979640634,0,540.0
2.0,solar,bus_212,solar_12188,36.07376059869655,-114.48490435742858,43.76772050632997,1034.83,19.649696670386444,35000.0,345709.78,6176.704732336498,1,540.0
3.0,solar,bus_212,solar_12223,36.35237726226296,-117.3287207627037,292.7430469696129,616.44,19.899699049838656,15000.0,431066.34,4162.50411039619,0,540.0
2.0,solar,bus_212,solar_12568,36.11663067251379,-114.74778966457143,65.11504146842535,907.88,19.391389919897858,35000.0,404530.84,7771.421293493865,1,540.0
3.0,solar,bus_212,solar_12591,36.35237726226296,-117.11743114448147,274.2214742338634,1283.28,20.986785155739607,35000.0,243376.78,5059.439440354808,0,540.0
2.0,solar,bus_212,solar_12954,36.159500746331034,-114.13439061457143,40.93960206912446,216.79,19.79746766913336,35000.0,467371.66,9295.096465069715,1,540.0
2.0,solar,bus_212,solar_12977,36.202370820148275,-114.923046536,83.50061053008122,422.82,19.98129969611502,35000.0,365625.44,4648.62371364967,1,540.0
2.0,solar,bus_212,solar_13734,36.28811096778276,-115.01067497171428,95.35163159872482,1435.71,20.022836093802365,35000.0,275067.38,4670.662091503268,1,540.0
2.0,solar,bus_212,solar_14502,36.3309810416,-114.923046536,92.06381404393515,1274.09,19.972700974607537,35000.0,392252.53,3317.1199651070892,1,540.0
1.0,wind,bus_213,wind_3840,32.91772711277368,-115.08185540278947,361.4301427146354,78.0,29.86654403472681,35000.0,257014.03,13494.356293888508,0,3370.0
1.0,wind,bus_213,wind_3841,32.91772711277368,-114.94380074321053,360.1789827048086,66.0,32.903536507098664,35000.0,317563.62,13922.127475281783,0,3370.0
3.0,wind,bus_213,wind_3867,34.18784684133704,-116.976571399,305.24441852988605,66.0,22.15517101019571,15000.0,550612.56,10357.109068159081,0,3370.0
3.0,wind,bus_213,wind_4614,34.274428058174074,-117.04700127174074,302.9899346974467,228.0,45.46469677479659,15000.0,542013.2,9597.691972840154,0,3370.0
3.0,wind,bus_213,wind_4625,34.361009275011114,-118.24430910833333,384.0528463584288,186.0,40.587012468578514,35000.0,411351.8,5539.314954486427,0,3370.0
1.0,wind,bus_213,wind_5738,33.01659015964737,-114.80574608363158,348.38726073686934,144.0,45.67545565294453,35000.0,185248.53,6033.371193415638,0,3370.0
3.0,wind,bus_213,wind_5759,34.534171708685186,-118.5260285992963,396.77437737805184,246.0,27.70681974270578,15000.0,579130.6,4889.942746873255,0,3370.0
3.0,wind,bus_213,wind_5762,34.534171708685186,-118.31473898107407,379.7794174582122,204.0,38.767218884089594,15000.0,378539.16,11720.692783303672,0,3370.0
1.0,wind,bus_213,wind_6124,33.11545320652105,-116.324347339,371.19215000533177,60.0,52.26981609860366,35000.0,376899.84,13854.580762104344,0,3370.0
2.0,wind,bus_213,wind_6862,35.173489048534485,-114.48490435742858,108.86504080916968,42.0,49.37766374099247,35000.0,362114.1,5022.801101628039,1,3370.0
2.0,wind,bus_213,wind_6864,35.173489048534485,-114.309647486,111.7902127904084,252.0,39.248624139220354,35000.0,454195.8,4487.393906682622,1,3370.0
2.0,wind,bus_213,wind_8004,35.216359122351726,-115.01067497171428,109.15343776471168,222.0,57.02361614208024,15000.0,347759.25,3906.8795749374895,1,3370.0
1.0,wind,bus_213,wind_8011,33.31317930026842,-115.63407404110526,328.2734265817202,228.0,17.733234099813693,15000.0,124354.65,5979.508496701373,0,3370.0
1.0,wind,bus_213,wind_8026,33.31317930026842,-113.701308807,326.06456706924723,126.0,33.18933618191138,35000.0,307217.75,13701.886610865902,0,3370.0
1.0,wind,bus_213,wind_8770,33.412042347142105,-113.9774181261579,309.67324538581056,276.0,40.85052500898017,35000.0,139822.95,4952.446145236453,0,3370.0
1.0,wind,bus_213,wind_8775,33.51090539401579,-116.0482380198421,320.59143698781946,108.0,31.262503103984557,15000.0,240732.22,5543.147302292982,0,3370.0
2.0,wind,bus_213,wind_9542,35.25922919616897,-113.43336312885715,145.81243129979245,228.0,40.26782429171251,15000.0,206109.4,3636.3574772151674,1,3370.0
1.0,wind,bus_213,wind_9546,33.609768440889475,-116.18629267942106,316.02134983989885,258.0,31.322704717256308,35000.0,228112.95,6730.409007429606,0,3370.0
1.0,wind,bus_213,wind_9926,33.609768440889475,-115.7721287006842,300.87334332865987,288.0,29.121414121724055,35000.0,177124.89,5342.027528675423,0,3370.0
3.0,wind,bus_213,wind_10314,34.96707779287037,-118.38516885381482,364.6852865759477,246.0,41.28737036872091,15000.0,469507.75,3910.4721550060904,0,3370.0
3.0,wind,bus_213,wind_11080,35.05365900970741,-117.82172987188889,313.6680103615437,240.0,29.83449048851381,15000.0,473568.0,3140.1317006028785,0,3370.0
3.0,wind,bus_213,wind_11451,35.05365900970741,-117.39915063544444,278.8409271352002,216.0,31.922420034212657,35000.0,286184.66,5037.468664619892,0,3370.0
3.0,wind,bus_213,wind_11462,35.14024022654445,-118.59645847203703,376.048280291471,72.0,30.90716157998361,15000.0,421182.88,4246.732688971792,0,3370.0
2.0,wind,bus_213,wind_12200,35.47357956525517,-115.44881715028572,105.54046323223614,282.0,35.868914710440556,35000.0,368521.7,3513.425303677313,1,3370.0
3.0,wind,bus_213,wind_12222,35.22682144338148,-118.80774809025925,391.4955881303181,180.0,7.294763642570183,15000.0,448000.2,4639.573607492375,0,3370.0
2.0,wind,bus_213,wind_13347,35.602189786706894,-115.36118871457143,89.90432428756978,240.0,31.74171522120349,35000.0,271069.88,4934.397613384755,1,3370.0
2.0,wind,bus_213,wind_13355,35.602189786706894,-114.66016122885715,60.5726740845893,258.0,46.71920613088312,35000.0,318633.25,4238.3168759567225,1,3370.0
2.0,wind,bus_213,wind_13719,35.602189786706894,-113.696248436,103.09526144507896,270.0,49.6009464184887,15000.0,369154.3,5210.298750561249,1,3370.0
2.0,wind,bus_213,wind_13723,35.602189786706894,-113.34573469314286,129.99818811304732,282.0,46.93785294623239,35000.0,342503.72,4586.018234119997,1,3370.0
2.0,wind,bus_213,wind_14115,35.645059860524135,-113.60862000028573,107.00924986056148,102.0,44.604152879739,35000.0,319696.4,5301.523045267489,1,3370.0
1.0,solar,bus_213,solar_1180,33.609768440889475,-113.9774181261579,288.1052944818061,119.51,20.66093307534744,35000.0,415575.4,10881.386489607035,0,540.0
1.0,solar,bus_213,solar_1938,33.70863148776316,-115.91018336026316,295.3415594955844,413.56,21.006451738438415,35000.0,136194.78,5589.921430933224,0,540.0
1.0,solar,bus_213,solar_2696,33.70863148776316,-114.5296367644737,271.16689223043454,975.34,20.23556579392014,15000.0,326046.84,5842.262500000001,0,540.0
3.0,solar,bus_213,solar_3481,35.31340266021852,-117.54001038092592,279.1059428023285,235.46,20.98557988500825,15000.0,1450488.9,9015.091456745968,0,540.0
3.0,solar,bus_213,solar_3865,35.399983877055554,-117.89215974462962,306.37037269940015,555.68,20.956046218629005,15000.0,748010.2,8326.904253604604,0,540.0
1.0,solar,bus_213,solar_4974,33.90635758151053,-114.39158210489474,249.9362787995315,725.49,20.566563256377396,15000.0,151662.47,5015.97306034038,0,540.0
3.0,solar,bus_213,solar_5002,35.57314631072963,-117.75129999914815,289.02098074197653,321.51,20.805657171461945,15000.0,610527.6,14019.768686868687,0,540.0
2.0,solar,bus_213,solar_6866,35.773670081975865,-113.082849386,144.66286677381942,1975.87,20.3644778352278,15000.0,163287.61,3303.7093581362155,1,540.0
2.0,solar,bus_213,solar_6870,35.816540155793106,-115.27356027885715,69.06895959937766,511.49,20.3885561933549,15000.0,191078.33,4340.889018140537,1,540.0
1.0,solar,bus_213,solar_6877,34.20294672213158,-114.39158210489474,217.08850141878688,243.36,20.323107440582152,35000.0,248843.27,14732.03952695499,0,540.0
1.0,solar,bus_213,solar_7637,34.40067281587895,-116.0482380198421,233.25274689561329,115.64,20.97164538263398,15000.0,329703.16,8637.77394621809,0,540.0
1.0,solar,bus_213,solar_8402,34.59839890962632,-116.18629267942106,222.95105225843457,800.57,20.779362880359272,35000.0,309062.75,5348.813514564577,0,540.0
1.0,solar,bus_213,solar_8406,34.59839890962632,-115.63407404110526,194.9907652756884,381.67,20.52282248996236,35000.0,307217.75,13701.886610865902,0,540.0
3.0,solar,bus_213,solar_8422,36.00605239491482,-118.878177963,382.7156964758766,1534.09,18.4643785313685,15000.0,147581.83,4738.016111105843,0,540.0
1.0,solar,bus_213,solar_8772,34.59839890962632,-115.21991006236843,180.4070901945653,1262.43,20.827260532201606,15000.0,285082.16,4698.472227915261,0,540.0
3.0,solar,bus_213,solar_8801,36.00605239491482,-118.0330194901111,306.8531381378825,1920.94,21.38626932296118,15000.0,166064.89,3150.371663040237,0,540.0
1.0,solar,bus_213,solar_9164,34.6972619565,-115.91018336026316,198.89289891129636,1370.69,20.80076673898595,15000.0,228099.69,4582.887685702328,0,540.0
3.0,solar,bus_213,solar_9554,36.09263361175185,-118.73731821751852,369.5867091883784,2675.24,19.246807189138497,35000.0,439531.4,4826.783703703703,0,540.0
2.0,solar,bus_213,solar_10302,35.94515037724483,-113.95913374314286,63.72228365659328,774.09,20.206921077184717,35000.0,88726.28,5257.520563974944,1,540.0
3.0,solar,bus_213,solar_11083,36.26579604542593,-118.1738792355926,318.8650745841038,562.63,21.704051587967797,15000.0,407670.75,4334.185178850601,0,540.0
2.0,solar,bus_213,solar_11821,36.07376059869655,-115.36118871457143,66.80879670885065,1895.69,20.33245961018209,35000.0,267489.94,4568.217359904856,1,540.0
3.0,solar,bus_213,solar_11837,36.35237726226296,-118.5260285992963,350.7339096135399,3199.82,21.280843517492393,35000.0,657265.94,3555.5323979640634,0,540.0
2.0,solar,bus_213,solar_12188,36.07376059869655,-114.48490435742858,14.777039723169812,1034.83,19.649696670386444,35000.0,345709.78,6176.704732336498,1,540.0
3.0,solar,bus_213,solar_12223,36.35237726226296,-117.3287207627037,243.714106213256,616.44,19.899699049838656,15000.0,431066.34,4162.50411039619,0,540.0
2.0,solar,bus_213,solar_12568,36.11663067251379,-114.74778966457143,11.685186628714058,907.88,19.391389919897858,35000.0,404530.84,7771.421293493865,1,540.0
3.0,solar,bus_213,solar_12591,36.35237726226296,-117.11743114448147,224.859940151462,1283.28,20.986785155739607,35000.0,243376.78,5059.439440354808,0,540.0
2.0,solar,bus_213,solar_12954,36.159500746331034,-114.13439061457143,43.88526517782145,216.79,19.79746766913336,35000.0,467371.66,9295.096465069715,1,540.0
2.0,solar,bus_213,solar_12977,36.202370820148275,-114.923046536,27.658446158181036,422.82,19.98129969611502,35000.0,365625.44,4648.62371364967,1,540.0
2.0,solar,bus_213,solar_13734,36.28811096778276,-115.01067497171428,38.20407165900064,1435.71,20.022836093802365,35000.0,275067.38,4670.662091503268,1,540.0
2.0,solar,bus_213,solar_14502,36.3309810416,-114.923046536,33.871597941820035,1274.09,19.972700974607537,35000.0,392252.53,3317.1199651070892,1,540.0
1.0,wind,bus_214,wind_3840,32.91772711277368,-115.08185540278947,299.58913564257085,78.0,29.86654403472681,35000.0,257014.03,13494.356293888508,0,3370.0
1.0,wind,bus_214,wind_3841,32.91772711277368,-114.94380074321053,297.55743885903917,66.0,32.903536507098664,35000.0,317563.62,13922.127475281783,0,3370.0
3.0,wind,bus_214,wind_3867,34.18784684133704,-116.976571399,273.6326453871385,66.0,22.15517101019571,15000.0,550612.56,10357.109068159081,0,3370.0
3.0,wind,bus_214,wind_4614,34.274428058174074,-117.04700127174074,273.6954141575127,228.0,45.46469677479659,15000.0,542013.2,9597.691972840154,0,3370.0
3.0,wind,bus_214,wind_4625,34.361009275011114,-118.24430910833333,367.2294731431393,186.0,40.587012468578514,35000.0,411351.8,5539.314954486427,0,3370.0
1.0,wind,bus_214,wind_5738,33.01659015964737,-114.80574608363158,285.1153223587865,144.0,45.67545565294453,35000.0,185248.53,6033.371193415638,0,3370.0
3.0,wind,bus_214,wind_5759,34.534171708685186,-118.5260285992963,384.6882545851585,246.0,27.70681974270578,15000.0,579130.6,4889.942746873255,0,3370.0
3.0,wind,bus_214,wind_5762,34.534171708685186,-118.31473898107407,366.38217643121186,204.0,38.767218884089594,15000.0,378539.16,11720.692783303672,0,3370.0
1.0,wind,bus_214,wind_6124,33.11545320652105,-116.324347339,320.3451604760214,60.0,52.26981609860366,35000.0,376899.84,13854.580762104344,0,3370.0
2.0,wind,bus_214,wind_6862,35.173489048534485,-114.48490435742858,43.829885072258215,42.0,49.37766374099247,35000.0,362114.1,5022.801101628039,1,3370.0
2.0,wind,bus_214,wind_6864,35.173489048534485,-114.309647486,46.85783937503767,252.0,39.248624139220354,35000.0,454195.8,4487.393906682622,1,3370.0
2.0,wind,bus_214,wind_8004,35.216359122351726,-115.01067497171428,61.0832077335467,222.0,57.02361614208024,15000.0,347759.25,3906.8795749374895,1,3370.0
1.0,wind,bus_214,wind_8011,33.31317930026842,-115.63407404110526,271.6536290630377,228.0,17.733234099813693,15000.0,124354.65,5979.508496701373,0,3370.0
1.0,wind,bus_214,wind_8026,33.31317930026842,-113.701308807,260.9687737845368,126.0,33.18933618191138,35000.0,307217.75,13701.886610865902,0,3370.0
1.0,wind,bus_214,wind_8770,33.412042347142105,-113.9774181261579,244.29276691349008,276.0,40.85052500898017,35000.0,139822.95,4952.446145236453,0,3370.0
1.0,wind,bus_214,wind_8775,33.51090539401579,-116.0482380198421,269.44366508068487,108.0,31.262503103984557,15000.0,240732.22,5543.147302292982,0,3370.0
2.0,wind,bus_214,wind_9542,35.25922919616897,-113.43336312885715,101.92868791004248,228.0,40.26782429171251,15000.0,206109.4,3636.3574772151674,1,3370.0
1.0,wind,bus_214,wind_9546,33.609768440889475,-116.18629267942106,267.2583778731463,258.0,31.322704717256308,35000.0,228112.95,6730.409007429606,0,3370.0
1.0,wind,bus_214,wind_9926,33.609768440889475,-115.7721287006842,247.20596080027855,288.0,29.121414121724055,35000.0,177124.89,5342.027528675423,0,3370.0
3.0,wind,bus_214,wind_10314,34.96707779287037,-118.38516885381482,359.6246692995805,246.0,41.28737036872091,15000.0,469507.75,3910.4721550060904,0,3370.0
3.0,wind,bus_214,wind_11080,35.05365900970741,-117.82172987188889,307.42470844968364,240.0,29.83449048851381,15000.0,473568.0,3140.1317006028785,0,3370.0
3.0,wind,bus_214,wind_11451,35.05365900970741,-117.39915063544444,269.8480075327627,216.0,31.922420034212657,35000.0,286184.66,5037.468664619892,0,3370.0
3.0,wind,bus_214,wind_11462,35.14024022654445,-118.59645847203703,375.17416227699965,72.0,30.90716157998361,15000.0,421182.88,4246.732688971792,0,3370.0
2.0,wind,bus_214,wind_12200,35.47357956525517,-115.44881715028572,87.17168003144147,282.0,35.868914710440556,35000.0,368521.7,3513.425303677313,1,3370.0
3.0,wind,bus_214,wind_12222,35.22682144338148,-118.80774809025925,392.9321141438285,180.0,7.294763642570183,15000.0,448000.2,4639.573607492375,0,3370.0
2.0,wind,bus_214,wind_13347,35.602189786706894,-115.36118871457143,78.64289412181566,240.0,31.74171522120349,35000.0,271069.88,4934.397613384755,1,3370.0
2.0,wind,bus_214,wind_13355,35.602189786706894,-114.66016122885715,15.635506144881768,258.0,46.71920613088312,35000.0,318633.25,4238.3168759567225,1,3370.0
2.0,wind,bus_214,wind_13719,35.602189786706894,-113.696248436,72.11338334556784,270.0,49.6009464184887,15000.0,369154.3,5210.298750561249,1,3370.0
2.0,wind,bus_214,wind_13723,35.602189786706894,-113.34573469314286,103.7785322500682,282.0,46.93785294623239,35000.0,342503.72,4586.018234119997,1,3370.0
2.0,wind,bus_214,wind_14115,35.645059860524135,-113.60862000028573,80.37622712502147,102.0,44.604152879739,35000.0,319696.4,5301.523045267489,1,3370.0
1.0,solar,bus_214,solar_1180,33.609768440889475,-113.9774181261579,222.74992050675684,119.51,20.66093307534744,35000.0,415575.4,10881.386489607035,0,540.0
1.0,solar,bus_214,solar_1938,33.70863148776316,-115.91018336026316,244.01841616292947,413.56,21.006451738438415,35000.0,136194.78,5589.921430933224,0,540.0
1.0,solar,bus_214,solar_2696,33.70863148776316,-114.5296367644737,206.73691553066072,975.34,20.23556579392014,15000.0,326046.84,5842.262500000001,0,540.0
3.0,solar,bus_214,solar_3481,35.31340266021852,-117.54001038092592,277.50728013787085,235.46,20.98557988500825,15000.0,1450488.9,9015.091456745968,0,540.0
3.0,solar,bus_214,solar_3865,35.399983877055554,-117.89215974462962,308.3601813273389,555.68,20.956046218629005,15000.0,748010.2,8326.904253604604,0,540.0
1.0,solar,bus_214,solar_4974,33.90635758151053,-114.39158210489474,184.9532731605797,725.49,20.566563256377396,15000.0,151662.47,5015.97306034038,0,540.0
3.0,solar,bus_214,solar_5002,35.57314631072963,-117.75129999914815,294.72686195529957,321.51,20.805657171461945,15000.0,610527.6,14019.768686868687,0,540.0
2.0,solar,bus_214,solar_6866,35.773670081975865,-113.082849386,129.3875277051072,1975.87,20.3644778352278,15000.0,163287.61,3303.7093581362155,1,540.0
2.0,solar,bus_214,solar_6870,35.816540155793106,-115.27356027885715,75.7669496230728,511.49,20.3885561933549,15000.0,191078.33,4340.889018140537,1,540.0
1.0,solar,bus_214,solar_6877,34.20294672213158,-114.39158210489474,152.0230442982216,243.36,20.323107440582152,35000.0,248843.27,14732.03952695499,0,540.0
1.0,solar,bus_214,solar_7637,34.40067281587895,-116.0482380198421,192.14919891515856,115.64,20.97164538263398,15000.0,329703.16,8637.77394621809,0,540.0
1.0,solar,bus_214,solar_8402,34.59839890962632,-116.18629267942106,188.05534388003076,800.57,20.779362880359272,35000.0,309062.75,5348.813514564577,0,540.0
1.0,solar,bus_214,solar_8406,34.59839890962632,-115.63407404110526,149.67539457478313,381.67,20.52282248996236,35000.0,307217.75,13701.886610865902,0,540.0
3.0,solar,bus_214,solar_8422,36.00605239491482,-118.878177963,398.5445146900938,1534.09,18.4643785313685,15000.0,147581.83,4738.016111105843,0,540.0
1.0,solar,bus_214,solar_8772,34.59839890962632,-115.21991006236843,126.46979343432176,1262.43,20.827260532201606,15000.0,285082.16,4698.472227915261,0,540.0
3.0,solar,bus_214,solar_8801,36.00605239491482,-118.0330194901111,323.0333778768402,1920.94,21.38626932296118,15000.0,166064.89,3150.371663040237,0,540.0
1.0,solar,bus_214,solar_9164,34.6972619565,-115.91018336026316,161.19565470050804,1370.69,20.80076673898595,15000.0,228099.69,4582.887685702328,0,540.0
3.0,solar,bus_214,solar_9554,36.09263361175185,-118.73731821751852,387.0670682442493,2675.24,19.246807189138497,35000.0,439531.4,4826.783703703703,0,540.0
2.0,solar,bus_214,solar_10302,35.94515037724483,-113.95913374314286,63.869347792436066,774.09,20.206921077184717,35000.0,88726.28,5257.520563974944,1,540.0
3.0,solar,bus_214,solar_11083,36.26579604542593,-118.1738792355926,340.45966831873494,562.63,21.704051587967797,15000.0,407670.75,4334.185178850601,0,540.0
2.0,solar,bus_214,solar_11821,36.07376059869655,-115.36118871457143,96.4417545867252,1895.69,20.33245961018209,35000.0,267489.94,4568.217359904856,1,540.0
3.0,solar,bus_214,solar_11837,36.35237726226296,-118.5260285992963,373.3365195527174,3199.82,21.280843517492393,35000.0,657265.94,3555.5323979640634,0,540.0
2.0,solar,bus_214,solar_12188,36.07376059869655,-114.48490435742858,56.285494846900654,1034.83,19.649696670386444,35000.0,345709.78,6176.704732336498,1,540.0
3.0,solar,bus_214,solar_12223,36.35237726226296,-117.3287207627037,269.7554068020599,616.44,19.899699049838656,15000.0,431066.34,4162.50411039619,0,540.0
2.0,solar,bus_214,solar_12568,36.11663067251379,-114.74778966457143,65.23887359929314,907.88,19.391389919897858,35000.0,404530.84,7771.421293493865,1,540.0
3.0,solar,bus_214,solar_12591,36.35237726226296,-117.11743114448147,251.8381910040223,1283.28,20.986785155739607,35000.0,243376.78,5059.439440354808,0,540.0
2.0,solar,bus_214,solar_12954,36.159500746331034,-114.13439061457143,73.30347134116938,216.79,19.79746766913336,35000.0,467371.66,9295.096465069715,1,540.0
2.0,solar,bus_214,solar_12977,36.202370820148275,-114.923046536,80.53444790637573,422.82,19.98129969611502,35000.0,365625.44,4648.62371364967,1,540.0
2.0,solar,bus_214,solar_13734,36.28811096778276,-115.01067497171428,92.70800056077752,1435.71,20.022836093802365,35000.0,275067.38,4670.662091503268,1,540.0
2.0,solar,bus_214,solar_14502,36.3309810416,-114.923046536,93.30921469473144,1274.09,19.972700974607537,35000.0,392252.53,3317.1199651070892,1,540.0
1.0,wind,bus_215,wind_3840,32.91772711277368,-115.08185540278947,252.40497718678873,78.0,29.86654403472681,35000.0,257014.03,13494.356293888508,0,3370.0
1.0,wind,bus_215,wind_3841,32.91772711277368,-114.94380074321053,250.36750259040355,66.0,32.903536507098664,35000.0,317563.62,13922.127475281783,0,3370.0
3.0,wind,bus_215,wind_3867,34.18784684133704,-116.976571399,244.1609831433452,66.0,22.15517101019571,15000.0,550612.56,10357.109068159081,0,3370.0
3.0,wind,bus_215,wind_4614,34.274428058174074,-117.04700127174074,245.90005027687087,228.0,45.46469677479659,15000.0,542013.2,9597.691972840154,0,3370.0
3.0,wind,bus_215,wind_4625,34.361009275011114,-118.24430910833333,346.37737730423675,186.0,40.587012468578514,35000.0,411351.8,5539.314954486427,0,3370.0
1.0,wind,bus_215,wind_5738,33.01659015964737,-114.80574608363158,238.01158731523665,144.0,45.67545565294453,35000.0,185248.53,6033.371193415638,0,3370.0
3.0,wind,bus_215,wind_5759,34.534171708685186,-118.5260285992963,366.89676330180026,246.0,27.70681974270578,15000.0,579130.6,4889.942746873255,0,3370.0
3.0,wind,bus_215,wind_5762,34.534171708685186,-118.31473898107407,347.9735822888408,204.0,38.767218884089594,15000.0,378539.16,11720.692783303672,0,3370.0
1.0,wind,bus_215,wind_6124,33.11545320652105,-116.324347339,277.4969949073516,60.0,52.26981609860366,35000.0,376899.84,13854.580762104344,0,3370.0
2.0,wind,bus_215,wind_6862,35.173489048534485,-114.48490435742858,8.71221355411428,42.0,49.37766374099247,35000.0,362114.1,5022.801101628039,1,3370.0
2.0,wind,bus_215,wind_6864,35.173489048534485,-114.309647486,24.35039796194149,252.0,39.248624139220354,35000.0,454195.8,4487.393906682622,1,3370.0
2.0,wind,bus_215,wind_8004,35.216359122351726,-115.01067497171428,40.23651025985135,222.0,57.02361614208024,15000.0,347759.25,3906.8795749374895,1,3370.0
1.0,wind,bus_215,wind_8011,33.31317930026842,-115.63407404110526,226.08856089139843,228.0,17.733234099813693,15000.0,124354.65,5979.508496701373,0,3370.0
1.0,wind,bus_215,wind_8026,33.31317930026842,-113.701308807,219.34838663691613,126.0,33.18933618191138,35000.0,307217.75,13701.886610865902,0,3370.0
1.0,wind,bus_215,wind_8770,33.412042347142105,-113.9774181261579,200.7677700449593,276.0,40.85052500898017,35000.0,139822.95,4952.446145236453,0,3370.0
1.0,wind,bus_215,wind_8775,33.51090539401579,-116.0482380198421,226.802938316059,108.0,31.262503103984557,15000.0,240732.22,5543.147302292982,0,3370.0
2.0,wind,bus_215,wind_9542,35.25922919616897,-113.43336312885715,104.52310068362974,228.0,40.26782429171251,15000.0,206109.4,3636.3574772151674,1,3370.0
1.0,wind,bus_215,wind_9546,33.609768440889475,-116.18629267942106,226.095977252174,258.0,31.322704717256308,35000.0,228112.95,6730.409007429606,0,3370.0
1.0,wind,bus_215,wind_9926,33.609768440889475,-115.7721287006842,203.29915194484823,288.0,29.121414121724055,35000.0,177124.89,5342.027528675423,0,3370.0
3.0,wind,bus_215,wind_10314,34.96707779287037,-118.38516885381482,347.3009188635906,246.0,41.28737036872091,15000.0,469507.75,3910.4721550060904,0,3370.0
3.0,wind,bus_215,wind_11080,35.05365900970741,-117.82172987188889,295.4692809980704,240.0,29.83449048851381,15000.0,473568.0,3140.1317006028785,0,3370.0
3.0,wind,bus_215,wind_11451,35.05365900970741,-117.39915063544444,257.0587301003986,216.0,31.922420034212657,35000.0,286184.66,5037.468664619892,0,3370.0
3.0,wind,bus_215,wind_11462,35.14024022654445,-118.59645847203703,365.5550366312568,72.0,30.90716157998361,15000.0,421182.88,4246.732688971792,0,3370.0
2.0,wind,bus_215,wind_12200,35.47357956525517,-115.44881715028572,87.07073847291062,282.0,35.868914710440556,35000.0,368521.7,3513.425303677313,1,3370.0
3.0,wind,bus_215,wind_12222,35.22682144338148,-118.80774809025925,384.65460653288056,180.0,7.294763642570183,15000.0,448000.2,4639.573607492375,0,3370.0
2.0,wind,bus_215,wind_13347,35.602189786706894,-115.36118871457143,87.26268931604884,240.0,31.74171522120349,35000.0,271069.88,4934.397613384755,1,3370.0
2.0,wind,bus_215,wind_13355,35.602189786706894,-114.66016122885715,51.0148843168111,258.0,46.71920613088312,35000.0,318633.25,4238.3168759567225,1,3370.0
2.0,wind,bus_215,wind_13719,35.602189786706894,-113.696248436,94.35454231188446,270.0,49.6009464184887,15000.0,369154.3,5210.298750561249,1,3370.0
2.0,wind,bus_215,wind_13723,35.602189786706894,-113.34573469314286,122.39654308944812,282.0,46.93785294623239,35000.0,342503.72,4586.018234119997,1,3370.0
2.0,wind,bus_215,wind_14115,35.645059860524135,-113.60862000028573,103.59753025191584,102.0,44.604152879739,35000.0,319696.4,5301.523045267489,1,3370.0
1.0,solar,bus_215,solar_1180,33.609768440889475,-113.9774181261579,179.70322018905236,119.51,20.66093307534744,35000.0,415575.4,10881.386489607035,0,540.0
1.0,solar,bus_215,solar_1938,33.70863148776316,-115.91018336026316,201.52893936226516,413.56,21.006451738438415,35000.0,136194.78,5589.921430933224,0,540.0
1.0,solar,bus_215,solar_2696,33.70863148776316,-114.5296367644737,160.17208016051976,975.34,20.23556579392014,15000.0,326046.84,5842.262500000001,0,540.0
3.0,solar,bus_215,solar_3481,35.31340266021852,-117.54001038092592,269.8474697124188,235.46,20.98557988500825,15000.0,1450488.9,9015.091456745968,0,540.0
3.0,solar,bus_215,solar_3865,35.399983877055554,-117.89215974462962,302.3391863160977,555.68,20.956046218629005,15000.0,748010.2,8326.904253604604,0,540.0
1.0,solar,bus_215,solar_4974,33.90635758151053,-114.39158210489474,139.1567402387268,725.49,20.566563256377396,15000.0,151662.47,5015.97306034038,0,540.0
3.0,solar,bus_215,solar_5002,35.57314631072963,-117.75129999914815,291.79334659560493,321.51,20.805657171461945,15000.0,610527.6,14019.768686868687,0,540.0
2.0,solar,bus_215,solar_6866,35.773670081975865,-113.082849386,152.02903621376265,1975.87,20.3644778352278,15000.0,163287.61,3303.7093581362155,1,540.0
2.0,solar,bus_215,solar_6870,35.816540155793106,-115.27356027885715,97.5096943723254,511.49,20.3885561933549,15000.0,191078.33,4340.889018140537,1,540.0
1.0,solar,bus_215,solar_6877,34.20294672213158,-114.39158210489474,106.491239831588,243.36,20.323107440582152,35000.0,248843.27,14732.03952695499,0,540.0
1.0,solar,bus_215,solar_7637,34.40067281587895,-116.0482380198421,158.12203426258358,115.64,20.97164538263398,15000.0,329703.16,8637.77394621809,0,540.0
1.0,solar,bus_215,solar_8402,34.59839890962632,-116.18629267942106,159.14722020823112,800.57,20.779362880359272,35000.0,309062.75,5348.813514564577,0,540.0
1.0,solar,bus_215,solar_8406,34.59839890962632,-115.63407404110526,114.29529530367124,381.67,20.52282248996236,35000.0,307217.75,13701.886610865902,0,540.0
3.0,solar,bus_215,solar_8422,36.00605239491482,-118.878177963,400.5744449956944,1534.09,18.4643785313685,15000.0,147581.83,4738.016111105843,0,540.0
1.0,solar,bus_215,solar_8772,34.59839890962632,-115.21991006236843,84.82755520206602,1262.43,20.827260532201606,15000.0,285082.16,4698.472227915261,0,540.0
3.0,solar,bus_215,solar_8801,36.00605239491482,-118.0330194901111,326.85921188845305,1920.94,21.38626932296118,15000.0,166064.89,3150.371663040237,0,540.0
1.0,solar,bus_215,solar_9164,34.6972619565,-115.91018336026316,131.6027063898932,1370.69,20.80076673898595,15000.0,228099.69,4582.887685702328,0,540.0
3.0,solar,bus_215,solar_9554,36.09263361175185,-118.73731821751852,390.4944806301875,2675.24,19.246807189138497,35000.0,439531.4,4826.783703703703,0,540.0
2.0,solar,bus_215,solar_10302,35.94515037724483,-113.95913374314286,104.67822493082244,774.09,20.206921077184717,35000.0,88726.28,5257.520563974944,1,540.0
3.0,solar,bus_215,solar_11083,36.26579604542593,-118.1738792355926,347.7899599783657,562.63,21.704051587967797,15000.0,407670.75,4334.185178850601,0,540.0
2.0,solar,bus_215,solar_11821,36.07376059869655,-115.36118871457143,124.99602001867336,1895.69,20.33245961018209,35000.0,267489.94,4568.217359904856,1,540.0
3.0,solar,bus_215,solar_11837,36.35237726226296,-118.5260285992963,380.74426727102014,3199.82,21.280843517492393,35000.0,657265.94,3555.5323979640634,0,540.0
2.0,solar,bus_215,solar_12188,36.07376059869655,-114.48490435742858,103.2016144617652,1034.83,19.649696670386444,35000.0,345709.78,6176.704732336498,1,540.0
3.0,solar,bus_215,solar_12223,36.35237726226296,-117.3287207627037,282.18068760588835,616.44,19.899699049838656,15000.0,431066.34,4162.50411039619,0,540.0
2.0,solar,bus_215,solar_12568,36.11663067251379,-114.74778966457143,108.75786633487132,907.88,19.391389919897858,35000.0,404530.84,7771.421293493865,1,540.0
3.0,solar,bus_215,solar_12591,36.35237726226296,-117.11743114448147,265.55151926050195,1283.28,20.986785155739607,35000.0,243376.78,5059.439440354808,0,540.0
2.0,solar,bus_215,solar_12954,36.159500746331034,-114.13439061457143,119.2721811750528,216.79,19.79746766913336,35000.0,467371.66,9295.096465069715,1,540.0
2.0,solar,bus_215,solar_12977,36.202370820148275,-114.923046536,121.30072955248065,422.82,19.98129969611502,35000.0,365625.44,4648.62371364967,1,540.0
2.0,solar,bus_215,solar_13734,36.28811096778276,-115.01067497171428,132.6519099818965,1435.71,20.022836093802365,35000.0,275067.38,4670.662091503268,1,540.0
2.0,solar,bus_215,solar_14502,36.3309810416,-114.923046536,135.15978789672016,1274.09,19.972700974607537,35000.0,392252.53,3317.1199651070892,1,540.0
1.0,wind,bus_216,wind_3840,32.91772711277368,-115.08185540278947,262.61164403619006,78.0,29.86654403472681,35000.0,257014.03,13494.356293888508,0,3370.0
1.0,wind,bus_216,wind_3841,32.91772711277368,-114.94380074321053,261.3515984825274,66.0,32.903536507098664,35000.0,317563.62,13922.127475281783,0,3370.0
3.0,wind,bus_216,wind_3867,34.18784684133704,-116.976571399,237.4318570585191,66.0,22.15517101019571,15000.0,550612.56,10357.109068159081,0,3370.0
3.0,wind,bus_216,wind_4614,34.274428058174074,-117.04700127174074,238.33721472864323,228.0,45.46469677479659,15000.0,542013.2,9597.691972840154,0,3370.0
3.0,wind,bus_216,wind_4625,34.361009275011114,-118.24430910833333,336.0109374007517,186.0,40.587012468578514,35000.0,411351.8,5539.314954486427,0,3370.0
1.0,wind,bus_216,wind_5738,33.01659015964737,-114.80574608363158,249.71676984525092,144.0,45.67545565294453,35000.0,185248.53,6033.371193415638,0,3370.0
3.0,wind,bus_216,wind_5759,34.534171708685186,-118.5260285992963,355.42202213174807,246.0,27.70681974270578,15000.0,579130.6,4889.942746873255,0,3370.0
3.0,wind,bus_216,wind_5762,34.534171708685186,-118.31473898107407,336.69010630668737,204.0,38.767218884089594,15000.0,378539.16,11720.692783303672,0,3370.0
1.0,wind,bus_216,wind_6124,33.11545320652105,-116.324347339,280.03933557203146,60.0,52.26981609860366,35000.0,376899.84,13854.580762104344,0,3370.0
2.0,wind,bus_216,wind_6862,35.173489048534485,-114.48490435742858,24.38396491060807,42.0,49.37766374099247,35000.0,362114.1,5022.801101628039,1,3370.0
2.0,wind,bus_216,wind_6864,35.173489048534485,-114.309647486,39.48688220354514,252.0,39.248624139220354,35000.0,454195.8,4487.393906682622,1,3370.0
2.0,wind,bus_216,wind_8004,35.216359122351726,-115.01067497171428,25.911873173236245,222.0,57.02361614208024,15000.0,347759.25,3906.8795749374895,1,3370.0
1.0,wind,bus_216,wind_8011,33.31317930026842,-115.63407404110526,231.99000462863813,228.0,17.733234099813693,15000.0,124354.65,5979.508496701373,0,3370.0
1.0,wind,bus_216,wind_8026,33.31317930026842,-113.701308807,236.38245200238055,126.0,33.18933618191138,35000.0,307217.75,13701.886610865902,0,3370.0
1.0,wind,bus_216,wind_8770,33.412042347142105,-113.9774181261579,216.96795447578063,276.0,40.85052500898017,35000.0,139822.95,4952.446145236453,0,3370.0
1.0,wind,bus_216,wind_8775,33.51090539401579,-116.0482380198421,229.13740263115608,108.0,31.262503103984557,15000.0,240732.22,5543.147302292982,0,3370.0
2.0,wind,bus_216,wind_9542,35.25922919616897,-113.43336312885715,117.79655030156532,228.0,40.26782429171251,15000.0,206109.4,3636.3574772151674,1,3370.0
1.0,wind,bus_216,wind_9546,33.609768440889475,-116.18629267942106,227.0402093007463,258.0,31.322704717256308,35000.0,228112.95,6730.409007429606,0,3370.0
1.0,wind,bus_216,wind_9926,33.609768440889475,-115.7721287006842,207.00560966234417,288.0,29.121414121724055,35000.0,177124.89,5342.027528675423,0,3370.0
3.0,wind,bus_216,wind_10314,34.96707779287037,-118.38516885381482,333.9867962869504,246.0,41.28737036872091,15000.0,469507.75,3910.4721550060904,0,3370.0
3.0,wind,bus_216,wind_11080,35.05365900970741,-117.82172987188889,281.9362611117217,240.0,29.83449048851381,15000.0,473568.0,3140.1317006028785,0,3370.0
3.0,wind,bus_216,wind_11451,35.05365900970741,-117.39915063544444,243.67335054031423,216.0,31.922420034212657,35000.0,286184.66,5037.468664619892,0,3370.0
3.0,wind,bus_216,wind_11462,35.14024022654445,-118.59645847203703,351.478903432224,72.0,30.90716157998361,15000.0,421182.88,4246.732688971792,0,3370.0
2.0,wind,bus_216,wind_12200,35.47357956525517,-115.44881715028572,69.24854168416236,282.0,35.868914710440556,35000.0,368521.7,3513.425303677313,1,3370.0
3.0,wind,bus_216,wind_12222,35.22682144338148,-118.80774809025925,370.2370852151826,180.0,7.294763642570183,15000.0,448000.2,4639.573607492375,0,3370.0
2.0,wind,bus_216,wind_13347,35.602189786706894,-115.36118871457143,68.53934541165515,240.0,31.74171522120349,35000.0,271069.88,4934.397613384755,1,3370.0
2.0,wind,bus_216,wind_13355,35.602189786706894,-114.66016122885715,38.42036631787308,258.0,46.71920613088312,35000.0,318633.25,4238.3168759567225,1,3370.0
2.0,wind,bus_216,wind_13719,35.602189786706894,-113.696248436,101.09525262085327,270.0,49.6009464184887,15000.0,369154.3,5210.298750561249,1,3370.0
2.0,wind,bus_216,wind_13723,35.602189786706894,-113.34573469314286,131.07912888397618,282.0,46.93785294623239,35000.0,342503.72,4586.018234119997,1,3370.0
2.0,wind,bus_216,wind_14115,35.645059860524135,-113.60862000028573,110.22667505791188,102.0,44.604152879739,35000.0,319696.4,5301.523045267489,1,3370.0
1.0,solar,bus_216,solar_1180,33.609768440889475,-113.9774181261579,196.22572733657495,119.51,20.66093307534744,35000.0,415575.4,10881.386489607035,0,540.0
1.0,solar,bus_216,solar_1938,33.70863148776316,-115.91018336026316,203.7121349333485,413.56,21.006451738438415,35000.0,136194.78,5589.921430933224,0,540.0
1.0,solar,bus_216,solar_2696,33.70863148776316,-114.5296367644737,173.6510234888302,975.34,20.23556579392014,15000.0,326046.84,5842.262500000001,0,540.0
3.0,solar,bus_216,solar_3481,35.31340266021852,-117.54001038092592,255.03657466570056,235.46,20.98557988500825,15000.0,1450488.9,9015.091456745968,0,540.0
3.0,solar,bus_216,solar_3865,35.399983877055554,-117.89215974462962,287.1897522076377,555.68,20.956046218629005,15000.0,748010.2,8326.904253604604,0,540.0
1.0,solar,bus_216,solar_4974,33.90635758151053,-114.39158210489474,153.84942540300528,725.49,20.566563256377396,15000.0,151662.47,5015.97306034038,0,540.0
3.0,solar,bus_216,solar_5002,35.57314631072963,-117.75129999914815,275.8905169288571,321.51,20.805657171461945,15000.0,610527.6,14019.768686868687,0,540.0
2.0,solar,bus_216,solar_6866,35.773670081975865,-113.082849386,159.64653624798396,1975.87,20.3644778352278,15000.0,163287.61,3303.7093581362155,1,540.0
2.0,solar,bus_216,solar_6870,35.816540155793106,-115.27356027885715,78.8749632321091,511.49,20.3885561933549,15000.0,191078.33,4340.889018140537,1,540.0
1.0,solar,bus_216,solar_6877,34.20294672213158,-114.39158210489474,121.7169136065495,243.36,20.323107440582152,35000.0,248843.27,14732.03952695499,0,540.0
1.0,solar,bus_216,solar_7637,34.40067281587895,-116.0482380198421,153.6920710996062,115.64,20.97164538263398,15000.0,329703.16,8637.77394621809,0,540.0
1.0,solar,bus_216,solar_8402,34.59839890962632,-116.18629267942106,151.79790725767143,800.57,20.779362880359272,35000.0,309062.75,5348.813514564577,0,540.0
1.0,solar,bus_216,solar_8406,34.59839890962632,-115.63407404110526,110.53316004594346,381.67,20.52282248996236,35000.0,307217.75,13701.886610865902,0,540.0
3.0,solar,bus_216,solar_8422,36.00605239491482,-118.878177963,383.8217091931423,1534.09,18.4643785313685,15000.0,147581.83,4738.016111105843,0,540.0
1.0,solar,bus_216,solar_8772,34.59839890962632,-115.21991006236843,86.16771874295401,1262.43,20.827260532201606,15000.0,285082.16,4698.472227915261,0,540.0
3.0,solar,bus_216,solar_8801,36.00605239491482,-118.0330194901111,309.69216660032833,1920.94,21.38626932296118,15000.0,166064.89,3150.371663040237,0,540.0
1.0,solar,bus_216,solar_9164,34.6972619565,-115.91018336026316,124.4286177213596,1370.69,20.80076673898595,15000.0,228099.69,4582.887685702328,0,540.0
3.0,solar,bus_216,solar_9554,36.09263361175185,-118.73731821751852,373.47656183933066,2675.24,19.246807189138497,35000.0,439531.4,4826.783703703703,0,540.0
2.0,solar,bus_216,solar_10302,35.94515037724483,-113.95913374314286,103.17735551806224,774.09,20.206921077184717,35000.0,88726.28,5257.520563974944,1,540.0
3.0,solar,bus_216,solar_11083,36.26579604542593,-118.1738792355926,330.10098305685824,562.63,21.704051587967797,15000.0,407670.75,4334.185178850601,0,540.0
2.0,solar,bus_216,solar_11821,36.07376059869655,-115.36118871457143,106.7753054149757,1895.69,20.33245961018209,35000.0,267489.94,4568.217359904856,1,540.0
3.0,solar,bus_216,solar_11837,36.35237726226296,-118.5260285992963,363.07818595321373,3199.82,21.280843517492393,35000.0,657265.94,3555.5323979640634,0,540.0
2.0,solar,bus_216,solar_12188,36.07376059869655,-114.48490435742858,93.01094863329278,1034.83,19.649696670386444,35000.0,345709.78,6176.704732336498,1,540.0
3.0,solar,bus_216,solar_12223,36.35237726226296,-117.3287207627037,263.80557349704344,616.44,19.899699049838656,15000.0,431066.34,4162.50411039619,0,540.0
2.0,solar,bus_216,solar_12568,36.11663067251379,-114.74778966457143,95.09978498811331,907.88,19.391389919897858,35000.0,404530.84,7771.421293493865,1,540.0
3.0,solar,bus_216,solar_12591,36.35237726226296,-117.11743114448147,247.04293967886971,1283.28,20.986785155739607,35000.0,243376.78,5059.439440354808,0,540.0
2.0,solar,bus_216,solar_12954,36.159500746331034,-114.13439061457143,113.44605567124006,216.79,19.79746766913336,35000.0,467371.66,9295.096465069715,1,540.0
2.0,solar,bus_216,solar_12977,36.202370820148275,-114.923046536,106.05102639426458,422.82,19.98129969611502,35000.0,365625.44,4648.62371364967,1,540.0
2.0,solar,bus_216,solar_13734,36.28811096778276,-115.01067497171428,116.91456634621557,1435.71,20.022836093802365,35000.0,275067.38,4670.662091503268,1,540.0
2.0,solar,bus_216,solar_14502,36.3309810416,-114.923046536,120.17976820244692,1274.09,19.972700974607537,35000.0,392252.53,3317.1199651070892,1,540.0
1.0,wind,bus_217,wind_3840,32.91772711277368,-115.08185540278947,241.749530300376,78.0,29.86654403472681,35000.0,257014.03,13494.356293888508,0,3370.0
1.0,wind,bus_217,wind_3841,32.91772711277368,-114.94380074321053,241.30443392402583,66.0,32.903536507098664,35000.0,317563.62,13922.127475281783,0,3370.0
3.0,wind,bus_217,wind_3867,34.18784684133704,-116.976571399,213.0024868499838,66.0,22.15517101019571,15000.0,550612.56,10357.109068159081,0,3370.0
3.0,wind,bus_217,wind_4614,34.274428058174074,-117.04700127174074,214.3860162907445,228.0,45.46469677479659,15000.0,542013.2,9597.691972840154,0,3370.0
3.0,wind,bus_217,wind_4625,34.361009275011114,-118.24430910833333,314.2554813674655,186.0,40.587012468578514,35000.0,411351.8,5539.314954486427,0,3370.0
1.0,wind,bus_217,wind_5738,33.01659015964737,-114.80574608363158,230.54762079171067,144.0,45.67545565294453,35000.0,185248.53,6033.371193415638,0,3370.0
3.0,wind,bus_217,wind_5759,34.534171708685186,-118.5260285992963,334.79443503776724,246.0,27.70681974270578,15000.0,579130.6,4889.942746873255,0,3370.0
3.0,wind,bus_217,wind_5762,34.534171708685186,-118.31473898107407,315.8564566711633,204.0,38.767218884089594,15000.0,378539.16,11720.692783303672,0,3370.0
1.0,wind,bus_217,wind_6124,33.11545320652105,-116.324347339,254.52762383739045,60.0,52.26981609860366,35000.0,376899.84,13854.580762104344,0,3370.0
2.0,wind,bus_217,wind_6862,35.173489048534485,-114.48490435742858,40.80279682723581,42.0,49.37766374099247,35000.0,362114.1,5022.801101628039,1,3370.0
2.0,wind,bus_217,wind_6864,35.173489048534485,-114.309647486,56.4224379562861,252.0,39.248624139220354,35000.0,454195.8,4487.393906682622,1,3370.0
2.0,wind,bus_217,wind_8004,35.216359122351726,-115.01067497171428,16.454185695862066,222.0,57.02361614208024,15000.0,347759.25,3906.8795749374895,1,3370.0
1.0,wind,bus_217,wind_8011,33.31317930026842,-115.63407404110526,207.92840126044877,228.0,17.733234099813693,15000.0,124354.65,5979.508496701373,0,3370.0
1.0,wind,bus_217,wind_8026,33.31317930026842,-113.701308807,226.97920739499807,126.0,33.18933618191138,35000.0,307217.75,13701.886610865902,0,3370.0
1.0,wind,bus_217,wind_8770,33.412042347142105,-113.9774181261579,205.52801703790288,276.0,40.85052500898017,35000.0,139822.95,4952.446145236453,0,3370.0
1.0,wind,bus_217,wind_8775,33.51090539401579,-116.0482380198421,203.61757573508115,108.0,31.262503103984557,15000.0,240732.22,5543.147302292982,0,3370.0
2.0,wind,bus_217,wind_9542,35.25922919616897,-113.43336312885715,136.56549653027,228.0,40.26782429171251,15000.0,206109.4,3636.3574772151674,1,3370.0
1.0,wind,bus_217,wind_9546,33.609768440889475,-116.18629267942106,201.23751032604335,258.0,31.322704717256308,35000.0,228112.95,6730.409007429606,0,3370.0
1.0,wind,bus_217,wind_9926,33.609768440889475,-115.7721287006842,181.9648405005421,288.0,29.121414121724055,35000.0,177124.89,5342.027528675423,0,3370.0
3.0,wind,bus_217,wind_10314,34.96707779287037,-118.38516885381482,315.68440917007905,246.0,41.28737036872091,15000.0,469507.75,3910.4721550060904,0,3370.0
3.0,wind,bus_217,wind_11080,35.05365900970741,-117.82172987188889,263.98909212182326,240.0,29.83449048851381,15000.0,473568.0,3140.1317006028785,0,3370.0
3.0,wind,bus_217,wind_11451,35.05365900970741,-117.39915063544444,225.53966358300136,216.0,31.922420034212657,35000.0,286184.66,5037.468664619892,0,3370.0
3.0,wind,bus_217,wind_11462,35.14024022654445,-118.59645847203703,334.3311872925029,72.0,30.90716157998361,15000.0,421182.88,4246.732688971792,0,3370.0
2.0,wind,bus_217,wind_12200,35.47357956525517,-115.44881715028572,64.30112746481397,282.0,35.868914710440556,35000.0,368521.7,3513.425303677313,1,3370.0
3.0,wind,bus_217,wind_12222,35.22682144338148,-118.80774809025925,353.64547557172756,180.0,7.294763642570183,15000.0,448000.2,4639.573607492375,0,3370.0
2.0,wind,bus_217,wind_13347,35.602189786706894,-115.36118871457143,69.7495913300036,240.0,31.74171522120349,35000.0,271069.88,4934.397613384755,1,3370.0
2.0,wind,bus_217,wind_13355,35.602189786706894,-114.66016122885715,61.90802673105125,258.0,46.71920613088312,35000.0,318633.25,4238.3168759567225,1,3370.0
2.0,wind,bus_217,wind_13719,35.602189786706894,-113.696248436,124.95992022658533,270.0,49.6009464184887,15000.0,369154.3,5210.298750561249,1,3370.0
2.0,wind,bus_217,wind_13723,35.602189786706894,-113.34573469314286,153.91341857029306,282.0,46.93785294623239,35000.0,342503.72,4586.018234119997,1,3370.0
2.0,wind,bus_217,wind_14115,35.645059860524135,-113.60862000028573,134.1812738293806,102.0,44.604152879739,35000.0,319696.4,5301.523045267489,1,3370.0
1.0,solar,bus_217,solar_1180,33.609768440889475,-113.9774181261579,185.78048872090943,119.51,20.66093307534744,35000.0,415575.4,10881.386489607035,0,540.0
1.0,solar,bus_217,solar_1938,33.70863148776316,-115.91018336026316,178.18460267575037,413.56,21.006451738438415,35000.0,136194.78,5589.921430933224,0,540.0
1.0,solar,bus_217,solar_2696,33.70863148776316,-114.5296367644737,157.50167773335895,975.34,20.23556579392014,15000.0,326046.84,5842.262500000001,0,540.0
3.0,solar,bus_217,solar_3481,35.31340266021852,-117.54001038092592,239.26497020464495,235.46,20.98557988500825,15000.0,1450488.9,9015.091456745968,0,540.0
3.0,solar,bus_217,solar_3865,35.399983877055554,-117.89215974462962,272.0197240244178,555.68,20.956046218629005,15000.0,748010.2,8326.904253604604,0,540.0
1.0,solar,bus_217,solar_4974,33.90635758151053,-114.39158210489474,140.0422187742852,725.49,20.566563256377396,15000.0,151662.47,5015.97306034038,0,540.0
3.0,solar,bus_217,solar_5002,35.57314631072963,-117.75129999914815,262.34085060666786,321.51,20.805657171461945,15000.0,610527.6,14019.768686868687,0,540.0
2.0,solar,bus_217,solar_6866,35.773670081975865,-113.082849386,183.18601188106956,1975.87,20.3644778352278,15000.0,163287.61,3303.7093581362155,1,540.0
2.0,solar,bus_217,solar_6870,35.816540155793106,-115.27356027885715,87.09754968302258,511.49,20.3885561933549,15000.0,191078.33,4340.889018140537,1,540.0
1.0,solar,bus_217,solar_6877,34.20294672213158,-114.39158210489474,109.66559904673392,243.36,20.323107440582152,35000.0,248843.27,14732.03952695499,0,540.0
1.0,solar,bus_217,solar_7637,34.40067281587895,-116.0482380198421,128.22379374438304,115.64,20.97164538263398,15000.0,329703.16,8637.77394621809,0,540.0
1.0,solar,bus_217,solar_8402,34.59839890962632,-116.18629267942106,127.63388127968342,800.57,20.779362880359272,35000.0,309062.75,5348.813514564577,0,540.0
1.0,solar,bus_217,solar_8406,34.59839890962632,-115.63407404110526,84.81474009786731,381.67,20.52282248996236,35000.0,307217.75,13701.886610865902,0,540.0
3.0,solar,bus_217,solar_8422,36.00605239491482,-118.878177963,372.2465504417502,1534.09,18.4643785313685,15000.0,147581.83,4738.016111105843,0,540.0
1.0,solar,bus_217,solar_8772,34.59839890962632,-115.21991006236843,60.86124409261446,1262.43,20.827260532201606,15000.0,285082.16,4698.472227915261,0,540.0
3.0,solar,bus_217,solar_8801,36.00605239491482,-118.0330194901111,299.46491497056417,1920.94,21.38626932296118,15000.0,166064.89,3150.371663040237,0,540.0
1.0,solar,bus_217,solar_9164,34.6972619565,-115.91018336026316,100.10922241356984,1370.69,20.80076673898595,15000.0,228099.69,4582.887685702328,0,540.0
3.0,solar,bus_217,solar_9554,36.09263361175185,-118.73731821751852,362.67998606686587,2675.24,19.246807189138497,35000.0,439531.4,4826.783703703703,0,540.0
2.0,solar,bus_217,solar_10302,35.94515037724483,-113.95913374314286,129.11353445118337,774.09,20.206921077184717,35000.0,88726.28,5257.520563974944,1,540.0
3.0,solar,bus_217,solar_11083,36.26579604542593,-118.1738792355926,321.6589820688054,562.63,21.704051587967797,15000.0,407670.75,4334.185178850601,0,540.0
2.0,solar,bus_217,solar_11821,36.07376059869655,-115.36118871457143,116.63718924281898,1895.69,20.33245961018209,35000.0,267489.94,4568.217359904856,1,540.0
3.0,solar,bus_217,solar_11837,36.35237726226296,-118.5260285992963,354.48505477177963,3199.82,21.280843517492393,35000.0,657265.94,3555.5323979640634,0,540.0
2.0,solar,bus_217,solar_12188,36.07376059869655,-114.48490435742858,116.52144371724977,1034.83,19.649696670386444,35000.0,345709.78,6176.704732336498,1,540.0
3.0,solar,bus_217,solar_12223,36.35237726226296,-117.3287207627037,258.85587569117314,616.44,19.899699049838656,15000.0,431066.34,4162.50411039619,0,540.0
2.0,solar,bus_217,solar_12568,36.11663067251379,-114.74778966457143,115.47516423600683,907.88,19.391389919897858,35000.0,404530.84,7771.421293493865,1,540.0
3.0,solar,bus_217,solar_12591,36.35237726226296,-117.11743114448147,243.06412622283676,1283.28,20.986785155739607,35000.0,243376.78,5059.439440354808,0,540.0
2.0,solar,bus_217,solar_12954,36.159500746331034,-114.13439061457143,138.77674107208577,216.79,19.79746766913336,35000.0,467371.66,9295.096465069715,1,540.0
2.0,solar,bus_217,solar_12977,36.202370820148275,-114.923046536,123.94041932904298,422.82,19.98129969611502,35000.0,365625.44,4648.62371364967,1,540.0
2.0,solar,bus_217,solar_13734,36.28811096778276,-115.01067497171428,133.7187368353579,1435.71,20.022836093802365,35000.0,275067.38,4670.662091503268,1,540.0
2.0,solar,bus_217,solar_14502,36.3309810416,-114.923046536,138.24121121756278,1274.09,19.972700974607537,35000.0,392252.53,3317.1199651070892,1,540.0
1.0,wind,bus_218,wind_3840,32.91772711277368,-115.08185540278947,244.3155239679362,78.0,29.86654403472681,35000.0,257014.03,13494.356293888508,0,3370.0
1.0,wind,bus_218,wind_3841,32.91772711277368,-114.94380074321053,244.627501640283,66.0,32.903536507098664,35000.0,317563.62,13922.127475281783,0,3370.0
3.0,wind,bus_218,wind_3867,34.18784684133704,-116.976571399,201.95918971160816,66.0,22.15517101019571,15000.0,550612.56,10357.109068159081,0,3370.0
3.0,wind,bus_218,wind_4614,34.274428058174074,-117.04700127174074,202.83185444597044,228.0,45.46469677479659,15000.0,542013.2,9597.691972840154,0,3370.0
3.0,wind,bus_218,wind_4625,34.361009275011114,-118.24430910833333,301.21926766422956,186.0,40.587012468578514,35000.0,411351.8,5539.314954486427,0,3370.0
1.0,wind,bus_218,wind_5738,33.01659015964737,-114.80574608363158,234.6645399685033,144.0,45.67545565294453,35000.0,185248.53,6033.371193415638,0,3370.0
3.0,wind,bus_218,wind_5759,34.534171708685186,-118.5260285992963,321.2858095247606,246.0,27.70681974270578,15000.0,579130.6,4889.942746873255,0,3370.0
3.0,wind,bus_218,wind_5762,34.534171708685186,-118.31473898107407,302.420429964667,204.0,38.767218884089594,15000.0,378539.16,11720.692783303672,0,3370.0
1.0,wind,bus_218,wind_6124,33.11545320652105,-116.324347339,250.18841149955924,60.0,52.26981609860366,35000.0,376899.84,13854.580762104344,0,3370.0
2.0,wind,bus_218,wind_6862,35.173489048534485,-114.48490435742858,54.30836096614027,42.0,49.37766374099247,35000.0,362114.1,5022.801101628039,1,3370.0
2.0,wind,bus_218,wind_6864,35.173489048534485,-114.309647486,70.15445108629143,252.0,39.248624139220354,35000.0,454195.8,4487.393906682622,1,3370.0
2.0,wind,bus_218,wind_8004,35.216359122351726,-115.01067497171428,12.828970915330832,222.0,57.02361614208024,15000.0,347759.25,3906.8795749374895,1,3370.0
1.0,wind,bus_218,wind_8011,33.31317930026842,-115.63407404110526,206.76648097027285,228.0,17.733234099813693,15000.0,124354.65,5979.508496701373,0,3370.0
1.0,wind,bus_218,wind_8026,33.31317930026842,-113.701308807,236.97261247527243,126.0,33.18933618191138,35000.0,307217.75,13701.886610865902,0,3370.0
1.0,wind,bus_218,wind_8770,33.412042347142105,-113.9774181261579,214.65978683358475,276.0,40.85052500898017,35000.0,139822.95,4952.446145236453,0,3370.0
1.0,wind,bus_218,wind_8775,33.51090539401579,-116.0482380198421,199.38014272838112,108.0,31.262503103984557,15000.0,240732.22,5543.147302292982,0,3370.0
2.0,wind,bus_218,wind_9542,35.25922919616897,-113.43336312885715,150.30604456114148,228.0,40.26782429171251,15000.0,206109.4,3636.3574772151674,1,3370.0
1.0,wind,bus_218,wind_9546,33.609768440889475,-116.18629267942106,195.85775632413697,258.0,31.322704717256308,35000.0,228112.95,6730.409007429606,0,3370.0
1.0,wind,bus_218,wind_9926,33.609768440889475,-115.7721287006842,179.0834654254458,288.0,29.121414121724055,35000.0,177124.89,5342.027528675423,0,3370.0
3.0,wind,bus_218,wind_10314,34.96707779287037,-118.38516885381482,301.5294297221847,246.0,41.28737036872091,15000.0,469507.75,3910.4721550060904,0,3370.0
3.0,wind,bus_218,wind_11080,35.05365900970741,-117.82172987188889,249.75213721473165,240.0,29.83449048851381,15000.0,473568.0,3140.1317006028785,0,3370.0
3.0,wind,bus_218,wind_11451,35.05365900970741,-117.39915063544444,211.32097536030332,216.0,31.922420034212657,35000.0,286184.66,5037.468664619892,0,3370.0
3.0,wind,bus_218,wind_11462,35.14024022654445,-118.59645847203703,319.9867338731133,72.0,30.90716157998361,15000.0,421182.88,4246.732688971792,0,3370.0
2.0,wind,bus_218,wind_12200,35.47357956525517,-115.44881715028572,52.19130876091744,282.0,35.868914710440556,35000.0,368521.7,3513.425303677313,1,3370.0
3.0,wind,bus_218,wind_12222,35.22682144338148,-118.80774809025925,339.2342912576149,180.0,7.294763642570183,15000.0,448000.2,4639.573607492375,0,3370.0
2.0,wind,bus_218,wind_13347,35.602189786706894,-115.36118871457143,59.96568916502967,240.0,31.74171522120349,35000.0,271069.88,4934.397613384755,1,3370.0
2.0,wind,bus_218,wind_13355,35.602189786706894,-114.66016122885715,66.11184815977404,258.0,46.71920613088312,35000.0,318633.25,4238.3168759567225,1,3370.0
2.0,wind,bus_218,wind_13719,35.602189786706894,-113.696248436,136.5052311896128,270.0,49.6009464184887,15000.0,369154.3,5210.298750561249,1,3370.0
2.0,wind,bus_218,wind_13723,35.602189786706894,-113.34573469314286,166.15869291468894,282.0,46.93785294623239,35000.0,342503.72,4586.018234119997,1,3370.0
2.0,wind,bus_218,wind_14115,35.645059860524135,-113.60862000028573,145.66345956936726,102.0,44.604152879739,35000.0,319696.4,5301.523045267489,1,3370.0
1.0,solar,bus_218,solar_1180,33.609768440889475,-113.9774181261579,195.4799209277149,119.51,20.66093307534744,35000.0,415575.4,10881.386489607035,0,540.0
1.0,solar,bus_218,solar_1938,33.70863148776316,-115.91018336026316,174.01327828507624,413.56,21.006451738438415,35000.0,136194.78,5589.921430933224,0,540.0
1.0,solar,bus_218,solar_2696,33.70863148776316,-114.5296367644737,164.25872217359543,975.34,20.23556579392014,15000.0,326046.84,5842.262500000001,0,540.0
3.0,solar,bus_218,solar_3481,35.31340266021852,-117.54001038092592,224.7561715785545,235.46,20.98557988500825,15000.0,1450488.9,9015.091456745968,0,540.0
3.0,solar,bus_218,solar_3865,35.399983877055554,-117.89215974462962,257.48044095527325,555.68,20.956046218629005,15000.0,748010.2,8326.904253604604,0,540.0
1.0,solar,bus_218,solar_4974,33.90635758151053,-114.39158210489474,148.3684146017259,725.49,20.566563256377396,15000.0,151662.47,5015.97306034038,0,540.0
3.0,solar,bus_218,solar_5002,35.57314631072963,-117.75129999914815,247.76853205818617,321.51,20.805657171461945,15000.0,610527.6,14019.768686868687,0,540.0
2.0,solar,bus_218,solar_6866,35.773670081975865,-113.082849386,195.0020436097044,1975.87,20.3644778352278,15000.0,163287.61,3303.7093581362155,1,540.0
2.0,solar,bus_218,solar_6870,35.816540155793106,-115.27356027885715,80.00534413249139,511.49,20.3885561933549,15000.0,191078.33,4340.889018140537,1,540.0
1.0,solar,bus_218,solar_6877,34.20294672213158,-114.39158210489474,119.26058172958832,243.36,20.323107440582152,35000.0,248843.27,14732.03952695499,0,540.0
1.0,solar,bus_218,solar_7637,34.40067281587895,-116.0482380198421,119.01787253560632,115.64,20.97164538263398,15000.0,329703.16,8637.77394621809,0,540.0
1.0,solar,bus_218,solar_8402,34.59839890962632,-116.18629267942106,116.3052894051574,800.57,20.779362880359272,35000.0,309062.75,5348.813514564577,0,540.0
1.0,solar,bus_218,solar_8406,34.59839890962632,-115.63407404110526,76.64223972858167,381.67,20.52282248996236,35000.0,307217.75,13701.886610865902,0,540.0
3.0,solar,bus_218,solar_8422,36.00605239491482,-118.878177963,357.7322232543311,1534.09,18.4643785313685,15000.0,147581.83,4738.016111105843,0,540.0
1.0,solar,bus_218,solar_8772,34.59839890962632,-115.21991006236843,58.87697784643932,1262.43,20.827260532201606,15000.0,285082.16,4698.472227915261,0,540.0
3.0,solar,bus_218,solar_8801,36.00605239491482,-118.0330194901111,285.07302791447324,1920.94,21.38626932296118,15000.0,166064.89,3150.371663040237,0,540.0
1.0,solar,bus_218,solar_9164,34.6972619565,-115.91018336026316,88.97758399388621,1370.69,20.80076673898595,15000.0,228099.69,4582.887685702328,0,540.0
3.0,solar,bus_218,solar_9554,36.09263361175185,-118.73731821751852,348.2211016826667,2675.24,19.246807189138497,35000.0,439531.4,4826.783703703703,0,540.0
2.0,solar,bus_218,solar_10302,35.94515037724483,-113.95913374314286,137.0081075074797,774.09,20.206921077184717,35000.0,88726.28,5257.520563974944,1,540.0
3.0,solar,bus_218,solar_11083,36.26579604542593,-118.1738792355926,307.4746347261898,562.63,21.704051587967797,15000.0,407670.75,4334.185178850601,0,540.0
2.0,solar,bus_218,solar_11821,36.07376059869655,-115.36118871457143,109.65358346974584,1895.69,20.33245961018209,35000.0,267489.94,4568.217359904856,1,540.0
3.0,solar,bus_218,solar_11837,36.35237726226296,-118.5260285992963,340.2665531557619,3199.82,21.280843517492393,35000.0,657265.94,3555.5323979640634,0,540.0
2.0,solar,bus_218,solar_12188,36.07376059869655,-114.48490435742858,119.34112607109591,1034.83,19.649696670386444,35000.0,345709.78,6176.704732336498,1,540.0
3.0,solar,bus_218,solar_12223,36.35237726226296,-117.3287207627037,245.36414050378505,616.44,19.899699049838656,15000.0,431066.34,4162.50411039619,0,540.0
2.0,solar,bus_218,solar_12568,36.11663067251379,-114.74778966457143,115.31375495824967,907.88,19.391389919897858,35000.0,404530.84,7771.421293493865,1,540.0
3.0,solar,bus_218,solar_12591,36.35237726226296,-117.11743114448147,229.8247038840969,1283.28,20.986785155739607,35000.0,243376.78,5059.439440354808,0,540.0
2.0,solar,bus_218,solar_12954,36.159500746331034,-114.13439061457143,144.08682740968945,216.79,19.79746766913336,35000.0,467371.66,9295.096465069715,1,540.0
2.0,solar,bus_218,solar_12977,36.202370820148275,-114.923046536,121.72687502694752,422.82,19.98129969611502,35000.0,365625.44,4648.62371364967,1,540.0
2.0,solar,bus_218,solar_13734,36.28811096778276,-115.01067497171428,130.5954030051528,1435.71,20.022836093802365,35000.0,275067.38,4670.662091503268,1,540.0
2.0,solar,bus_218,solar_14502,36.3309810416,-114.923046536,135.94170027770107,1274.09,19.972700974607537,35000.0,392252.53,3317.1199651070892,1,540.0
1.0,wind,bus_219,wind_3840,32.91772711277368,-115.08185540278947,278.31329650315735,78.0,29.86654403472681,35000.0,257014.03,13494.356293888508,0,3370.0
1.0,wind,bus_219,wind_3841,32.91772711277368,-114.94380074321053,278.17204564363163,66.0,32.903536507098664,35000.0,317563.62,13922.127475281783,0,3370.0
3.0,wind,bus_219,wind_3867,34.18784684133704,-116.976571399,228.0393067614852,66.0,22.15517101019571,15000.0,550612.56,10357.109068159081,0,3370.0
3.0,wind,bus_219,wind_4614,34.274428058174074,-117.04700127174074,227.61287572325753,228.0,45.46469677479659,15000.0,542013.2,9597.691972840154,0,3370.0
3.0,wind,bus_219,wind_4625,34.361009275011114,-118.24430910833333,320.186250736786,186.0,40.587012468578514,35000.0,411351.8,5539.314954486427,0,3370.0
1.0,wind,bus_219,wind_5738,33.01659015964737,-114.80574608363158,267.63529280310445,144.0,45.67545565294453,35000.0,185248.53,6033.371193415638,0,3370.0
3.0,wind,bus_219,wind_5759,34.534171708685186,-118.5260285992963,337.7874438537312,246.0,27.70681974270578,15000.0,579130.6,4889.942746873255,0,3370.0
3.0,wind,bus_219,wind_5762,34.534171708685186,-118.31473898107407,319.4240822879254,204.0,38.767218884089594,15000.0,378539.16,11720.692783303672,0,3370.0
1.0,wind,bus_219,wind_6124,33.11545320652105,-116.324347339,284.4227243886787,60.0,52.26981609860366,35000.0,376899.84,13854.580762104344,0,3370.0
2.0,wind,bus_219,wind_6862,35.173489048534485,-114.48490435742858,52.52430380511024,42.0,49.37766374099247,35000.0,362114.1,5022.801101628039,1,3370.0
2.0,wind,bus_219,wind_6864,35.173489048534485,-114.309647486,66.62376051591896,252.0,39.248624139220354,35000.0,454195.8,4487.393906682622,1,3370.0
2.0,wind,bus_219,wind_8004,35.216359122351726,-115.01067497171428,22.737049712244573,222.0,57.02361614208024,15000.0,347759.25,3906.8795749374895,1,3370.0
1.0,wind,bus_219,wind_8011,33.31317930026842,-115.63407404110526,241.77011583896777,228.0,17.733234099813693,15000.0,124354.65,5979.508496701373,0,3370.0
1.0,wind,bus_219,wind_8026,33.31317930026842,-113.701308807,261.9039834143616,126.0,33.18933618191138,35000.0,307217.75,13701.886610865902,0,3370.0
1.0,wind,bus_219,wind_8770,33.412042347142105,-113.9774181261579,241.36055997848368,276.0,40.85052500898017,35000.0,139822.95,4952.446145236453,0,3370.0
1.0,wind,bus_219,wind_8775,33.51090539401579,-116.0482380198421,233.7303233984119,108.0,31.262503103984557,15000.0,240732.22,5543.147302292982,0,3370.0
2.0,wind,bus_219,wind_9542,35.25922919616897,-113.43336312885715,141.33807771410147,228.0,40.26782429171251,15000.0,206109.4,3636.3574772151674,1,3370.0
1.0,wind,bus_219,wind_9546,33.609768440889475,-116.18629267942106,229.58993824321928,258.0,31.322704717256308,35000.0,228112.95,6730.409007429606,0,3370.0
1.0,wind,bus_219,wind_9926,33.609768440889475,-115.7721287006842,213.91416795858737,288.0,29.121414121724055,35000.0,177124.89,5342.027528675423,0,3370.0
3.0,wind,bus_219,wind_10314,34.96707779287037,-118.38516885381482,313.54204423993417,246.0,41.28737036872091,15000.0,469507.75,3910.4721550060904,0,3370.0
3.0,wind,bus_219,wind_11080,35.05365900970741,-117.82172987188889,261.3353970747172,240.0,29.83449048851381,15000.0,473568.0,3140.1317006028785,0,3370.0
3.0,wind,bus_219,wind_11451,35.05365900970741,-117.39915063544444,223.50638893885824,216.0,31.922420034212657,35000.0,286184.66,5037.468664619892,0,3370.0
3.0,wind,bus_219,wind_11462,35.14024022654445,-118.59645847203703,329.79453812495376,72.0,30.90716157998361,15000.0,421182.88,4246.732688971792,0,3370.0
2.0,wind,bus_219,wind_12200,35.47357956525517,-115.44881715028572,42.96960334007249,282.0,35.868914710440556,35000.0,368521.7,3513.425303677313,1,3370.0
3.0,wind,bus_219,wind_12222,35.22682144338148,-118.80774809025925,347.98113587694564,180.0,7.294763642570183,15000.0,448000.2,4639.573607492375,0,3370.0
2.0,wind,bus_219,wind_13347,35.602189786706894,-115.36118871457143,40.11849243831998,240.0,31.74171522120349,35000.0,271069.88,4934.397613384755,1,3370.0
2.0,wind,bus_219,wind_13355,35.602189786706894,-114.66016122885715,35.32343102619943,258.0,46.71920613088312,35000.0,318633.25,4238.3168759567225,1,3370.0
2.0,wind,bus_219,wind_13719,35.602189786706894,-113.696248436,117.8906749427002,270.0,49.6009464184887,15000.0,369154.3,5210.298750561249,1,3370.0
2.0,wind,bus_219,wind_13723,35.602189786706894,-113.34573469314286,149.24042117876365,282.0,46.93785294623239,35000.0,342503.72,4586.018234119997,1,3370.0
2.0,wind,bus_219,wind_14115,35.645059860524135,-113.60862000028573,126.5368997072396,102.0,44.604152879739,35000.0,319696.4,5301.523045267489,1,3370.0
1.0,solar,bus_219,solar_1180,33.609768440889475,-113.9774181261579,221.14395381596097,119.51,20.66093307534744,35000.0,415575.4,10881.386489607035,0,540.0
1.0,solar,bus_219,solar_1938,33.70863148776316,-115.91018336026316,208.4358480099165,413.56,21.006451738438415,35000.0,136194.78,5589.921430933224,0,540.0
1.0,solar,bus_219,solar_2696,33.70863148776316,-114.5296367644737,194.61096866481373,975.34,20.23556579392014,15000.0,326046.84,5842.262500000001,0,540.0
3.0,solar,bus_219,solar_3481,35.31340266021852,-117.54001038092592,232.49688878194308,235.46,20.98557988500825,15000.0,1450488.9,9015.091456745968,0,540.0
3.0,solar,bus_219,solar_3865,35.399983877055554,-117.89215974462962,263.99439076420646,555.68,20.956046218629005,15000.0,748010.2,8326.904253604604,0,540.0
1.0,solar,bus_219,solar_4974,33.90635758151053,-114.39158210489474,176.59693182183307,725.49,20.566563256377396,15000.0,151662.47,5015.97306034038,0,540.0
3.0,solar,bus_219,solar_5002,35.57314631072963,-117.75129999914815,251.53394599203443,321.51,20.805657171461945,15000.0,610527.6,14019.768686868687,0,540.0
2.0,solar,bus_219,solar_6866,35.773670081975865,-113.082849386,175.9284909768248,1975.87,20.3644778352278,15000.0,163287.61,3303.7093581362155,1,540.0
2.0,solar,bus_219,solar_6870,35.816540155793106,-115.27356027885715,51.57482008553397,511.49,20.3885561933549,15000.0,191078.33,4340.889018140537,1,540.0
1.0,solar,bus_219,solar_6877,34.20294672213158,-114.39158210489474,145.49303423884226,243.36,20.323107440582152,35000.0,248843.27,14732.03952695499,0,540.0
1.0,solar,bus_219,solar_7637,34.40067281587895,-116.0482380198421,149.42990899082525,115.64,20.97164538263398,15000.0,329703.16,8637.77394621809,0,540.0
1.0,solar,bus_219,solar_8402,34.59839890962632,-116.18629267942106,142.88522242846705,800.57,20.779362880359272,35000.0,309062.75,5348.813514564577,0,540.0
1.0,solar,bus_219,solar_8406,34.59839890962632,-115.63407404110526,109.0307486904046,381.67,20.52282248996236,35000.0,307217.75,13701.886610865902,0,540.0
3.0,solar,bus_219,solar_8422,36.00605239491482,-118.878177963,357.9920508389582,1534.09,18.4643785313685,15000.0,147581.83,4738.016111105843,0,540.0
1.0,solar,bus_219,solar_8772,34.59839890962632,-115.21991006236843,93.86707674784792,1262.43,20.827260532201606,15000.0,285082.16,4698.472227915261,0,540.0
3.0,solar,bus_219,solar_8801,36.00605239491482,-118.0330194901111,283.3191535444125,1920.94,21.38626932296118,15000.0,166064.89,3150.371663040237,0,540.0
1.0,solar,bus_219,solar_9164,34.6972619565,-115.91018336026316,116.72688780712517,1370.69,20.80076673898595,15000.0,228099.69,4582.887685702328,0,540.0
3.0,solar,bus_219,solar_9554,36.09263361175185,-118.73731821751852,347.2635065766976,2675.24,19.246807189138497,35000.0,439531.4,4826.783703703703,0,540.0
2.0,solar,bus_219,solar_10302,35.94515037724483,-113.95913374314286,109.1230238404742,774.09,20.206921077184717,35000.0,88726.28,5257.520563974944,1,540.0
3.0,solar,bus_219,solar_11083,36.26579604542593,-118.1738792355926,302.94073968079323,562.63,21.704051587967797,15000.0,407670.75,4334.185178850601,0,540.0
2.0,solar,bus_219,solar_11821,36.07376059869655,-115.36118871457143,80.53379965436658,1895.69,20.33245961018209,35000.0,267489.94,4568.217359904856,1,540.0
3.0,solar,bus_219,solar_11837,36.35237726226296,-118.5260285992963,335.93092668509354,3199.82,21.280843517492393,35000.0,657265.94,3555.5323979640634,0,540.0
2.0,solar,bus_219,solar_12188,36.07376059869655,-114.48490435742858,85.36351803421155,1034.83,19.649696670386444,35000.0,345709.78,6176.704732336498,1,540.0
3.0,solar,bus_219,solar_12223,36.35237726226296,-117.3287207627037,235.7219807784065,616.44,19.899699049838656,15000.0,431066.34,4162.50411039619,0,540.0
2.0,solar,bus_219,solar_12568,36.11663067251379,-114.74778966457143,80.30970604667198,907.88,19.391389919897858,35000.0,404530.84,7771.421293493865,1,540.0
3.0,solar,bus_219,solar_12591,36.35237726226296,-117.11743114448147,218.7926332151401,1283.28,20.986785155739607,35000.0,243376.78,5059.439440354808,0,540.0
2.0,solar,bus_219,solar_12954,36.159500746331034,-114.13439061457143,112.16899796807544,216.79,19.79746766913336,35000.0,467371.66,9295.096465069715,1,540.0
2.0,solar,bus_219,solar_12977,36.202370820148275,-114.923046536,87.22969874406166,422.82,19.98129969611502,35000.0,365625.44,4648.62371364967,1,540.0
2.0,solar,bus_219,solar_13734,36.28811096778276,-115.01067497171428,96.6582588731142,1435.71,20.022836093802365,35000.0,275067.38,4670.662091503268,1,540.0
2.0,solar,bus_219,solar_14502,36.3309810416,-114.923046536,101.50959067110544,1274.09,19.972700974607537,35000.0,392252.53,3317.1199651070892,1,540.0
1.0,wind,bus_220,wind_3840,32.91772711277368,-115.08185540278947,305.29133805117465,78.0,29.86654403472681,35000.0,257014.03,13494.356293888508,0,3370.0
1.0,wind,bus_220,wind_3841,32.91772711277368,-114.94380074321053,306.941899829376,66.0,32.903536507098664,35000.0,317563.62,13922.127475281783,0,3370.0
3.0,wind,bus_220,wind_3867,34.18784684133704,-116.976571399,213.94290127153548,66.0,22.15517101019571,15000.0,550612.56,10357.109068159081,0,3370.0
3.0,wind,bus_220,wind_4614,34.274428058174074,-117.04700127174074,211.07159258354991,228.0,45.46469677479659,15000.0,542013.2,9597.691972840154,0,3370.0
3.0,wind,bus_220,wind_4625,34.361009275011114,-118.24430910833333,292.1649596543615,186.0,40.587012468578514,35000.0,411351.8,5539.314954486427,0,3370.0
1.0,wind,bus_220,wind_5738,33.01659015964737,-114.80574608363158,298.313129072859,144.0,45.67545565294453,35000.0,185248.53,6033.371193415638,0,3370.0
3.0,wind,bus_220,wind_5759,34.534171708685186,-118.5260285992963,306.2567232444643,246.0,27.70681974270578,15000.0,579130.6,4889.942746873255,0,3370.0
3.0,wind,bus_220,wind_5762,34.534171708685186,-118.31473898107407,288.77773192216574,204.0,38.767218884089594,15000.0,378539.16,11720.692783303672,0,3370.0
1.0,wind,bus_220,wind_6124,33.11545320652105,-116.324347339,292.75657115280165,60.0,52.26981609860366,35000.0,376899.84,13854.580762104344,0,3370.0
2.0,wind,bus_220,wind_6862,35.173489048534485,-114.48490435742858,101.80543592508214,42.0,49.37766374099247,35000.0,362114.1,5022.801101628039,1,3370.0
2.0,wind,bus_220,wind_6864,35.173489048534485,-114.309647486,115.693758382051,252.0,39.248624139220354,35000.0,454195.8,4487.393906682622,1,3370.0
2.0,wind,bus_220,wind_8004,35.216359122351726,-115.01067497171428,62.0447829423296,222.0,57.02361614208024,15000.0,347759.25,3906.8795749374895,1,3370.0
1.0,wind,bus_220,wind_8011,33.31317930026842,-115.63407404110526,260.043448965837,228.0,17.733234099813693,15000.0,124354.65,5979.508496701373,0,3370.0
1.0,wind,bus_220,wind_8026,33.31317930026842,-113.701308807,304.8108864352117,126.0,33.18933618191138,35000.0,307217.75,13701.886610865902,0,3370.0
1.0,wind,bus_220,wind_8770,33.412042347142105,-113.9774181261579,282.57857684208125,276.0,40.85052500898017,35000.0,139822.95,4952.446145236453,0,3370.0
1.0,wind,bus_220,wind_8775,33.51090539401579,-116.0482380198421,243.791388563514,108.0,31.262503103984557,15000.0,240732.22,5543.147302292982,0,3370.0
2.0,wind,bus_220,wind_9542,35.25922919616897,-113.43336312885715,187.37142523501464,228.0,40.26782429171251,15000.0,206109.4,3636.3574772151674,1,3370.0
1.0,wind,bus_220,wind_9546,33.609768440889475,-116.18629267942106,236.3894500897291,258.0,31.322704717256308,35000.0,228112.95,6730.409007429606,0,3370.0
1.0,wind,bus_220,wind_9926,33.609768440889475,-115.7721287006842,228.44564520190517,288.0,29.121414121724055,35000.0,177124.89,5342.027528675423,0,3370.0
3.0,wind,bus_220,wind_10314,34.96707779287037,-118.38516885381482,277.1430155344315,246.0,41.28737036872091,15000.0,469507.75,3910.4721550060904,0,3370.0
3.0,wind,bus_220,wind_11080,35.05365900970741,-117.82172987188889,225.2714282221168,240.0,29.83449048851381,15000.0,473568.0,3140.1317006028785,0,3370.0
3.0,wind,bus_220,wind_11451,35.05365900970741,-117.39915063544444,188.96067865798952,216.0,31.922420034212657,35000.0,286184.66,5037.468664619892,0,3370.0
3.0,wind,bus_220,wind_11462,35.14024022654445,-118.59645847203703,291.00802539551194,72.0,30.90716157998361,15000.0,421182.88,4246.732688971792,0,3370.0
2.0,wind,bus_220,wind_12200,35.47357956525517,-115.44881715028572,19.25067616677193,282.0,35.868914710440556,35000.0,368521.7,3513.425303677313,1,3370.0
3.0,wind,bus_220,wind_12222,35.22682144338148,-118.80774809025925,308.05234167717623,180.0,7.294763642570183,15000.0,448000.2,4639.573607492375,0,3370.0
2.0,wind,bus_220,wind_13347,35.602189786706894,-115.36118871457143,9.16893545809501,240.0,31.74171522120349,35000.0,271069.88,4934.397613384755,1,3370.0
2.0,wind,bus_220,wind_13355,35.602189786706894,-114.66016122885715,71.25300012625246,258.0,46.71920613088312,35000.0,318633.25,4238.3168759567225,1,3370.0
2.0,wind,bus_220,wind_13719,35.602189786706894,-113.696248436,158.27972860870173,270.0,49.6009464184887,15000.0,369154.3,5210.298750561249,1,3370.0
2.0,wind,bus_220,wind_13723,35.602189786706894,-113.34573469314286,189.9465035691381,282.0,46.93785294623239,35000.0,342503.72,4586.018234119997,1,3370.0
2.0,wind,bus_220,wind_14115,35.645059860524135,-113.60862000028573,166.07787754211571,102.0,44.604152879739,35000.0,319696.4,5301.523045267489,1,3370.0
1.0,solar,bus_220,solar_1180,33.609768440889475,-113.9774181261579,263.37352320755076,119.51,20.66093307534744,35000.0,415575.4,10881.386489607035,0,540.0
1.0,solar,bus_220,solar_1938,33.70863148776316,-115.91018336026316,219.6319856540293,413.56,21.006451738438415,35000.0,136194.78,5589.921430933224,0,540.0
1.0,solar,bus_220,solar_2696,33.70863148776316,-114.5296367644737,231.2366776769218,975.34,20.23556579392014,15000.0,326046.84,5842.262500000001,0,540.0
3.0,solar,bus_220,solar_3481,35.31340266021852,-117.54001038092592,193.1400725784237,235.46,20.98557988500825,15000.0,1450488.9,9015.091456745968,0,540.0
3.0,solar,bus_220,solar_3865,35.399983877055554,-117.89215974462962,223.0100349897145,555.68,20.956046218629005,15000.0,748010.2,8326.904253604604,0,540.0
1.0,solar,bus_220,solar_4974,33.90635758151053,-114.39158210489474,216.17504642323408,725.49,20.566563256377396,15000.0,151662.47,5015.97306034038,0,540.0
3.0,solar,bus_220,solar_5002,35.57314631072963,-117.75129999914815,208.5051069629743,321.51,20.805657171461945,15000.0,610527.6,14019.768686868687,0,540.0
2.0,solar,bus_220,solar_6866,35.773670081975865,-113.082849386,213.87847635083187,1975.87,20.3644778352278,15000.0,163287.61,3303.7093581362155,1,540.0
2.0,solar,bus_220,solar_6870,35.816540155793106,-115.27356027885715,24.507101133256334,511.49,20.3885561933549,15000.0,191078.33,4340.889018140537,1,540.0
1.0,solar,bus_220,solar_6877,34.20294672213158,-114.39158210489474,187.14260426501224,243.36,20.323107440582152,35000.0,248843.27,14732.03952695499,0,540.0
1.0,solar,bus_220,solar_7637,34.40067281587895,-116.0482380198421,148.98886130600684,115.64,20.97164538263398,15000.0,329703.16,8637.77394621809,0,540.0
1.0,solar,bus_220,solar_8402,34.59839890962632,-116.18629267942106,134.5849671047322,800.57,20.779362880359272,35000.0,309062.75,5348.813514564577,0,540.0
1.0,solar,bus_220,solar_8406,34.59839890962632,-115.63407404110526,117.80578850207318,381.67,20.52282248996236,35000.0,307217.75,13701.886610865902,0,540.0
3.0,solar,bus_220,solar_8422,36.00605239491482,-118.878177963,311.9321219441015,1534.09,18.4643785313685,15000.0,147581.83,4738.016111105843,0,540.0
1.0,solar,bus_220,solar_8772,34.59839890962632,-115.21991006236843,118.37420362747773,1262.43,20.827260532201606,15000.0,285082.16,4698.472227915261,0,540.0
3.0,solar,bus_220,solar_8801,36.00605239491482,-118.0330194901111,236.57428597274995,1920.94,21.38626932296118,15000.0,166064.89,3150.371663040237,0,540.0
1.0,solar,bus_220,solar_9164,34.6972619565,-115.91018336026316,113.67055817932211,1370.69,20.80076673898595,15000.0,228099.69,4582.887685702328,0,540.0
3.0,solar,bus_220,solar_9554,36.09263361175185,-118.73731821751852,300.6198192993876,2675.24,19.246807189138497,35000.0,439531.4,4826.783703703703,0,540.0
2.0,solar,bus_220,solar_10302,35.94515037724483,-113.95913374314286,138.19682474443243,774.09,20.206921077184717,35000.0,88726.28,5257.520563974944,1,540.0
3.0,solar,bus_220,solar_11083,36.26579604542593,-118.1738792355926,254.93875282597332,562.63,21.704051587967797,15000.0,407670.75,4334.185178850601,0,540.0
2.0,solar,bus_220,solar_11821,36.07376059869655,-115.36118871457143,48.10702199761583,1895.69,20.33245961018209,35000.0,267489.94,4568.217359904856,1,540.0
3.0,solar,bus_220,solar_11837,36.35237726226296,-118.5260285992963,287.9072514599914,3199.82,21.280843517492393,35000.0,657265.94,3555.5323979640634,0,540.0
2.0,solar,bus_220,solar_12188,36.07376059869655,-114.48490435742858,98.8214324819572,1034.83,19.649696670386444,35000.0,345709.78,6176.704732336498,1,540.0
3.0,solar,bus_220,solar_12223,36.35237726226296,-117.3287207627037,186.6093175162559,616.44,19.899699049838656,15000.0,431066.34,4162.50411039619,0,540.0
2.0,solar,bus_220,solar_12568,36.11663067251379,-114.74778966457143,81.81707112380671,907.88,19.391389919897858,35000.0,404530.84,7771.421293493865,1,540.0
3.0,solar,bus_220,solar_12591,36.35237726226296,-117.11743114448147,169.55343394944418,1283.28,20.986785155739607,35000.0,243376.78,5059.439440354808,0,540.0
2.0,solar,bus_220,solar_12954,36.159500746331034,-114.13439061457143,131.22283911995288,216.79,19.79746766913336,35000.0,467371.66,9295.096465069715,1,540.0
2.0,solar,bus_220,solar_12977,36.202370820148275,-114.923046536,77.71812151686326,422.82,19.98129969611502,35000.0,365625.44,4648.62371364967,1,540.0
2.0,solar,bus_220,solar_13734,36.28811096778276,-115.01067497171428,81.39910328088048,1435.71,20.022836093802365,35000.0,275067.38,4670.662091503268,1,540.0
2.0,solar,bus_220,solar_14502,36.3309810416,-114.923046536,89.48868329003632,1274.09,19.972700974607537,35000.0,392252.53,3317.1199651070892,1,540.0
1.0,wind,bus_221,wind_3840,32.91772711277368,-115.08185540278947,266.9254769951311,78.0,29.86654403472681,35000.0,257014.03,13494.356293888508,0,3370.0
1.0,wind,bus_221,wind_3841,32.91772711277368,-114.94380074321053,267.7353386690803,66.0,32.903536507098664,35000.0,317563.62,13922.127475281783,0,3370.0
3.0,wind,bus_221,wind_3867,34.18784684133704,-116.976571399,205.29931530756383,66.0,22.15517101019571,15000.0,550612.56,10357.109068159081,0,3370.0
3.0,wind,bus_221,wind_4614,34.274428058174074,-117.04700127174074,204.7610585166562,228.0,45.46469677479659,15000.0,542013.2,9597.691972840154,0,3370.0
3.0,wind,bus_221,wind_4625,34.361009275011114,-118.24430910833333,297.61056602257486,186.0,40.587012468578514,35000.0,411351.8,5539.314954486427,0,3370.0
1.0,wind,bus_221,wind_5738,33.01659015964737,-114.80574608363158,258.2509214895291,144.0,45.67545565294453,35000.0,185248.53,6033.371193415638,0,3370.0
3.0,wind,bus_221,wind_5759,34.534171708685186,-118.5260285992963,315.61683759831277,246.0,27.70681974270578,15000.0,579130.6,4889.942746873255,0,3370.0
3.0,wind,bus_221,wind_5762,34.534171708685186,-118.31473898107407,297.1497801129834,204.0,38.767218884089594,15000.0,378539.16,11720.692783303672,0,3370.0
1.0,wind,bus_221,wind_6124,33.11545320652105,-116.324347339,265.7340311554662,60.0,52.26981609860366,35000.0,376899.84,13854.580762104344,0,3370.0
2.0,wind,bus_221,wind_6862,35.173489048534485,-114.48490435742858,66.6716370657548,42.0,49.37766374099247,35000.0,362114.1,5022.801101628039,1,3370.0
2.0,wind,bus_221,wind_6864,35.173489048534485,-114.309647486,82.21623642781621,252.0,39.248624139220354,35000.0,454195.8,4487.393906682622,1,3370.0
2.0,wind,bus_221,wind_8004,35.216359122351726,-115.01067497171428,20.31271397131925,222.0,57.02361614208024,15000.0,347759.25,3906.8795749374895,1,3370.0
1.0,wind,bus_221,wind_8011,33.31317930026842,-115.63407404110526,226.31128197317997,228.0,17.733234099813693,15000.0,124354.65,5979.508496701373,0,3370.0
1.0,wind,bus_221,wind_8026,33.31317930026842,-113.701308807,261.727522901339,126.0,33.18933618191138,35000.0,307217.75,13701.886610865902,0,3370.0
1.0,wind,bus_221,wind_8770,33.412042347142105,-113.9774181261579,239.5496669830049,276.0,40.85052500898017,35000.0,139822.95,4952.446145236453,0,3370.0
1.0,wind,bus_221,wind_8775,33.51090539401579,-116.0482380198421,215.3709852414953,108.0,31.262503103984557,15000.0,240732.22,5543.147302292982,0,3370.0
2.0,wind,bus_221,wind_9542,35.25922919616897,-113.43336312885715,160.28403413544217,228.0,40.26782429171251,15000.0,206109.4,3636.3574772151674,1,3370.0
1.0,wind,bus_221,wind_9546,33.609768440889475,-116.18629267942106,210.2801463968588,258.0,31.322704717256308,35000.0,228112.95,6730.409007429606,0,3370.0
1.0,wind,bus_221,wind_9926,33.609768440889475,-115.7721287006842,196.92497991418557,288.0,29.121414121724055,35000.0,177124.89,5342.027528675423,0,3370.0
3.0,wind,bus_221,wind_10314,34.96707779287037,-118.38516885381482,292.3835945506083,246.0,41.28737036872091,15000.0,469507.75,3910.4721550060904,0,3370.0
3.0,wind,bus_221,wind_11080,35.05365900970741,-117.82172987188889,240.2222678608182,240.0,29.83449048851381,15000.0,473568.0,3140.1317006028785,0,3370.0
3.0,wind,bus_221,wind_11451,35.05365900970741,-117.39915063544444,202.16034218533449,216.0,31.922420034212657,35000.0,286184.66,5037.468664619892,0,3370.0
3.0,wind,bus_221,wind_11462,35.14024022654445,-118.59645847203703,309.2946302247549,72.0,30.90716157998361,15000.0,421182.88,4246.732688971792,0,3370.0
2.0,wind,bus_221,wind_12200,35.47357956525517,-115.44881715028572,28.686007976648547,282.0,35.868914710440556,35000.0,368521.7,3513.425303677313,1,3370.0
3.0,wind,bus_221,wind_12222,35.22682144338148,-118.80774809025925,327.83913286886064,180.0,7.294763642570183,15000.0,448000.2,4639.573607492375,0,3370.0
2.0,wind,bus_221,wind_13347,35.602189786706894,-115.36118871457143,35.05748781034205,240.0,31.74171522120349,35000.0,271069.88,4934.397613384755,1,3370.0
2.0,wind,bus_221,wind_13355,35.602189786706894,-114.66016122885715,58.162113113785786,258.0,46.71920613088312,35000.0,318633.25,4238.3168759567225,1,3370.0
2.0,wind,bus_221,wind_13719,35.602189786706894,-113.696248436,139.6740269917666,270.0,49.6009464184887,15000.0,369154.3,5210.298750561249,1,3370.0
2.0,wind,bus_221,wind_13723,35.602189786706894,-113.34573469314286,170.73921825175125,282.0,46.93785294623239,35000.0,342503.72,4586.018234119997,1,3370.0
2.0,wind,bus_221,wind_14115,35.645059860524135,-113.60862000028573,148.47677055428682,102.0,44.604152879739,35000.0,319696.4,5301.523045267489,1,3370.0
1.0,solar,bus_221,solar_1180,33.609768440889475,-113.9774181261579,220.28930242784915,119.51,20.66093307534744,35000.0,415575.4,10881.386489607035,0,540.0
1.0,solar,bus_221,solar_1938,33.70863148776316,-115.91018336026316,190.3041830125995,413.56,21.006451738438415,35000.0,136194.78,5589.921430933224,0,540.0
1.0,solar,bus_221,solar_2696,33.70863148776316,-114.5296367644737,188.96180281436665,975.34,20.23556579392014,15000.0,326046.84,5842.262500000001,0,540.0
3.0,solar,bus_221,solar_3481,35.31340266021852,-117.54001038092592,212.49976908449685,235.46,20.98557988500825,15000.0,1450488.9,9015.091456745968,0,540.0
3.0,solar,bus_221,solar_3865,35.399983877055554,-117.89215974462962,244.49481106407993,555.68,20.956046218629005,15000.0,748010.2,8326.904253604604,0,540.0
1.0,solar,bus_221,solar_4974,33.90635758151053,-114.39158210489474,173.27790037231026,725.49,20.566563256377396,15000.0,151662.47,5015.97306034038,0,540.0
3.0,solar,bus_221,solar_5002,35.57314631072963,-117.75129999914815,233.05231338040952,321.51,20.805657171461945,15000.0,610527.6,14019.768686868687,0,540.0
2.0,solar,bus_221,solar_6866,35.773670081975865,-113.082849386,197.99987509382052,1975.87,20.3644778352278,15000.0,163287.61,3303.7093581362155,1,540.0
2.0,solar,bus_221,solar_6870,35.816540155793106,-115.27356027885715,56.04071071848891,511.49,20.3885561933549,15000.0,191078.33,4340.889018140537,1,540.0
1.0,solar,bus_221,solar_6877,34.20294672213158,-114.39158210489474,144.05769291154962,243.36,20.323107440582152,35000.0,248843.27,14732.03952695499,0,540.0
1.0,solar,bus_221,solar_7637,34.40067281587895,-116.0482380198421,128.00476520785196,115.64,20.97164538263398,15000.0,329703.16,8637.77394621809,0,540.0
1.0,solar,bus_221,solar_8402,34.59839890962632,-116.18629267942106,120.35464558506251,800.57,20.779362880359272,35000.0,309062.75,5348.813514564577,0,540.0
1.0,solar,bus_221,solar_8406,34.59839890962632,-115.63407404110526,89.1763207766801,381.67,20.52282248996236,35000.0,307217.75,13701.886610865902,0,540.0
3.0,solar,bus_221,solar_8422,36.00605239491482,-118.878177963,341.1924076954242,1534.09,18.4643785313685,15000.0,147581.83,4738.016111105843,0,540.0
1.0,solar,bus_221,solar_8772,34.59839890962632,-115.21991006236843,79.8544591913581,1262.43,20.827260532201606,15000.0,285082.16,4698.472227915261,0,540.0
3.0,solar,bus_221,solar_8801,36.00605239491482,-118.0330194901111,267.35458326740763,1920.94,21.38626932296118,15000.0,166064.89,3150.371663040237,0,540.0
1.0,solar,bus_221,solar_9164,34.6972619565,-115.91018336026316,94.58522384765126,1370.69,20.80076673898595,15000.0,228099.69,4582.887685702328,0,540.0
3.0,solar,bus_221,solar_9554,36.09263361175185,-118.73731821751852,331.01622873126985,2675.24,19.246807189138497,35000.0,439531.4,4826.783703703703,0,540.0
2.0,solar,bus_221,solar_10302,35.94515037724483,-113.95913374314286,131.99977813074446,774.09,20.206921077184717,35000.0,88726.28,5257.520563974944,1,540.0
3.0,solar,bus_221,solar_11083,36.26579604542593,-118.1738792355926,288.41848479702725,562.63,21.704051587967797,15000.0,407670.75,4334.185178850601,0,540.0
2.0,solar,bus_221,solar_11821,36.07376059869655,-115.36118871457143,85.5037702828522,1895.69,20.33245961018209,35000.0,267489.94,4568.217359904856,1,540.0
3.0,solar,bus_221,solar_11837,36.35237726226296,-118.5260285992963,321.35270141410604,3199.82,21.280843517492393,35000.0,657265.94,3555.5323979640634,0,540.0
2.0,solar,bus_221,solar_12188,36.07376059869655,-114.48490435742858,106.01702617451416,1034.83,19.649696670386444,35000.0,345709.78,6176.704732336498,1,540.0
3.0,solar,bus_221,solar_12223,36.35237726226296,-117.3287207627037,223.97339297625155,616.44,19.899699049838656,15000.0,431066.34,4162.50411039619,0,540.0
2.0,solar,bus_221,solar_12568,36.11663067251379,-114.74778966457143,97.83061580219685,907.88,19.391389919897858,35000.0,404530.84,7771.421293493865,1,540.0
3.0,solar,bus_221,solar_12591,36.35237726226296,-117.11743114448147,207.87150523606095,1283.28,20.986785155739607,35000.0,243376.78,5059.439440354808,0,540.0
2.0,solar,bus_221,solar_12954,36.159500746331034,-114.13439061457143,134.1807822115919,216.79,19.79746766913336,35000.0,467371.66,9295.096465069715,1,540.0
2.0,solar,bus_221,solar_12977,36.202370820148275,-114.923046536,101.59844830835668,422.82,19.98129969611502,35000.0,365625.44,4648.62371364967,1,540.0
2.0,solar,bus_221,solar_13734,36.28811096778276,-115.01067497171428,109.3697594357604,1435.71,20.022836093802365,35000.0,275067.38,4670.662091503268,1,540.0
2.0,solar,bus_221,solar_14502,36.3309810416,-114.923046536,115.51494662411372,1274.09,19.972700974607537,35000.0,392252.53,3317.1199651070892,1,540.0
1.0,wind,bus_222,wind_3840,32.91772711277368,-115.08185540278947,380.0147022819963,78.0,29.86654403472681,35000.0,257014.03,13494.356293888508,0,3370.0
1.0,wind,bus_222,wind_3841,32.91772711277368,-114.94380074321053,380.8568589801136,66.0,32.903536507098664,35000.0,317563.62,13922.127475281783,0,3370.0
3.0,wind,bus_222,wind_3867,34.18784684133704,-116.976571399,283.24245294301653,66.0,22.15517101019571,15000.0,550612.56,10357.109068159081,0,3370.0
3.0,wind,bus_222,wind_4614,34.274428058174074,-117.04700127174074,278.75133767007105,228.0,45.46469677479659,15000.0,542013.2,9597.691972840154,0,3370.0
3.0,wind,bus_222,wind_4625,34.361009275011114,-118.24430910833333,346.0467872348756,186.0,40.587012468578514,35000.0,411351.8,5539.314954486427,0,3370.0
1.0,wind,bus_222,wind_5738,33.01659015964737,-114.80574608363158,371.1949329499242,144.0,45.67545565294453,35000.0,185248.53,6033.371193415638,0,3370.0
3.0,wind,bus_222,wind_5759,34.534171708685186,-118.5260285992963,354.7416237628723,246.0,27.70681974270578,15000.0,579130.6,4889.942746873255,0,3370.0
3.0,wind,bus_222,wind_5762,34.534171708685186,-118.31473898107407,339.0984425451164,204.0,38.767218884089594,15000.0,378539.16,11720.692783303672,0,3370.0
1.0,wind,bus_222,wind_6124,33.11545320652105,-116.324347339,369.82305509150075,60.0,52.26981609860366,35000.0,376899.84,13854.580762104344,0,3370.0
2.0,wind,bus_222,wind_6862,35.173489048534485,-114.48490435742858,147.8044116607283,42.0,49.37766374099247,35000.0,362114.1,5022.801101628039,1,3370.0
2.0,wind,bus_222,wind_6864,35.173489048534485,-114.309647486,156.1878027403042,252.0,39.248624139220354,35000.0,454195.8,4487.393906682622,1,3370.0
2.0,wind,bus_222,wind_8004,35.216359122351726,-115.01067497171428,126.47972107681731,222.0,57.02361614208024,15000.0,347759.25,3906.8795749374895,1,3370.0
1.0,wind,bus_222,wind_8011,33.31317930026842,-115.63407404110526,337.0282983994081,228.0,17.733234099813693,15000.0,124354.65,5979.508496701373,0,3370.0
1.0,wind,bus_222,wind_8026,33.31317930026842,-113.701308807,365.5510422961769,126.0,33.18933618191138,35000.0,307217.75,13701.886610865902,0,3370.0
1.0,wind,bus_222,wind_8770,33.412042347142105,-113.9774181261579,345.9508407336645,276.0,40.85052500898017,35000.0,139822.95,4952.446145236453,0,3370.0
1.0,wind,bus_222,wind_8775,33.51090539401579,-116.0482380198421,321.1001573438988,108.0,31.262503103984557,15000.0,240732.22,5543.147302292982,0,3370.0
2.0,wind,bus_222,wind_9542,35.25922919616897,-113.43336312885715,205.5390393624992,228.0,40.26782429171251,15000.0,206109.4,3636.3574772151674,1,3370.0
1.0,wind,bus_222,wind_9546,33.609768440889475,-116.18629267942106,313.4026982658059,258.0,31.322704717256308,35000.0,228112.95,6730.409007429606,0,3370.0
1.0,wind,bus_222,wind_9926,33.609768440889475,-115.7721287006842,305.75324749949027,288.0,29.121414121724055,35000.0,177124.89,5342.027528675423,0,3370.0
3.0,wind,bus_222,wind_10314,34.96707779287037,-118.38516885381482,318.1035944282759,246.0,41.28737036872091,15000.0,469507.75,3910.4721550060904,0,3370.0
3.0,wind,bus_222,wind_11080,35.05365900970741,-117.82172987188889,269.1290233747899,240.0,29.83449048851381,15000.0,473568.0,3140.1317006028785,0,3370.0
3.0,wind,bus_222,wind_11451,35.05365900970741,-117.39915063544444,237.5727809667858,216.0,31.922420034212657,35000.0,286184.66,5037.468664619892,0,3370.0
3.0,wind,bus_222,wind_11462,35.14024022654445,-118.59645847203703,326.4482627711114,72.0,30.90716157998361,15000.0,421182.88,4246.732688971792,0,3370.0
2.0,wind,bus_222,wind_12200,35.47357956525517,-115.44881715028572,96.40300966820658,282.0,35.868914710440556,35000.0,368521.7,3513.425303677313,1,3370.0
3.0,wind,bus_222,wind_12222,35.22682144338148,-118.80774809025925,340.21442767208356,180.0,7.294763642570183,15000.0,448000.2,4639.573607492375,0,3370.0
2.0,wind,bus_222,wind_13347,35.602189786706894,-115.36118871457143,81.28925763487977,240.0,31.74171522120349,35000.0,271069.88,4934.397613384755,1,3370.0
2.0,wind,bus_222,wind_13355,35.602189786706894,-114.66016122885715,98.90481575380576,258.0,46.71920613088312,35000.0,318633.25,4238.3168759567225,1,3370.0
2.0,wind,bus_222,wind_13719,35.602189786706894,-113.696248436,164.7550214355672,270.0,49.6009464184887,15000.0,369154.3,5210.298750561249,1,3370.0
2.0,wind,bus_222,wind_13723,35.602189786706894,-113.34573469314286,192.8438803822629,282.0,46.93785294623239,35000.0,342503.72,4586.018234119997,1,3370.0
2.0,wind,bus_222,wind_14115,35.645059860524135,-113.60862000028573,169.43017014213763,102.0,44.604152879739,35000.0,319696.4,5301.523045267489,1,3370.0
1.0,solar,bus_222,solar_1180,33.609768440889475,-113.9774181261579,325.36089091936236,119.51,20.66093307534744,35000.0,415575.4,10881.386489607035,0,540.0
1.0,solar,bus_222,solar_1938,33.70863148776316,-115.91018336026316,297.0048483929575,413.56,21.006451738438415,35000.0,136194.78,5589.921430933224,0,540.0
1.0,solar,bus_222,solar_2696,33.70863148776316,-114.5296367644737,299.7011602540755,975.34,20.23556579392014,15000.0,326046.84,5842.262500000001,0,540.0
3.0,solar,bus_222,solar_3481,35.31340266021852,-117.54001038092592,232.2585431190506,235.46,20.98557988500825,15000.0,1450488.9,9015.091456745968,0,540.0
3.0,solar,bus_222,solar_3865,35.399983877055554,-117.89215974462962,256.29079533920975,555.68,20.956046218629005,15000.0,748010.2,8326.904253604604,0,540.0
1.0,solar,bus_222,solar_4974,33.90635758151053,-114.39158210489474,281.7180836970362,725.49,20.566563256377396,15000.0,151662.47,5015.97306034038,0,540.0
3.0,solar,bus_222,solar_5002,35.57314631072963,-117.75129999914815,237.00718345848253,321.51,20.805657171461945,15000.0,610527.6,14019.768686868687,0,540.0
2.0,solar,bus_222,solar_6866,35.773670081975865,-113.082849386,207.88435919829823,1975.87,20.3644778352278,15000.0,163287.61,3303.7093581362155,1,540.0
2.0,solar,bus_222,solar_6870,35.816540155793106,-115.27356027885715,57.222783697118494,511.49,20.3885561933549,15000.0,191078.33,4340.889018140537,1,540.0
1.0,solar,bus_222,solar_6877,34.20294672213158,-114.39158210489474,250.29213719493993,243.36,20.323107440582152,35000.0,248843.27,14732.03952695499,0,540.0
1.0,solar,bus_222,solar_7637,34.40067281587895,-116.0482380198421,225.37510972109817,115.64,20.97164538263398,15000.0,329703.16,8637.77394621809,0,540.0
1.0,solar,bus_222,solar_8402,34.59839890962632,-116.18629267942106,209.04631569695255,800.57,20.779362880359272,35000.0,309062.75,5348.813514564577,0,540.0
1.0,solar,bus_222,solar_8406,34.59839890962632,-115.63407404110526,195.15466855458664,381.67,20.52282248996236,35000.0,307217.75,13701.886610865902,0,540.0
3.0,solar,bus_222,solar_8422,36.00605239491482,-118.878177963,324.0783227588041,1534.09,18.4643785313685,15000.0,147581.83,4738.016111105843,0,540.0
1.0,solar,bus_222,solar_8772,34.59839890962632,-115.21991006236843,192.75949481311275,1262.43,20.827260532201606,15000.0,285082.16,4698.472227915261,0,540.0
3.0,solar,bus_222,solar_8801,36.00605239491482,-118.0330194901111,248.83890640621453,1920.94,21.38626932296118,15000.0,166064.89,3150.371663040237,0,540.0
1.0,solar,bus_222,solar_9164,34.6972619565,-115.91018336026316,190.1289118295278,1370.69,20.80076673898595,15000.0,228099.69,4582.887685702328,0,540.0
3.0,solar,bus_222,solar_9554,36.09263361175185,-118.73731821751852,310.37878070474187,2675.24,19.246807189138497,35000.0,439531.4,4826.783703703703,0,540.0
2.0,solar,bus_222,solar_10302,35.94515037724483,-113.95913374314286,126.99638602268212,774.09,20.206921077184717,35000.0,88726.28,5257.520563974944,1,540.0
3.0,solar,bus_222,solar_11083,36.26579604542593,-118.1738792355926,258.51783028386086,562.63,21.704051587967797,15000.0,407670.75,4334.185178850601,0,540.0
2.0,solar,bus_222,solar_11821,36.07376059869655,-115.36118871457143,29.30209850924772,1895.69,20.33245961018209,35000.0,267489.94,4568.217359904856,1,540.0
3.0,solar,bus_222,solar_11837,36.35237726226296,-118.5260285992963,289.819573313954,3199.82,21.280843517492393,35000.0,657265.94,3555.5323979640634,0,540.0
2.0,solar,bus_222,solar_12188,36.07376059869655,-114.48490435742858,77.71217661845385,1034.83,19.649696670386444,35000.0,345709.78,6176.704732336498,1,540.0
3.0,solar,bus_222,solar_12223,36.35237726226296,-117.3287207627037,182.59591457973104,616.44,19.899699049838656,15000.0,431066.34,4162.50411039619,0,540.0
2.0,solar,bus_222,solar_12568,36.11663067251379,-114.74778966457143,54.18053379989587,907.88,19.391389919897858,35000.0,404530.84,7771.421293493865,1,540.0
3.0,solar,bus_222,solar_12591,36.35237726226296,-117.11743114448147,163.67402845189147,1283.28,20.986785155739607,35000.0,243376.78,5059.439440354808,0,540.0
2.0,solar,bus_222,solar_12954,36.159500746331034,-114.13439061457143,105.39009211782528,216.79,19.79746766913336,35000.0,467371.66,9295.096465069715,1,540.0
2.0,solar,bus_222,solar_12977,36.202370820148275,-114.923046536,35.88964282598535,422.82,19.98129969611502,35000.0,365625.44,4648.62371364967,1,540.0
2.0,solar,bus_222,solar_13734,36.28811096778276,-115.01067497171428,25.497026054058097,1435.71,20.022836093802365,35000.0,275067.38,4670.662091503268,1,540.0
2.0,solar,bus_222,solar_14502,36.3309810416,-114.923046536,32.89026528559974,1274.09,19.972700974607537,35000.0,392252.53,3317.1199651070892,1,540.0
1.0,wind,bus_223,wind_3840,32.91772711277368,-115.08185540278947,325.88215869990086,78.0,29.86654403472681,35000.0,257014.03,13494.356293888508,0,3370.0
1.0,wind,bus_223,wind_3841,32.91772711277368,-114.94380074321053,327.74440626858524,66.0,32.903536507098664,35000.0,317563.62,13922.127475281783,0,3370.0
3.0,wind,bus_223,wind_3867,34.18784684133704,-116.976571399,224.30874158400383,66.0,22.15517101019571,15000.0,550612.56,10357.109068159081,0,3370.0
3.0,wind,bus_223,wind_4614,34.274428058174074,-117.04700127174074,220.47024662254807,228.0,45.46469677479659,15000.0,542013.2,9597.691972840154,0,3370.0
3.0,wind,bus_223,wind_4625,34.361009275011114,-118.24430910833333,295.2313646324163,186.0,40.587012468578514,35000.0,411351.8,5539.314954486427,0,3370.0
1.0,wind,bus_223,wind_5738,33.01659015964737,-114.80574608363158,319.31843898771393,144.0,45.67545565294453,35000.0,185248.53,6033.371193415638,0,3370.0
3.0,wind,bus_223,wind_5759,34.534171708685186,-118.5260285992963,307.23620345518526,246.0,27.70681974270578,15000.0,579130.6,4889.942746873255,0,3370.0
3.0,wind,bus_223,wind_5762,34.534171708685186,-118.31473898107407,290.39616413752753,204.0,38.767218884089594,15000.0,378539.16,11720.692783303672,0,3370.0
1.0,wind,bus_223,wind_6124,33.11545320652105,-116.324347339,309.7504783221377,60.0,52.26981609860366,35000.0,376899.84,13854.580762104344,0,3370.0
2.0,wind,bus_223,wind_6862,35.173489048534485,-114.48490435742858,119.57868318696715,42.0,49.37766374099247,35000.0,362114.1,5022.801101628039,1,3370.0
2.0,wind,bus_223,wind_6864,35.173489048534485,-114.309647486,132.55623179981816,252.0,39.248624139220354,35000.0,454195.8,4487.393906682622,1,3370.0
2.0,wind,bus_223,wind_8004,35.216359122351726,-115.01067497171428,82.671867243369,222.0,57.02361614208024,15000.0,347759.25,3906.8795749374895,1,3370.0
1.0,wind,bus_223,wind_8011,33.31317930026842,-115.63407404110526,279.3723979441494,228.0,17.733234099813693,15000.0,124354.65,5979.508496701373,0,3370.0
1.0,wind,bus_223,wind_8026,33.31317930026842,-113.701308807,325.8705477915903,126.0,33.18933618191138,35000.0,307217.75,13701.886610865902,0,3370.0
1.0,wind,bus_223,wind_8770,33.412042347142105,-113.9774181261579,303.80277440422776,276.0,40.85052500898017,35000.0,139822.95,4952.446145236453,0,3370.0
1.0,wind,bus_223,wind_8775,33.51090539401579,-116.0482380198421,261.46533016545146,108.0,31.262503103984557,15000.0,240732.22,5543.147302292982,0,3370.0
2.0,wind,bus_223,wind_9542,35.25922919616897,-113.43336312885715,200.3855884794061,228.0,40.26782429171251,15000.0,206109.4,3636.3574772151674,1,3370.0
1.0,wind,bus_223,wind_9546,33.609768440889475,-116.18629267942106,253.30991963927704,258.0,31.322704717256308,35000.0,228112.95,6730.409007429606,0,3370.0
1.0,wind,bus_223,wind_9926,33.609768440889475,-115.7721287006842,247.1903004448954,288.0,29.121414121724055,35000.0,177124.89,5342.027528675423,0,3370.0
3.0,wind,bus_223,wind_10314,34.96707779287037,-118.38516885381482,275.235814206941,246.0,41.28737036872091,15000.0,469507.75,3910.4721550060904,0,3370.0
3.0,wind,bus_223,wind_11080,35.05365900970741,-117.82172987188889,224.0609142635603,240.0,29.83449048851381,15000.0,473568.0,3140.1317006028785,0,3370.0
3.0,wind,bus_223,wind_11451,35.05365900970741,-117.39915063544444,189.25826190876833,216.0,31.922420034212657,35000.0,286184.66,5037.468664619892,0,3370.0
3.0,wind,bus_223,wind_11462,35.14024022654445,-118.59645847203703,287.3083035240581,72.0,30.90716157998361,15000.0,421182.88,4246.732688971792,0,3370.0
2.0,wind,bus_223,wind_12200,35.47357956525517,-115.44881715028572,39.79940681748008,282.0,35.868914710440556,35000.0,368521.7,3513.425303677313,1,3370.0
3.0,wind,bus_223,wind_12222,35.22682144338148,-118.80774809025925,303.38978854993826,180.0,7.294763642570183,15000.0,448000.2,4639.573607492375,0,3370.0
2.0,wind,bus_223,wind_13347,35.602189786706894,-115.36118871457143,29.33609828114909,240.0,31.74171522120349,35000.0,271069.88,4934.397613384755,1,3370.0
2.0,wind,bus_223,wind_13355,35.602189786706894,-114.66016122885715,82.88154778121877,258.0,46.71920613088312,35000.0,318633.25,4238.3168759567225,1,3370.0
2.0,wind,bus_223,wind_13719,35.602189786706894,-113.696248436,167.96515086464893,270.0,49.6009464184887,15000.0,369154.3,5210.298750561249,1,3370.0
2.0,wind,bus_223,wind_13723,35.602189786706894,-113.34573469314286,199.31963242009311,282.0,46.93785294623239,35000.0,342503.72,4586.018234119997,1,3370.0
2.0,wind,bus_223,wind_14115,35.645059860524135,-113.60862000028573,175.14138634930265,102.0,44.604152879739,35000.0,319696.4,5301.523045267489,1,3370.0
1.0,solar,bus_223,solar_1180,33.609768440889475,-113.9774181261579,284.4945881298392,119.51,20.66093307534744,35000.0,415575.4,10881.386489607035,0,540.0
1.0,solar,bus_223,solar_1938,33.70863148776316,-115.91018336026316,237.72054915960615,413.56,21.006451738438415,35000.0,136194.78,5589.921430933224,0,540.0
1.0,solar,bus_223,solar_2696,33.70863148776316,-114.5296367644737,252.5893173700649,975.34,20.23556579392014,15000.0,326046.84,5842.262500000001,0,540.0
3.0,solar,bus_223,solar_3481,35.31340266021852,-117.54001038092592,189.9110886078875,235.46,20.98557988500825,15000.0,1450488.9,9015.091456745968,0,540.0
3.0,solar,bus_223,solar_3865,35.399983877055554,-117.89215974462962,218.11321748024497,555.68,20.956046218629005,15000.0,748010.2,8326.904253604604,0,540.0
1.0,solar,bus_223,solar_4974,33.90635758151053,-114.39158210489474,237.4701601347017,725.49,20.566563256377396,15000.0,151662.47,5015.97306034038,0,540.0
3.0,solar,bus_223,solar_5002,35.57314631072963,-117.75129999914815,201.94004567194148,321.51,20.805657171461945,15000.0,610527.6,14019.768686868687,0,540.0
2.0,solar,bus_223,solar_6866,35.773670081975865,-113.082849386,221.3491726569395,1975.87,20.3644778352278,15000.0,163287.61,3303.7093581362155,1,540.0
2.0,solar,bus_223,solar_6870,35.816540155793106,-115.27356027885715,23.71841369029189,511.49,20.3885561933549,15000.0,191078.33,4340.889018140537,1,540.0
1.0,solar,bus_223,solar_6877,34.20294672213158,-114.39158210489474,208.26428457779372,243.36,20.323107440582152,35000.0,248843.27,14732.03952695499,0,540.0
1.0,solar,bus_223,solar_7637,34.40067281587895,-116.0482380198421,165.0077238866003,115.64,20.97164538263398,15000.0,329703.16,8637.77394621809,0,540.0
1.0,solar,bus_223,solar_8402,34.59839890962632,-116.18629267942106,148.55366832539465,800.57,20.779362880359272,35000.0,309062.75,5348.813514564577,0,540.0
1.0,solar,bus_223,solar_8406,34.59839890962632,-115.63407404110526,136.60771375687966,381.67,20.52282248996236,35000.0,307217.75,13701.886610865902,0,540.0
3.0,solar,bus_223,solar_8422,36.00605239491482,-118.878177963,301.6029464718114,1534.09,18.4643785313685,15000.0,147581.83,4738.016111105843,0,540.0
1.0,solar,bus_223,solar_8772,34.59839890962632,-115.21991006236843,139.3194185026265,1262.43,20.827260532201606,15000.0,285082.16,4698.472227915261,0,540.0
3.0,solar,bus_223,solar_8801,36.00605239491482,-118.0330194901111,225.72918742115817,1920.94,21.38626932296118,15000.0,166064.89,3150.371663040237,0,540.0
1.0,solar,bus_223,solar_9164,34.6972619565,-115.91018336026316,129.83869455422138,1370.69,20.80076673898595,15000.0,228099.69,4582.887685702328,0,540.0
3.0,solar,bus_223,solar_9554,36.09263361175185,-118.73731821751852,289.6243208411735,2675.24,19.246807189138497,35000.0,439531.4,4826.783703703703,0,540.0
2.0,solar,bus_223,solar_10302,35.94515037724483,-113.95913374314286,142.73167860176534,774.09,20.206921077184717,35000.0,88726.28,5257.520563974944,1,540.0
3.0,solar,bus_223,solar_11083,36.26579604542593,-118.1738792355926,242.14290181675776,562.63,21.704051587967797,15000.0,407670.75,4334.185178850601,0,540.0
2.0,solar,bus_223,solar_11821,36.07376059869655,-115.36118871457143,31.906339504683913,1895.69,20.33245961018209,35000.0,267489.94,4568.217359904856,1,540.0
3.0,solar,bus_223,solar_11837,36.35237726226296,-118.5260285992963,274.965744689716,3199.82,21.280843517492393,35000.0,657265.94,3555.5323979640634,0,540.0
2.0,solar,bus_223,solar_12188,36.07376059869655,-114.48490435742858,98.63473798802094,1034.83,19.649696670386444,35000.0,345709.78,6176.704732336498,1,540.0
3.0,solar,bus_223,solar_12223,36.35237726226296,-117.3287207627037,171.41506711785632,616.44,19.899699049838656,15000.0,431066.34,4162.50411039619,0,540.0
2.0,solar,bus_223,solar_12568,36.11663067251379,-114.74778966457143,78.05997160223599,907.88,19.391389919897858,35000.0,404530.84,7771.421293493865,1,540.0
3.0,solar,bus_223,solar_12591,36.35237726226296,-117.11743114448147,153.7160084765591,1283.28,20.986785155739607,35000.0,243376.78,5059.439440354808,0,540.0
2.0,solar,bus_223,solar_12954,36.159500746331034,-114.13439061457143,131.5282988058332,216.79,19.79746766913336,35000.0,467371.66,9295.096465069715,1,540.0
2.0,solar,bus_223,solar_12977,36.202370820148275,-114.923046536,69.35905580255985,422.82,19.98129969611502,35000.0,365625.44,4648.62371364967,1,540.0
2.0,solar,bus_223,solar_13734,36.28811096778276,-115.01067497171428,69.95056707143243,1435.71,20.022836093802365,35000.0,275067.38,4670.662091503268,1,540.0
2.0,solar,bus_223,solar_14502,36.3309810416,-114.923046536,78.81904306767085,1274.09,19.972700974607537,35000.0,392252.53,3317.1199651070892,1,540.0
1.0,wind,bus_224,wind_3840,32.91772711277368,-115.08185540278947,290.1488726670834,78.0,29.86654403472681,35000.0,257014.03,13494.356293888508,0,3370.0
1.0,wind,bus_224,wind_3841,32.91772711277368,-114.94380074321053,285.87676876127,66.0,32.903536507098664,35000.0,317563.62,13922.127475281783,0,3370.0
3.0,wind,bus_224,wind_3867,34.18784684133704,-116.976571399,304.59177003668225,66.0,22.15517101019571,15000.0,550612.56,10357.109068159081,0,3370.0
3.0,wind,bus_224,wind_4614,34.274428058174074,-117.04700127174074,306.38134993150163,228.0,45.46469677479659,15000.0,542013.2,9597.691972840154,0,3370.0
3.0,wind,bus_224,wind_4625,34.361009275011114,-118.24430910833333,406.21717640703395,186.0,40.587012468578514,35000.0,411351.8,5539.314954486427,0,3370.0
1.0,wind,bus_224,wind_5738,33.01659015964737,-114.80574608363158,271.5498839099831,144.0,45.67545565294453,35000.0,185248.53,6033.371193415638,0,3370.0
3.0,wind,bus_224,wind_5759,34.534171708685186,-118.5260285992963,426.0358425901157,246.0,27.70681974270578,15000.0,579130.6,4889.942746873255,0,3370.0
3.0,wind,bus_224,wind_5762,34.534171708685186,-118.31473898107407,407.25231739023366,204.0,38.767218884089594,15000.0,378539.16,11720.692783303672,0,3370.0
1.0,wind,bus_224,wind_6124,33.11545320652105,-116.324347339,330.617514776567,60.0,52.26981609860366,35000.0,376899.84,13854.580762104344,0,3370.0
2.0,wind,bus_224,wind_6862,35.173489048534485,-114.48490435742858,51.79500957291181,42.0,49.37766374099247,35000.0,362114.1,5022.801101628039,1,3370.0
2.0,wind,bus_224,wind_6864,35.173489048534485,-114.309647486,37.683974907812555,252.0,39.248624139220354,35000.0,454195.8,4487.393906682622,1,3370.0
2.0,wind,bus_224,wind_8004,35.216359122351726,-115.01067497171428,96.60568114752098,222.0,57.02361614208024,15000.0,347759.25,3906.8795749374895,1,3370.0
1.0,wind,bus_224,wind_8011,33.31317930026842,-115.63407404110526,274.28799681732613,228.0,17.733234099813693,15000.0,124354.65,5979.508496701373,0,3370.0
1.0,wind,bus_224,wind_8026,33.31317930026842,-113.701308807,228.4403169163296,126.0,33.18933618191138,35000.0,307217.75,13701.886610865902,0,3370.0
1.0,wind,bus_224,wind_8770,33.412042347142105,-113.9774181261579,216.21261491464537,276.0,40.85052500898017,35000.0,139822.95,4952.446145236453,0,3370.0
1.0,wind,bus_224,wind_8775,33.51090539401579,-116.0482380198421,280.6653929957627,108.0,31.262503103984557,15000.0,240732.22,5543.147302292982,0,3370.0
2.0,wind,bus_224,wind_9542,35.25922919616897,-113.43336312885715,49.01733565723113,228.0,40.26782429171251,15000.0,206109.4,3636.3574772151674,1,3370.0
1.0,wind,bus_224,wind_9546,33.609768440889475,-116.18629267942106,281.6763285647147,258.0,31.322704717256308,35000.0,228112.95,6730.409007429606,0,3370.0
1.0,wind,bus_224,wind_9926,33.609768440889475,-115.7721287006842,255.5299489486463,288.0,29.121414121724055,35000.0,177124.89,5342.027528675423,0,3370.0
3.0,wind,bus_224,wind_10314,34.96707779287037,-118.38516885381482,404.5359483020852,246.0,41.28737036872091,15000.0,469507.75,3910.4721550060904,0,3370.0
3.0,wind,bus_224,wind_11080,35.05365900970741,-117.82172987188889,352.4298732421383,240.0,29.83449048851381,15000.0,473568.0,3140.1317006028785,0,3370.0
3.0,wind,bus_224,wind_11451,35.05365900970741,-117.39915063544444,314.23926542042125,216.0,31.922420034212657,35000.0,286184.66,5037.468664619892,0,3370.0
3.0,wind,bus_224,wind_11462,35.14024022654445,-118.59645847203703,421.65275889937254,72.0,30.90716157998361,15000.0,421182.88,4246.732688971792,0,3370.0
2.0,wind,bus_224,wind_12200,35.47357956525517,-115.44881715028572,135.52160714170478,282.0,35.868914710440556,35000.0,368521.7,3513.425303677313,1,3370.0
3.0,wind,bus_224,wind_12222,35.22682144338148,-118.80774809025925,440.1494473018171,180.0,7.294763642570183,15000.0,448000.2,4639.573607492375,0,3370.0
2.0,wind,bus_224,wind_13347,35.602189786706894,-115.36118871457143,129.7617626780333,240.0,31.74171522120349,35000.0,271069.88,4934.397613384755,1,3370.0
2.0,wind,bus_224,wind_13355,35.602189786706894,-114.66016122885715,69.0159841654502,258.0,46.71920613088312,35000.0,318633.25,4238.3168759567225,1,3370.0
2.0,wind,bus_224,wind_13719,35.602189786706894,-113.696248436,36.30690401058765,270.0,49.6009464184887,15000.0,369154.3,5210.298750561249,1,3370.0
2.0,wind,bus_224,wind_13723,35.602189786706894,-113.34573469314286,61.9915332158031,282.0,46.93785294623239,35000.0,342503.72,4586.018234119997,1,3370.0
2.0,wind,bus_224,wind_14115,35.645059860524135,-113.60862000028573,45.20193774533566,102.0,44.604152879739,35000.0,319696.4,5301.523045267489,1,3370.0
1.0,solar,bus_224,solar_1180,33.609768440889475,-113.9774181261579,194.227111014546,119.51,20.66093307534744,35000.0,415575.4,10881.386489607035,0,540.0
1.0,solar,bus_224,solar_1938,33.70863148776316,-115.91018336026316,255.8728381683985,413.56,21.006451738438415,35000.0,136194.78,5589.921430933224,0,540.0
1.0,solar,bus_224,solar_2696,33.70863148776316,-114.5296367644737,190.50536762618313,975.34,20.23556579392014,15000.0,326046.84,5842.262500000001,0,540.0
3.0,solar,bus_224,solar_3481,35.31340266021852,-117.54001038092592,324.74163314303604,235.46,20.98557988500825,15000.0,1450488.9,9015.091456745968,0,540.0
3.0,solar,bus_224,solar_3865,35.399983877055554,-117.89215974462962,356.48620543413614,555.68,20.956046218629005,15000.0,748010.2,8326.904253604604,0,540.0
1.0,solar,bus_224,solar_4974,33.90635758151053,-114.39158210489474,166.0001174846538,725.49,20.566563256377396,15000.0,151662.47,5015.97306034038,0,540.0
3.0,solar,bus_224,solar_5002,35.57314631072963,-117.75129999914815,344.1599104330563,321.51,20.805657171461945,15000.0,610527.6,14019.768686868687,0,540.0
2.0,solar,bus_224,solar_6866,35.773670081975865,-113.082849386,91.92817373572883,1975.87,20.3644778352278,15000.0,163287.61,3303.7093581362155,1,540.0
2.0,solar,bus_224,solar_6870,35.816540155793106,-115.27356027885715,129.30941624503097,511.49,20.3885561933549,15000.0,191078.33,4340.889018140537,1,540.0
1.0,solar,bus_224,solar_6877,34.20294672213158,-114.39158210489474,134.1750035011251,243.36,20.323107440582152,35000.0,248843.27,14732.03952695499,0,540.0
1.0,solar,bus_224,solar_7637,34.40067281587895,-116.0482380198421,218.10314706182297,115.64,20.97164538263398,15000.0,329703.16,8637.77394621809,0,540.0
1.0,solar,bus_224,solar_8402,34.59839890962632,-116.18629267942106,219.62689948313945,800.57,20.779362880359272,35000.0,309062.75,5348.813514564577,0,540.0
1.0,solar,bus_224,solar_8406,34.59839890962632,-115.63407404110526,174.2429399149014,381.67,20.52282248996236,35000.0,307217.75,13701.886610865902,0,540.0
3.0,solar,bus_224,solar_8422,36.00605239491482,-118.878177963,449.97416041288864,1534.09,18.4643785313685,15000.0,147581.83,4738.016111105843,0,540.0
1.0,solar,bus_224,solar_8772,34.59839890962632,-115.21991006236843,142.39352641301625,1262.43,20.827260532201606,15000.0,285082.16,4698.472227915261,0,540.0
3.0,solar,bus_224,solar_8801,36.00605239491482,-118.0330194901111,374.8498133193322,1920.94,21.38626932296118,15000.0,166064.89,3150.371663040237,0,540.0
1.0,solar,bus_224,solar_9164,34.6972619565,-115.91018336026316,192.08169610331055,1370.69,20.80076673898595,15000.0,228099.69,4582.887685702328,0,540.0
3.0,solar,bus_224,solar_9554,36.09263361175185,-118.73731821751852,438.8860077063797,2675.24,19.246807189138497,35000.0,439531.4,4826.783703703703,0,540.0
2.0,solar,bus_224,solar_10302,35.94515037724483,-113.95913374314286,65.46196157968885,774.09,20.206921077184717,35000.0,88726.28,5257.520563974944,1,540.0
3.0,solar,bus_224,solar_11083,36.26579604542593,-118.1738792355926,393.1440963989468,562.63,21.704051587967797,15000.0,407670.75,4334.185178850601,0,540.0
2.0,solar,bus_224,solar_11821,36.07376059869655,-115.36118871457143,149.5274746149598,1895.69,20.33245961018209,35000.0,267489.94,4568.217359904856,1,540.0
3.0,solar,bus_224,solar_11837,36.35237726226296,-118.5260285992963,426.0804622349991,3199.82,21.280843517492393,35000.0,657265.94,3555.5323979640634,0,540.0
2.0,solar,bus_224,solar_12188,36.07376059869655,-114.48490435742858,92.76651266662871,1034.83,19.649696670386444,35000.0,345709.78,6176.704732336498,1,540.0
3.0,solar,bus_224,solar_12223,36.35237726226296,-117.3287207627037,323.1261816442374,616.44,19.899699049838656,15000.0,431066.34,4162.50411039619,0,540.0
2.0,solar,bus_224,solar_12568,36.11663067251379,-114.74778966457143,110.44294441021876,907.88,19.391389919897858,35000.0,404530.84,7771.421293493865,1,540.0
3.0,solar,bus_224,solar_12591,36.35237726226296,-117.11743114448147,305.3099267743114,1283.28,20.986785155739607,35000.0,243376.78,5059.439440354808,0,540.0
2.0,solar,bus_224,solar_12954,36.159500746331034,-114.13439061457143,90.66845076019356,216.79,19.79746766913336,35000.0,467371.66,9295.096465069715,1,540.0
2.0,solar,bus_224,solar_12977,36.202370820148275,-114.923046536,128.02738583075043,422.82,19.98129969611502,35000.0,365625.44,4648.62371364967,1,540.0
2.0,solar,bus_224,solar_13734,36.28811096778276,-115.01067497171428,140.36110816782488,1435.71,20.022836093802365,35000.0,275067.38,4670.662091503268,1,540.0
2.0,solar,bus_224,solar_14502,36.3309810416,-114.923046536,138.82927926683476,1274.09,19.972700974607537,35000.0,392252.53,3317.1199651070892,1,540.0
1.0,wind,bus_301,wind_3840,32.91772711277368,-115.08185540278947,418.2730529225156,78.0,29.86654403472681,35000.0,257014.03,13494.356293888508,0,3370.0
1.0,wind,bus_301,wind_3841,32.91772711277368,-114.94380074321053,428.8225048395791,66.0,32.903536507098664,35000.0,317563.62,13922.127475281783,0,3370.0
3.0,wind,bus_301,wind_3867,34.18784684133704,-116.976571399,194.03069417405263,66.0,22.15517101019571,15000.0,550612.56,10357.109068159081,1,3370.0
3.0,wind,bus_301,wind_4614,34.274428058174074,-117.04700127174074,183.67862655109604,228.0,45.46469677479659,15000.0,542013.2,9597.691972840154,1,3370.0
3.0,wind,bus_301,wind_4625,34.361009275011114,-118.24430910833333,92.81556200432864,186.0,40.587012468578514,35000.0,411351.8,5539.314954486427,1,3370.0
1.0,wind,bus_301,wind_5738,33.01659015964737,-114.80574608363158,433.481901197462,144.0,45.67545565294453,35000.0,185248.53,6033.371193415638,0,3370.0
3.0,wind,bus_301,wind_5759,34.534171708685186,-118.5260285992963,63.15397964688371,246.0,27.70681974270578,15000.0,579130.6,4889.942746873255,1,3370.0
3.0,wind,bus_301,wind_5762,34.534171708685186,-118.31473898107407,73.50380623403218,204.0,38.767218884089594,15000.0,378539.16,11720.692783303672,1,3370.0
1.0,wind,bus_301,wind_6124,33.11545320652105,-116.324347339,314.7129201964902,60.0,52.26981609860366,35000.0,376899.84,13854.580762104344,0,3370.0
2.0,wind,bus_301,wind_6862,35.173489048534485,-114.48490435742858,394.7080318732598,42.0,49.37766374099247,35000.0,362114.1,5022.801101628039,0,3370.0
2.0,wind,bus_301,wind_6864,35.173489048534485,-114.309647486,410.6362252238557,252.0,39.248624139220354,35000.0,454195.8,4487.393906682622,0,3370.0
2.0,wind,bus_301,wind_8004,35.216359122351726,-115.01067497171428,347.0607974641798,222.0,57.02361614208024,15000.0,347759.25,3906.8795749374895,0,3370.0
1.0,wind,bus_301,wind_8011,33.31317930026842,-115.63407404110526,350.93531068554927,228.0,17.733234099813693,15000.0,124354.65,5979.508496701373,0,3370.0
1.0,wind,bus_301,wind_8026,33.31317930026842,-113.701308807,508.8907543138922,126.0,33.18933618191138,35000.0,307217.75,13701.886610865902,0,3370.0
1.0,wind,bus_301,wind_8770,33.412042347142105,-113.9774181261579,480.9919795032452,276.0,40.85052500898017,35000.0,139822.95,4952.446145236453,0,3370.0
1.0,wind,bus_301,wind_8775,33.51090539401579,-116.0482380198421,306.7955808930705,108.0,31.262503103984557,15000.0,240732.22,5543.147302292982,0,3370.0
2.0,wind,bus_301,wind_9542,35.25922919616897,-113.43336312885715,490.3881486337896,228.0,40.26782429171251,15000.0,206109.4,3636.3574772151674,0,3370.0
1.0,wind,bus_301,wind_9546,33.609768440889475,-116.18629267942106,290.0298084649512,258.0,31.322704717256308,35000.0,228112.95,6730.409007429606,0,3370.0
1.0,wind,bus_301,wind_9926,33.609768440889475,-115.7721287006842,322.4378663625639,288.0,29.121414121724055,35000.0,177124.89,5342.027528675423,0,3370.0
3.0,wind,bus_301,wind_10314,34.96707779287037,-118.38516885381482,40.759181259609214,246.0,41.28737036872091,15000.0,469507.75,3910.4721550060904,1,3370.0
3.0,wind,bus_301,wind_11080,35.05365900970741,-117.82172987188889,91.03452573088516,240.0,29.83449048851381,15000.0,473568.0,3140.1317006028785,1,3370.0
3.0,wind,bus_301,wind_11451,35.05365900970741,-117.39915063544444,129.50010085540998,216.0,31.922420034212657,35000.0,286184.66,5037.468664619892,1,3370.0
3.0,wind,bus_301,wind_11462,35.14024022654445,-118.59645847203703,22.942254731689136,72.0,30.90716157998361,15000.0,421182.88,4246.732688971792,1,3370.0
2.0,wind,bus_301,wind_12200,35.47357956525517,-115.44881715028572,309.8707354375793,282.0,35.868914710440556,35000.0,368521.7,3513.425303677313,0,3370.0
3.0,wind,bus_301,wind_12222,35.22682144338148,-118.80774809025925,19.971211599406157,180.0,7.294763642570183,15000.0,448000.2,4639.573607492375,1,3370.0
2.0,wind,bus_301,wind_13347,35.602189786706894,-115.36118871457143,319.93283881839636,240.0,31.74171522120349,35000.0,271069.88,4934.397613384755,0,3370.0
2.0,wind,bus_301,wind_13355,35.602189786706894,-114.66016122885715,382.5232819406258,258.0,46.71920613088312,35000.0,318633.25,4238.3168759567225,0,3370.0
2.0,wind,bus_301,wind_13719,35.602189786706894,-113.696248436,469.0150594813106,270.0,49.6009464184887,15000.0,369154.3,5210.298750561249,0,3370.0
2.0,wind,bus_301,wind_13723,35.602189786706894,-113.34573469314286,500.5442868788201,282.0,46.93785294623239,35000.0,342503.72,4586.018234119997,0,3370.0
2.0,wind,bus_301,wind_14115,35.645059860524135,-113.60862000028573,477.4091303105659,102.0,44.604152879739,35000.0,319696.4,5301.523045267489,0,3370.0
1.0,solar,bus_301,solar_1180,33.609768440889475,-113.9774181261579,472.6318359020355,119.51,20.66093307534744,35000.0,415575.4,10881.386489607035,0,540.0
1.0,solar,bus_301,solar_1938,33.70863148776316,-115.91018336026316,305.8615938458447,413.56,21.006451738438415,35000.0,136194.78,5589.921430933224,0,540.0
1.0,solar,bus_301,solar_2696,33.70863148776316,-114.5296367644737,421.0498441276361,975.34,20.23556579392014,15000.0,326046.84,5842.262500000001,0,540.0
3.0,solar,bus_301,solar_3481,35.31340266021852,-117.54001038092592,120.1816675842925,235.46,20.98557988500825,15000.0,1450488.9,9015.091456745968,1,540.0
3.0,solar,bus_301,solar_3865,35.399983877055554,-117.89215974462962,93.08991683953684,555.68,20.956046218629005,15000.0,748010.2,8326.904253604604,1,540.0
1.0,solar,bus_301,solar_4974,33.90635758151053,-114.39158210489474,425.40718695445474,725.49,20.566563256377396,15000.0,151662.47,5015.97306034038,0,540.0
3.0,solar,bus_301,solar_5002,35.57314631072963,-117.75129999914815,113.35669297662147,321.51,20.805657171461945,15000.0,610527.6,14019.768686868687,1,540.0
2.0,solar,bus_301,solar_6866,35.773670081975865,-113.082849386,526.2442406154745,1975.87,20.3644778352278,15000.0,163287.61,3303.7093581362155,0,540.0
2.0,solar,bus_301,solar_6870,35.816540155793106,-115.27356027885715,332.6286844063303,511.49,20.3885561933549,15000.0,191078.33,4340.889018140537,0,540.0
1.0,solar,bus_301,solar_6877,34.20294672213158,-114.39158210489474,416.0624355405178,243.36,20.323107440582152,35000.0,248843.27,14732.03952695499,0,540.0
1.0,solar,bus_301,solar_7637,34.40067281587895,-116.0482380198421,263.475313373082,115.64,20.97164538263398,15000.0,329703.16,8637.77394621809,0,540.0
1.0,solar,bus_301,solar_8402,34.59839890962632,-116.18629267942106,245.6936008652707,800.57,20.779362880359272,35000.0,309062.75,5348.813514564577,0,540.0
1.0,solar,bus_301,solar_8406,34.59839890962632,-115.63407404110526,295.2210678628049,381.67,20.52282248996236,35000.0,307217.75,13701.886610865902,0,540.0
3.0,solar,bus_301,solar_8422,36.00605239491482,-118.878177963,106.6992133083593,1534.09,18.4643785313685,15000.0,147581.83,4738.016111105843,1,540.0
1.0,solar,bus_301,solar_8772,34.59839890962632,-115.21991006236843,332.5377794377309,1262.43,20.827260532201606,15000.0,285082.16,4698.472227915261,0,540.0
3.0,solar,bus_301,solar_8801,36.00605239491482,-118.0330194901111,128.2697232816161,1920.94,21.38626932296118,15000.0,166064.89,3150.371663040237,1,540.0
1.0,solar,bus_301,solar_9164,34.6972619565,-115.91018336026316,268.44681488330923,1370.69,20.80076673898595,15000.0,228099.69,4582.887685702328,0,540.0
3.0,solar,bus_301,solar_9554,36.09263361175185,-118.73731821751852,116.4551425490315,2675.24,19.246807189138497,35000.0,439531.4,4826.783703703703,1,540.0
2.0,solar,bus_301,solar_10302,35.94515037724483,-113.95913374314286,451.32973945881855,774.09,20.206921077184717,35000.0,88726.28,5257.520563974944,0,540.0
3.0,solar,bus_301,solar_11083,36.26579604542593,-118.1738792355926,147.56446166749242,562.63,21.704051587967797,15000.0,407670.75,4334.185178850601,1,540.0
2.0,solar,bus_301,solar_11821,36.07376059869655,-115.36118871457143,333.1568995716516,1895.69,20.33245961018209,35000.0,267489.94,4568.217359904856,0,540.0
3.0,solar,bus_301,solar_11837,36.35237726226296,-118.5260285992963,147.52353073249145,3199.82,21.280843517492393,35000.0,657265.94,3555.5323979640634,1,540.0
2.0,solar,bus_301,solar_12188,36.07376059869655,-114.48490435742858,408.5143945197499,1034.83,19.649696670386444,35000.0,345709.78,6176.704732336498,0,540.0
3.0,solar,bus_301,solar_12223,36.35237726226296,-117.3287207627037,198.05189728330117,616.44,19.899699049838656,15000.0,431066.34,4162.50411039619,1,540.0
2.0,solar,bus_301,solar_12568,36.11663067251379,-114.74778966457143,387.08617604392504,907.88,19.391389919897858,35000.0,404530.84,7771.421293493865,0,540.0
3.0,solar,bus_301,solar_12591,36.35237726226296,-117.11743114448147,211.50020201368784,1283.28,20.986785155739607,35000.0,243376.78,5059.439440354808,1,540.0
2.0,solar,bus_301,solar_12954,36.159500746331034,-114.13439061457143,441.392627633396,216.79,19.79746766913336,35000.0,467371.66,9295.096465069715,0,540.0
2.0,solar,bus_301,solar_12977,36.202370820148275,-114.923046536,375.0140096710271,422.82,19.98129969611502,35000.0,365625.44,4648.62371364967,0,540.0
2.0,solar,bus_301,solar_13734,36.28811096778276,-115.01067497171428,370.84854962539936,1435.71,20.022836093802365,35000.0,275067.38,4670.662091503268,0,540.0
2.0,solar,bus_301,solar_14502,36.3309810416,-114.923046536,379.8819460645817,1274.09,19.972700974607537,35000.0,392252.53,3317.1199651070892,0,540.0
1.0,wind,bus_302,wind_3840,32.91772711277368,-115.08185540278947,420.4847464723541,78.0,29.86654403472681,35000.0,257014.03,13494.356293888508,0,3370.0
1.0,wind,bus_302,wind_3841,32.91772711277368,-114.94380074321053,431.0995163496586,66.0,32.903536507098664,35000.0,317563.62,13922.127475281783,0,3370.0
3.0,wind,bus_302,wind_3867,34.18784684133704,-116.976571399,196.54560054315297,66.0,22.15517101019571,15000.0,550612.56,10357.109068159081,1,3370.0
3.0,wind,bus_302,wind_4614,34.274428058174074,-117.04700127174074,186.29344273906145,228.0,45.46469677479659,15000.0,542013.2,9597.691972840154,1,3370.0
3.0,wind,bus_302,wind_4625,34.361009275011114,-118.24430910833333,93.54726157187744,186.0,40.587012468578514,35000.0,411351.8,5539.314954486427,1,3370.0
1.0,wind,bus_302,wind_5738,33.01659015964737,-114.80574608363158,435.8983941999985,144.0,45.67545565294453,35000.0,185248.53,6033.371193415638,0,3370.0
3.0,wind,bus_302,wind_5759,34.534171708685186,-118.5260285992963,63.21780288735363,246.0,27.70681974270578,15000.0,579130.6,4889.942746873255,1,3370.0
3.0,wind,bus_302,wind_5762,34.534171708685186,-118.31473898107407,74.58596179030121,204.0,38.767218884089594,15000.0,378539.16,11720.692783303672,1,3370.0
1.0,wind,bus_302,wind_6124,33.11545320652105,-116.324347339,316.31859885189095,60.0,52.26981609860366,35000.0,376899.84,13854.580762104344,0,3370.0
2.0,wind,bus_302,wind_6862,35.173489048534485,-114.48490435742858,398.7413736461386,42.0,49.37766374099247,35000.0,362114.1,5022.801101628039,0,3370.0
2.0,wind,bus_302,wind_6864,35.173489048534485,-114.309647486,414.66856843285103,252.0,39.248624139220354,35000.0,454195.8,4487.393906682622,0,3370.0
2.0,wind,bus_302,wind_8004,35.216359122351726,-115.01067497171428,351.12153999331326,222.0,57.02361614208024,15000.0,347759.25,3906.8795749374895,0,3370.0
1.0,wind,bus_302,wind_8011,33.31317930026842,-115.63407404110526,353.2154938203023,228.0,17.733234099813693,15000.0,124354.65,5979.508496701373,0,3370.0
1.0,wind,bus_302,wind_8026,33.31317930026842,-113.701308807,511.8718212098913,126.0,33.18933618191138,35000.0,307217.75,13701.886610865902,0,3370.0
1.0,wind,bus_302,wind_8770,33.412042347142105,-113.9774181261579,483.97230019709616,276.0,40.85052500898017,35000.0,139822.95,4952.446145236453,0,3370.0
1.0,wind,bus_302,wind_8775,33.51090539401579,-116.0482380198421,309.0377068931119,108.0,31.262503103984557,15000.0,240732.22,5543.147302292982,0,3370.0
2.0,wind,bus_302,wind_9542,35.25922919616897,-113.43336312885715,494.4507692446493,228.0,40.26782429171251,15000.0,206109.4,3636.3574772151674,0,3370.0
1.0,wind,bus_302,wind_9546,33.609768440889475,-116.18629267942106,292.29641560460743,258.0,31.322704717256308,35000.0,228112.95,6730.409007429606,0,3370.0
1.0,wind,bus_302,wind_9926,33.609768440889475,-115.7721287006842,324.94802655379544,288.0,29.121414121724055,35000.0,177124.89,5342.027528675423,0,3370.0
3.0,wind,bus_302,wind_10314,34.96707779287037,-118.38516885381482,44.24916812232126,246.0,41.28737036872091,15000.0,469507.75,3910.4721550060904,1,3370.0
3.0,wind,bus_302,wind_11080,35.05365900970741,-117.82172987188889,95.00167449296528,240.0,29.83449048851381,15000.0,473568.0,3140.1317006028785,1,3370.0
3.0,wind,bus_302,wind_11451,35.05365900970741,-117.39915063544444,133.4615403958623,216.0,31.922420034212657,35000.0,286184.66,5037.468664619892,1,3370.0
3.0,wind,bus_302,wind_11462,35.14024022654445,-118.59645847203703,27.32888986425399,72.0,30.90716157998361,15000.0,421182.88,4246.732688971792,1,3370.0
2.0,wind,bus_302,wind_12200,35.47357956525517,-115.44881715028572,314.07287332271756,282.0,35.868914710440556,35000.0,368521.7,3513.425303677313,0,3370.0
3.0,wind,bus_302,wind_12222,35.22682144338148,-118.80774809025925,22.500231377983862,180.0,7.294763642570183,15000.0,448000.2,4639.573607492375,1,3370.0
2.0,wind,bus_302,wind_13347,35.602189786706894,-115.36118871457143,324.1826377742274,240.0,31.74171522120349,35000.0,271069.88,4934.397613384755,0,3370.0
2.0,wind,bus_302,wind_13355,35.602189786706894,-114.66016122885715,386.7402050773233,258.0,46.71920613088312,35000.0,318633.25,4238.3168759567225,0,3370.0
2.0,wind,bus_302,wind_13719,35.602189786706894,-113.696248436,473.19995448808817,270.0,49.6009464184887,15000.0,369154.3,5210.298750561249,0,3370.0
2.0,wind,bus_302,wind_13723,35.602189786706894,-113.34573469314286,504.7203486194136,282.0,46.93785294623239,35000.0,342503.72,4586.018234119997,0,3370.0
2.0,wind,bus_302,wind_14115,35.645059860524135,-113.60862000028573,481.6045797075763,102.0,44.604152879739,35000.0,319696.4,5301.523045267489,0,3370.0
1.0,solar,bus_302,solar_1180,33.609768440889475,-113.9774181261579,475.7465731052427,119.51,20.66093307534744,35000.0,415575.4,10881.386489607035,0,540.0
1.0,solar,bus_302,solar_1938,33.70863148776316,-115.91018336026316,308.4075795918989,413.56,21.006451738438415,35000.0,136194.78,5589.921430933224,0,540.0
1.0,solar,bus_302,solar_2696,33.70863148776316,-114.5296367644737,424.1065573084248,975.34,20.23556579392014,15000.0,326046.84,5842.262500000001,0,540.0
3.0,solar,bus_302,solar_3481,35.31340266021852,-117.54001038092592,124.47655896000212,235.46,20.98557988500825,15000.0,1450488.9,9015.091456745968,1,540.0
3.0,solar,bus_302,solar_3865,35.399983877055554,-117.89215974462962,97.47533005190915,555.68,20.956046218629005,15000.0,748010.2,8326.904253604604,1,540.0
1.0,solar,bus_302,solar_4974,33.90635758151053,-114.39158210489474,428.6440050417283,725.49,20.566563256377396,15000.0,151662.47,5015.97306034038,0,540.0
3.0,solar,bus_302,solar_5002,35.57314631072963,-117.75129999914815,117.72862995053752,321.51,20.805657171461945,15000.0,610527.6,14019.768686868687,1,540.0
2.0,solar,bus_302,solar_6866,35.773670081975865,-113.082849386,530.4607278506886,1975.87,20.3644778352278,15000.0,163287.61,3303.7093581362155,0,540.0
2.0,solar,bus_302,solar_6870,35.816540155793106,-115.27356027885715,336.9409127515254,511.49,20.3885561933549,15000.0,191078.33,4340.889018140537,0,540.0
1.0,solar,bus_302,solar_6877,34.20294672213158,-114.39158210489474,419.5120699556032,243.36,20.323107440582152,35000.0,248843.27,14732.03952695499,0,540.0
1.0,solar,bus_302,solar_7637,34.40067281587895,-116.0482380198421,266.77117880378177,115.64,20.97164538263398,15000.0,329703.16,8637.77394621809,0,540.0
1.0,solar,bus_302,solar_8402,34.59839890962632,-116.18629267942106,249.1866286220639,800.57,20.779362880359272,35000.0,309062.75,5348.813514564577,0,540.0
1.0,solar,bus_302,solar_8406,34.59839890962632,-115.63407404110526,298.80824402909633,381.67,20.52282248996236,35000.0,307217.75,13701.886610865902,0,540.0
3.0,solar,bus_302,solar_8422,36.00605239491482,-118.878177963,108.54578530765669,1534.09,18.4643785313685,15000.0,147581.83,4738.016111105843,1,540.0
1.0,solar,bus_302,solar_8772,34.59839890962632,-115.21991006236843,336.1764840458077,1262.43,20.827260532201606,15000.0,285082.16,4698.472227915261,0,540.0
3.0,solar,bus_302,solar_8801,36.00605239491482,-118.0330194901111,132.09207983445947,1920.94,21.38626932296118,15000.0,166064.89,3150.371663040237,1,540.0
1.0,solar,bus_302,solar_9164,34.6972619565,-115.91018336026316,272.09177873320755,1370.69,20.80076673898595,15000.0,228099.69,4582.887685702328,0,540.0
3.0,solar,bus_302,solar_9554,36.09263361175185,-118.73731821751852,118.72829968523185,2675.24,19.246807189138497,35000.0,439531.4,4826.783703703703,1,540.0
2.0,solar,bus_302,solar_10302,35.94515037724483,-113.95913374314286,455.6153941375815,774.09,20.206921077184717,35000.0,88726.28,5257.520563974944,0,540.0
3.0,solar,bus_302,solar_11083,36.26579604542593,-118.1738792355926,150.93859000630755,562.63,21.704051587967797,15000.0,407670.75,4334.185178850601,1,540.0
2.0,solar,bus_302,solar_11821,36.07376059869655,-115.36118871457143,337.52341320828697,1895.69,20.33245961018209,35000.0,267489.94,4568.217359904856,0,540.0
3.0,solar,bus_302,solar_11837,36.35237726226296,-118.5260285992963,150.19834309914893,3199.82,21.280843517492393,35000.0,657265.94,3555.5323979640634,1,540.0
2.0,solar,bus_302,solar_12188,36.07376059869655,-114.48490435742858,412.84659824954355,1034.83,19.649696670386444,35000.0,345709.78,6176.704732336498,0,540.0
3.0,solar,bus_302,solar_12223,36.35237726226296,-117.3287207627037,202.15392928649896,616.44,19.899699049838656,15000.0,431066.34,4162.50411039619,1,540.0
2.0,solar,bus_302,solar_12568,36.11663067251379,-114.74778966457143,391.43575985382785,907.88,19.391389919897858,35000.0,404530.84,7771.421293493865,0,540.0
3.0,solar,bus_302,solar_12591,36.35237726226296,-117.11743114448147,215.69348932761437,1283.28,20.986785155739607,35000.0,243376.78,5059.439440354808,1,540.0
2.0,solar,bus_302,solar_12954,36.159500746331034,-114.13439061457143,445.7265605295342,216.79,19.79746766913336,35000.0,467371.66,9295.096465069715,0,540.0
2.0,solar,bus_302,solar_12977,36.202370820148275,-114.923046536,379.3813707426713,422.82,19.98129969611502,35000.0,365625.44,4648.62371364967,0,540.0
2.0,solar,bus_302,solar_13734,36.28811096778276,-115.01067497171428,375.2265600408454,1435.71,20.022836093802365,35000.0,275067.38,4670.662091503268,0,540.0
2.0,solar,bus_302,solar_14502,36.3309810416,-114.923046536,384.26112667758343,1274.09,19.972700974607537,35000.0,392252.53,3317.1199651070892,0,540.0
1.0,wind,bus_303,wind_3840,32.91772711277368,-115.08185540278947,373.8859174357777,78.0,29.86654403472681,35000.0,257014.03,13494.356293888508,0,3370.0
1.0,wind,bus_303,wind_3841,32.91772711277368,-114.94380074321053,383.2587787622705,66.0,32.903536507098664,35000.0,317563.62,13922.127475281783,0,3370.0
3.0,wind,bus_303,wind_3867,34.18784684133704,-116.976571399,150.4078509589807,66.0,22.15517101019571,15000.0,550612.56,10357.109068159081,1,3370.0
3.0,wind,bus_303,wind_4614,34.274428058174074,-117.04700127174074,138.8797172504762,228.0,45.46469677479659,15000.0,542013.2,9597.691972840154,1,3370.0
3.0,wind,bus_303,wind_4625,34.361009275011114,-118.24430910833333,96.99051188671784,186.0,40.587012468578514,35000.0,411351.8,5539.314954486427,1,3370.0
1.0,wind,bus_303,wind_5738,33.01659015964737,-114.80574608363158,385.62154202744375,144.0,45.67545565294453,35000.0,185248.53,6033.371193415638,0,3370.0
3.0,wind,bus_303,wind_5759,34.534171708685186,-118.5260285992963,87.81343772688415,246.0,27.70681974270578,15000.0,579130.6,4889.942746873255,1,3370.0
3.0,wind,bus_303,wind_5762,34.534171708685186,-118.31473898107407,79.91289770581253,204.0,38.767218884089594,15000.0,378539.16,11720.692783303672,1,3370.0
1.0,wind,bus_303,wind_6124,33.11545320652105,-116.324347339,282.217264108436,60.0,52.26981609860366,35000.0,376899.84,13854.580762104344,0,3370.0
2.0,wind,bus_303,wind_6862,35.173489048534485,-114.48490435742858,323.38462325170167,42.0,49.37766374099247,35000.0,362114.1,5022.801101628039,0,3370.0
2.0,wind,bus_303,wind_6864,35.173489048534485,-114.309647486,339.3053345950648,252.0,39.248624139220354,35000.0,454195.8,4487.393906682622,0,3370.0
2.0,wind,bus_303,wind_8004,35.216359122351726,-115.01067497171428,275.5060066142386,222.0,57.02361614208024,15000.0,347759.25,3906.8795749374895,0,3370.0
1.0,wind,bus_303,wind_8011,33.31317930026842,-115.63407404110526,306.3567420037602,228.0,17.733234099813693,15000.0,124354.65,5979.508496701373,0,3370.0
1.0,wind,bus_303,wind_8026,33.31317930026842,-113.701308807,451.6736583664905,126.0,33.18933618191138,35000.0,307217.75,13701.886610865902,0,3370.0
1.0,wind,bus_303,wind_8770,33.412042347142105,-113.9774181261579,423.9307028546706,276.0,40.85052500898017,35000.0,139822.95,4952.446145236453,0,3370.0
1.0,wind,bus_303,wind_8775,33.51090539401579,-116.0482380198421,263.7185348039773,108.0,31.262503103984557,15000.0,240732.22,5543.147302292982,0,3370.0
2.0,wind,bus_303,wind_9542,35.25922919616897,-113.43336312885715,418.68244201101135,228.0,40.26782429171251,15000.0,206109.4,3636.3574772151674,0,3370.0
1.0,wind,bus_303,wind_9546,33.609768440889475,-116.18629267942106,246.9461662339945,258.0,31.322704717256308,35000.0,228112.95,6730.409007429606,0,3370.0
1.0,wind,bus_303,wind_9926,33.609768440889475,-115.7721287006842,274.53307004903405,288.0,29.121414121724055,35000.0,177124.89,5342.027528675423,0,3370.0
3.0,wind,bus_303,wind_10314,34.96707779287037,-118.38516885381482,41.73360950589943,246.0,41.28737036872091,15000.0,469507.75,3910.4721550060904,1,3370.0
3.0,wind,bus_303,wind_11080,35.05365900970741,-117.82172987188889,27.183621073622344,240.0,29.83449048851381,15000.0,473568.0,3140.1317006028785,1,3370.0
3.0,wind,bus_303,wind_11451,35.05365900970741,-117.39915063544444,61.36603253935583,216.0,31.922420034212657,35000.0,286184.66,5037.468664619892,1,3370.0
3.0,wind,bus_303,wind_11462,35.14024022654445,-118.59645847203703,50.98140620725635,72.0,30.90716157998361,15000.0,421182.88,4246.732688971792,1,3370.0
2.0,wind,bus_303,wind_12200,35.47357956525517,-115.44881715028572,237.04891961938003,282.0,35.868914710440556,35000.0,368521.7,3513.425303677313,0,3370.0
3.0,wind,bus_303,wind_12222,35.22682144338148,-118.80774809025925,69.42538080347859,180.0,7.294763642570183,15000.0,448000.2,4639.573607492375,1,3370.0
2.0,wind,bus_303,wind_13347,35.602189786706894,-115.36118871457143,246.81977393787164,240.0,31.74171522120349,35000.0,271069.88,4934.397613384755,0,3370.0
2.0,wind,bus_303,wind_13355,35.602189786706894,-114.66016122885715,309.5787033122056,258.0,46.71920613088312,35000.0,318633.25,4238.3168759567225,0,3370.0
2.0,wind,bus_303,wind_13719,35.602189786706894,-113.696248436,396.2642133098108,270.0,49.6009464184887,15000.0,369154.3,5210.298750561249,0,3370.0
2.0,wind,bus_303,wind_13723,35.602189786706894,-113.34573469314286,427.8499521840697,282.0,46.93785294623239,35000.0,342503.72,4586.018234119997,0,3370.0
2.0,wind,bus_303,wind_14115,35.645059860524135,-113.60862000028573,404.5838180026695,102.0,44.604152879739,35000.0,319696.4,5301.523045267489,0,3370.0
1.0,solar,bus_303,solar_1180,33.609768440889475,-113.9774181261579,413.5814119518003,119.51,20.66093307534744,35000.0,415575.4,10881.386489607035,0,540.0
1.0,solar,bus_303,solar_1938,33.70863148776316,-115.91018336026316,257.6782900071449,413.56,21.006451738438415,35000.0,136194.78,5589.921430933224,0,540.0
1.0,solar,bus_303,solar_2696,33.70863148776316,-114.5296367644737,363.19242373073337,975.34,20.23556579392014,15000.0,326046.84,5842.262500000001,0,540.0
3.0,solar,bus_303,solar_3481,35.31340266021852,-117.54001038092592,46.94202908523776,235.46,20.98557988500825,15000.0,1450488.9,9015.091456745968,1,540.0
3.0,solar,bus_303,solar_3865,35.399983877055554,-117.89215974462962,24.500105036719916,555.68,20.956046218629005,15000.0,748010.2,8326.904253604604,1,540.0
1.0,solar,bus_303,solar_4974,33.90635758151053,-114.39158210489474,364.7800908414104,725.49,20.566563256377396,15000.0,151662.47,5015.97306034038,0,540.0
3.0,solar,bus_303,solar_5002,35.57314631072963,-117.75129999914815,47.59472402995305,321.51,20.805657171461945,15000.0,610527.6,14019.768686868687,1,540.0
2.0,solar,bus_303,solar_6866,35.773670081975865,-113.082849386,453.2807250208074,1975.87,20.3644778352278,15000.0,163287.61,3303.7093581362155,0,540.0
2.0,solar,bus_303,solar_6870,35.816540155793106,-115.27356027885715,259.3876840748067,511.49,20.3885561933549,15000.0,191078.33,4340.889018140537,0,540.0
1.0,solar,bus_303,solar_6877,34.20294672213158,-114.39158210489474,352.33662640227067,243.36,20.323107440582152,35000.0,248843.27,14732.03952695499,0,540.0
1.0,solar,bus_303,solar_7637,34.40067281587895,-116.0482380198421,203.5504334163696,115.64,20.97164538263398,15000.0,329703.16,8637.77394621809,0,540.0
1.0,solar,bus_303,solar_8402,34.59839890962632,-116.18629267942106,182.81356325841992,800.57,20.779362880359272,35000.0,309062.75,5348.813514564577,0,540.0
1.0,solar,bus_303,solar_8406,34.59839890962632,-115.63407404110526,230.24098505708312,381.67,20.52282248996236,35000.0,307217.75,13701.886610865902,0,540.0
3.0,solar,bus_303,solar_8422,36.00605239491482,-118.878177963,115.6715110718608,1534.09,18.4643785313685,15000.0,147581.83,4738.016111105843,1,540.0
1.0,solar,bus_303,solar_8772,34.59839890962632,-115.21991006236843,266.51562077161566,1262.43,20.827260532201606,15000.0,285082.16,4698.472227915261,0,540.0
3.0,solar,bus_303,solar_8801,36.00605239491482,-118.0330194901111,87.68346411424568,1920.94,21.38626932296118,15000.0,166064.89,3150.371663040237,1,540.0
1.0,solar,bus_303,solar_9164,34.6972619565,-115.91018336026316,202.83976813544956,1370.69,20.80076673898595,15000.0,228099.69,4582.887685702328,0,540.0
3.0,solar,bus_303,solar_9554,36.09263361175185,-118.73731821751852,115.74649093816862,2675.24,19.246807189138497,35000.0,439531.4,4826.783703703703,1,540.0
2.0,solar,bus_303,solar_10302,35.94515037724483,-113.95913374314286,378.0940630068722,774.09,20.206921077184717,35000.0,88726.28,5257.520563974944,0,540.0
3.0,solar,bus_303,solar_11083,36.26579604542593,-118.1738792355926,117.15242631886036,562.63,21.704051587967797,15000.0,407670.75,4334.185178850601,1,540.0
2.0,solar,bus_303,solar_11821,36.07376059869655,-115.36118871457143,260.3968898012546,1895.69,20.33245961018209,35000.0,267489.94,4568.217359904856,0,540.0
3.0,solar,bus_303,solar_11837,36.35237726226296,-118.5260285992963,133.4814783673749,3199.82,21.280843517492393,35000.0,657265.94,3555.5323979640634,1,540.0
2.0,solar,bus_303,solar_12188,36.07376059869655,-114.48490435742858,335.33714338468064,1034.83,19.649696670386444,35000.0,345709.78,6176.704732336498,0,540.0
3.0,solar,bus_303,solar_12223,36.35237726226296,-117.3287207627037,141.70628294267385,616.44,19.899699049838656,15000.0,431066.34,4162.50411039619,1,540.0
2.0,solar,bus_303,solar_12568,36.11663067251379,-114.74778966457143,314.04481072491416,907.88,19.391389919897858,35000.0,404530.84,7771.421293493865,0,540.0
3.0,solar,bus_303,solar_12591,36.35237726226296,-117.11743114448147,151.3323952864388,1283.28,20.986785155739607,35000.0,243376.78,5059.439440354808,1,540.0
2.0,solar,bus_303,solar_12954,36.159500746331034,-114.13439061457143,368.22368714433054,216.79,19.79746766913336,35000.0,467371.66,9295.096465069715,0,540.0
2.0,solar,bus_303,solar_12977,36.202370820148275,-114.923046536,302.25901378599855,422.82,19.98129969611502,35000.0,365625.44,4648.62371364967,0,540.0
2.0,solar,bus_303,solar_13734,36.28811096778276,-115.01067497171428,298.4347310120221,1435.71,20.022836093802365,35000.0,275067.38,4670.662091503268,0,540.0
2.0,solar,bus_303,solar_14502,36.3309810416,-114.923046536,307.51843769090095,1274.09,19.972700974607537,35000.0,392252.53,3317.1199651070892,0,540.0
1.0,wind,bus_304,wind_3840,32.91772711277368,-115.08185540278947,373.9964200883981,78.0,29.86654403472681,35000.0,257014.03,13494.356293888508,0,3370.0
1.0,wind,bus_304,wind_3841,32.91772711277368,-114.94380074321053,385.0269223595606,66.0,32.903536507098664,35000.0,317563.62,13922.127475281783,0,3370.0
3.0,wind,bus_304,wind_3867,34.18784684133704,-116.976571399,153.7384685526754,66.0,22.15517101019571,15000.0,550612.56,10357.109068159081,1,3370.0
3.0,wind,bus_304,wind_4614,34.274428058174074,-117.04700127174074,144.62926845053005,228.0,45.46469677479659,15000.0,542013.2,9597.691972840154,1,3370.0
3.0,wind,bus_304,wind_4625,34.361009275011114,-118.24430910833333,42.00830212100056,186.0,40.587012468578514,35000.0,411351.8,5539.314954486427,1,3370.0
1.0,wind,bus_304,wind_5738,33.01659015964737,-114.80574608363158,390.8148418849046,144.0,45.67545565294453,35000.0,185248.53,6033.371193415638,0,3370.0
3.0,wind,bus_304,wind_5759,34.534171708685186,-118.5260285992963,11.418131599360043,246.0,27.70681974270578,15000.0,579130.6,4889.942746873255,1,3370.0
3.0,wind,bus_304,wind_5762,34.534171708685186,-118.31473898107407,25.24943489054888,204.0,38.767218884089594,15000.0,378539.16,11720.692783303672,1,3370.0
1.0,wind,bus_304,wind_6124,33.11545320652105,-116.324347339,266.7770085930744,60.0,52.26981609860366,35000.0,376899.84,13854.580762104344,0,3370.0
2.0,wind,bus_304,wind_6862,35.173489048534485,-114.48490435742858,376.7612617365678,42.0,49.37766374099247,35000.0,362114.1,5022.801101628039,0,3370.0
2.0,wind,bus_304,wind_6864,35.173489048534485,-114.309647486,392.54297175026295,252.0,39.248624139220354,35000.0,454195.8,4487.393906682622,0,3370.0
2.0,wind,bus_304,wind_8004,35.216359122351726,-115.01067497171428,330.34909897134855,222.0,57.02361614208024,15000.0,347759.25,3906.8795749374895,0,3370.0
1.0,wind,bus_304,wind_8011,33.31317930026842,-115.63407404110526,307.3644500893106,228.0,17.733234099813693,15000.0,124354.65,5979.508496701373,0,3370.0
1.0,wind,bus_304,wind_8026,33.31317930026842,-113.701308807,471.6853264145997,126.0,33.18933618191138,35000.0,307217.75,13701.886610865902,0,3370.0
1.0,wind,bus_304,wind_8770,33.412042347142105,-113.9774181261579,443.85166871416806,276.0,40.85052500898017,35000.0,139822.95,4952.446145236453,0,3370.0
1.0,wind,bus_304,wind_8775,33.51090539401579,-116.0482380198421,263.08201051341615,108.0,31.262503103984557,15000.0,240732.22,5543.147302292982,0,3370.0
2.0,wind,bus_304,wind_9542,35.25922919616897,-113.43336312885715,472.71408724792434,228.0,40.26782429171251,15000.0,206109.4,3636.3574772151674,0,3370.0
1.0,wind,bus_304,wind_9546,33.609768440889475,-116.18629267942106,246.59125593963452,258.0,31.322704717256308,35000.0,228112.95,6730.409007429606,0,3370.0
1.0,wind,bus_304,wind_9926,33.609768440889475,-115.7721287006842,280.96998846069624,288.0,29.121414121724055,35000.0,177124.89,5342.027528675423,0,3370.0
3.0,wind,bus_304,wind_10314,34.96707779287037,-118.38516885381482,40.65540662522914,246.0,41.28737036872091,15000.0,469507.75,3910.4721550060904,1,3370.0
3.0,wind,bus_304,wind_11080,35.05365900970741,-117.82172987188889,82.34585103529933,240.0,29.83449048851381,15000.0,473568.0,3140.1317006028785,1,3370.0
3.0,wind,bus_304,wind_11451,35.05365900970741,-117.39915063544444,116.14508119158432,216.0,31.922420034212657,35000.0,286184.66,5037.468664619892,1,3370.0
3.0,wind,bus_304,wind_11462,35.14024022654445,-118.59645847203703,56.58306584095917,72.0,30.90716157998361,15000.0,421182.88,4246.732688971792,1,3370.0
2.0,wind,bus_304,wind_12200,35.47357956525517,-115.44881715028572,298.5509712445227,282.0,35.868914710440556,35000.0,368521.7,3513.425303677313,0,3370.0
3.0,wind,bus_304,wind_12222,35.22682144338148,-118.80774809025925,69.77642196367493,180.0,7.294763642570183,15000.0,448000.2,4639.573607492375,1,3370.0
2.0,wind,bus_304,wind_13347,35.602189786706894,-115.36118871457143,310.58664703150976,240.0,31.74171522120349,35000.0,271069.88,4934.397613384755,0,3370.0
2.0,wind,bus_304,wind_13355,35.602189786706894,-114.66016122885715,371.0293058089688,258.0,46.71920613088312,35000.0,318633.25,4238.3168759567225,0,3370.0
2.0,wind,bus_304,wind_13719,35.602189786706894,-113.696248436,455.605170724224,270.0,49.6009464184887,15000.0,369154.3,5210.298750561249,0,3370.0
2.0,wind,bus_304,wind_13723,35.602189786706894,-113.34573469314286,486.6273340663111,282.0,46.93785294623239,35000.0,342503.72,4586.018234119997,0,3370.0
2.0,wind,bus_304,wind_14115,35.645059860524135,-113.60862000028573,464.36667403217746,102.0,44.604152879739,35000.0,319696.4,5301.523045267489,0,3370.0
1.0,solar,bus_304,solar_1180,33.609768440889475,-113.9774181261579,437.1618201982258,119.51,20.66093307534744,35000.0,415575.4,10881.386489607035,0,540.0
1.0,solar,bus_304,solar_1938,33.70863148776316,-115.91018336026316,264.81703073892885,413.56,21.006451738438415,35000.0,136194.78,5589.921430933224,0,540.0
1.0,solar,bus_304,solar_2696,33.70863148776316,-114.5296367644737,385.0323229198517,975.34,20.23556579392014,15000.0,326046.84,5842.262500000001,0,540.0
3.0,solar,bus_304,solar_3481,35.31340266021852,-117.54001038092592,120.15472914713442,235.46,20.98557988500825,15000.0,1450488.9,9015.091456745968,1,540.0
3.0,solar,bus_304,solar_3865,35.399983877055554,-117.89215974462962,105.02049972760132,555.68,20.956046218629005,15000.0,748010.2,8326.904253604604,1,540.0
1.0,solar,bus_304,solar_4974,33.90635758151053,-114.39158210489474,391.7409001389788,725.49,20.566563256377396,15000.0,151662.47,5015.97306034038,0,540.0
3.0,solar,bus_304,solar_5002,35.57314631072963,-117.75129999914815,128.10038706718106,321.51,20.805657171461945,15000.0,610527.6,14019.768686868687,1,540.0
2.0,solar,bus_304,solar_6866,35.773670081975865,-113.082849386,513.8180067485943,1975.87,20.3644778352278,15000.0,163287.61,3303.7093581362155,0,540.0
2.0,solar,bus_304,solar_6870,35.816540155793106,-115.27356027885715,326.5598077724093,511.49,20.3885561933549,15000.0,191078.33,4340.889018140537,0,540.0
1.0,solar,bus_304,solar_6877,34.20294672213158,-114.39158210489474,385.62924039483346,243.36,20.323107440582152,35000.0,248843.27,14732.03952695499,0,540.0
1.0,solar,bus_304,solar_7637,34.40067281587895,-116.0482380198421,231.8836261353755,115.64,20.97164538263398,15000.0,329703.16,8637.77394621809,0,540.0
1.0,solar,bus_304,solar_8402,34.59839890962632,-116.18629267942106,217.5775040849932,800.57,20.779362880359272,35000.0,309062.75,5348.813514564577,0,540.0
1.0,solar,bus_304,solar_8406,34.59839890962632,-115.63407404110526,268.1015471761236,381.67,20.52282248996236,35000.0,307217.75,13701.886610865902,0,540.0
3.0,solar,bus_304,solar_8422,36.00605239491482,-118.878177963,155.42054390366457,1534.09,18.4643785313685,15000.0,147581.83,4738.016111105843,1,540.0
1.0,solar,bus_304,solar_8772,34.59839890962632,-115.21991006236843,305.9945987739921,1262.43,20.827260532201606,15000.0,285082.16,4698.472227915261,0,540.0
3.0,solar,bus_304,solar_8801,36.00605239491482,-118.0330194901111,160.18087732845868,1920.94,21.38626932296118,15000.0,166064.89,3150.371663040237,1,540.0
1.0,solar,bus_304,solar_9164,34.6972619565,-115.91018336026316,242.7739871156134,1370.69,20.80076673898595,15000.0,228099.69,4582.887685702328,0,540.0
3.0,solar,bus_304,solar_9554,36.09263361175185,-118.73731821751852,163.16710536926627,2675.24,19.246807189138497,35000.0,439531.4,4826.783703703703,1,540.0
2.0,solar,bus_304,solar_10302,35.94515037724483,-113.95913374314286,442.6279747497813,774.09,20.206921077184717,35000.0,88726.28,5257.520563974944,0,540.0
3.0,solar,bus_304,solar_11083,36.26579604542593,-118.1738792355926,185.05718461554736,562.63,21.704051587967797,15000.0,407670.75,4334.185178850601,1,540.0
2.0,solar,bus_304,solar_11821,36.07376059869655,-115.36118871457143,331.705087873491,1895.69,20.33245961018209,35000.0,267489.94,4568.217359904856,0,540.0
3.0,solar,bus_304,solar_11837,36.35237726226296,-118.5260285992963,191.3172654647988,3199.82,21.280843517492393,35000.0,657265.94,3555.5323979640634,1,540.0
2.0,solar,bus_304,solar_12188,36.07376059869655,-114.48490435742858,403.0958836983382,1034.83,19.649696670386444,35000.0,345709.78,6176.704732336498,0,540.0
3.0,solar,bus_304,solar_12223,36.35237726226296,-117.3287207627037,221.55562762795947,616.44,19.899699049838656,15000.0,431066.34,4162.50411039619,1,540.0
2.0,solar,bus_304,solar_12568,36.11663067251379,-114.74778966457143,383.2886838696511,907.88,19.391389919897858,35000.0,404530.84,7771.421293493865,0,540.0
3.0,solar,bus_304,solar_12591,36.35237726226296,-117.11743114448147,231.7950130955079,1283.28,20.986785155739607,35000.0,243376.78,5059.439440354808,1,540.0
2.0,solar,bus_304,solar_12954,36.159500746331034,-114.13439061457143,435.8630558548527,216.79,19.79746766913336,35000.0,467371.66,9295.096465069715,0,540.0
2.0,solar,bus_304,solar_12977,36.202370820148275,-114.923046536,373.21949015622306,422.82,19.98129969611502,35000.0,365625.44,4648.62371364967,0,540.0
2.0,solar,bus_304,solar_13734,36.28811096778276,-115.01067497171428,370.71083849296326,1435.71,20.022836093802365,35000.0,275067.38,4670.662091503268,0,540.0
2.0,solar,bus_304,solar_14502,36.3309810416,-114.923046536,379.8875941218563,1274.09,19.972700974607537,35000.0,392252.53,3317.1199651070892,0,540.0
1.0,wind,bus_305,wind_3840,32.91772711277368,-115.08185540278947,383.9585292107158,78.0,29.86654403472681,35000.0,257014.03,13494.356293888508,0,3370.0
1.0,wind,bus_305,wind_3841,32.91772711277368,-114.94380074321053,394.52206143413497,66.0,32.903536507098664,35000.0,317563.62,13922.127475281783,0,3370.0
3.0,wind,bus_305,wind_3867,34.18784684133704,-116.976571399,159.88262430470542,66.0,22.15517101019571,15000.0,550612.56,10357.109068159081,1,3370.0
3.0,wind,bus_305,wind_4614,34.274428058174074,-117.04700127174074,149.6541671934589,228.0,45.46469677479659,15000.0,542013.2,9597.691972840154,1,3370.0
3.0,wind,bus_305,wind_4625,34.361009275011114,-118.24430910833333,62.01304744919318,186.0,40.587012468578514,35000.0,411351.8,5539.314954486427,1,3370.0
1.0,wind,bus_305,wind_5738,33.01659015964737,-114.80574608363158,399.250735665794,144.0,45.67545565294453,35000.0,185248.53,6033.371193415638,0,3370.0
3.0,wind,bus_305,wind_5759,34.534171708685186,-118.5260285992963,37.801087353540915,246.0,27.70681974270578,15000.0,579130.6,4889.942746873255,1,3370.0
3.0,wind,bus_305,wind_5762,34.534171708685186,-118.31473898107407,41.798328843769106,204.0,38.767218884089594,15000.0,378539.16,11720.692783303672,1,3370.0
1.0,wind,bus_305,wind_6124,33.11545320652105,-116.324347339,280.7870143761755,60.0,52.26981609860366,35000.0,376899.84,13854.580762104344,0,3370.0
2.0,wind,bus_305,wind_6862,35.173489048534485,-114.48490435742858,368.0512401878916,42.0,49.37766374099247,35000.0,362114.1,5022.801101628039,0,3370.0
2.0,wind,bus_305,wind_6864,35.173489048534485,-114.309647486,383.9437729076289,252.0,39.248624139220354,35000.0,454195.8,4487.393906682622,0,3370.0
2.0,wind,bus_305,wind_8004,35.216359122351726,-115.01067497171428,320.8568330963093,222.0,57.02361614208024,15000.0,347759.25,3906.8795749374895,0,3370.0
1.0,wind,bus_305,wind_8011,33.31317930026842,-115.63407404110526,316.6350676607364,228.0,17.733234099813693,15000.0,124354.65,5979.508496701373,0,3370.0
1.0,wind,bus_305,wind_8026,33.31317930026842,-113.701308807,475.5660668098177,126.0,33.18933618191138,35000.0,307217.75,13701.886610865902,0,3370.0
1.0,wind,bus_305,wind_8770,33.412042347142105,-113.9774181261579,447.6678764512219,276.0,40.85052500898017,35000.0,139822.95,4952.446145236453,0,3370.0
1.0,wind,bus_305,wind_8775,33.51090539401579,-116.0482380198421,272.4851605152192,108.0,31.262503103984557,15000.0,240732.22,5543.147302292982,0,3370.0
2.0,wind,bus_305,wind_9542,35.25922919616897,-113.43336312885715,464.0067409564437,228.0,40.26782429171251,15000.0,206109.4,3636.3574772151674,0,3370.0
1.0,wind,bus_305,wind_9546,33.609768440889475,-116.18629267942106,255.72482155444848,258.0,31.322704717256308,35000.0,228112.95,6730.409007429606,0,3370.0
1.0,wind,bus_305,wind_9926,33.609768440889475,-115.7721287006842,288.28468800713176,288.0,29.121414121724055,35000.0,177124.89,5342.027528675423,0,3370.0
3.0,wind,bus_305,wind_10314,34.96707779287037,-118.38516885381482,15.42502875134837,246.0,41.28737036872091,15000.0,469507.75,3910.4721550060904,1,3370.0
3.0,wind,bus_305,wind_11080,35.05365900970741,-117.82172987188889,65.86992442488187,240.0,29.83449048851381,15000.0,473568.0,3140.1317006028785,1,3370.0
3.0,wind,bus_305,wind_11451,35.05365900970741,-117.39915063544444,103.22495791970611,216.0,31.922420034212657,35000.0,286184.66,5037.468664619892,1,3370.0
3.0,wind,bus_305,wind_11462,35.14024022654445,-118.59645847203703,30.634909044943253,72.0,30.90716157998361,15000.0,421182.88,4246.732688971792,1,3370.0
2.0,wind,bus_305,wind_12200,35.47357956525517,-115.44881715028572,286.1447288612247,282.0,35.868914710440556,35000.0,368521.7,3513.425303677313,0,3370.0
3.0,wind,bus_305,wind_12222,35.22682144338148,-118.80774809025925,47.669281763443415,180.0,7.294763642570183,15000.0,448000.2,4639.573607492375,1,3370.0
2.0,wind,bus_305,wind_13347,35.602189786706894,-115.36118871457143,297.2464300253346,240.0,31.74171522120349,35000.0,271069.88,4934.397613384755,0,3370.0
2.0,wind,bus_305,wind_13355,35.602189786706894,-114.66016122885715,358.91380676940105,258.0,46.71920613088312,35000.0,318633.25,4238.3168759567225,0,3370.0
2.0,wind,bus_305,wind_13719,35.602189786706894,-113.696248436,444.6155446135713,270.0,49.6009464184887,15000.0,369154.3,5210.298750561249,0,3370.0
2.0,wind,bus_305,wind_13723,35.602189786706894,-113.34573469314286,475.9414989332695,282.0,46.93785294623239,35000.0,342503.72,4586.018234119997,0,3370.0
2.0,wind,bus_305,wind_14115,35.645059860524135,-113.60862000028573,453.2016782612732,102.0,44.604152879739,35000.0,319696.4,5301.523045267489,0,3370.0
1.0,solar,bus_305,solar_1180,33.609768440889475,-113.9774181261579,439.7047151594461,119.51,20.66093307534744,35000.0,415575.4,10881.386489607035,0,540.0
1.0,solar,bus_305,solar_1938,33.70863148776316,-115.91018336026316,271.74606216047874,413.56,21.006451738438415,35000.0,136194.78,5589.921430933224,0,540.0
1.0,solar,bus_305,solar_2696,33.70863148776316,-114.5296367644737,387.949361154974,975.34,20.23556579392014,15000.0,326046.84,5842.262500000001,0,540.0
3.0,solar,bus_305,solar_3481,35.31340266021852,-117.54001038092592,100.91760773506292,235.46,20.98557988500825,15000.0,1450488.9,9015.091456745968,1,540.0
3.0,solar,bus_305,solar_3865,35.399983877055554,-117.89215974462962,81.13893833613673,555.68,20.956046218629005,15000.0,748010.2,8326.904253604604,1,540.0
1.0,solar,bus_305,solar_4974,33.90635758151053,-114.39158210489474,392.9262316180804,725.49,20.566563256377396,15000.0,151662.47,5015.97306034038,0,540.0
3.0,solar,bus_305,solar_5002,35.57314631072963,-117.75129999914815,103.92912964310752,321.51,20.805657171461945,15000.0,610527.6,14019.768686868687,1,540.0
2.0,solar,bus_305,solar_6866,35.773670081975865,-113.082849386,502.40423991876617,1975.87,20.3644778352278,15000.0,163287.61,3303.7093581362155,0,540.0
2.0,solar,bus_305,solar_6870,35.816540155793106,-115.27356027885715,311.7183372162109,511.49,20.3885561933549,15000.0,191078.33,4340.889018140537,0,540.0
1.0,solar,bus_305,solar_6877,34.20294672213158,-114.39158210489474,384.55182466984326,243.36,20.323107440582152,35000.0,248843.27,14732.03952695499,0,540.0
1.0,solar,bus_305,solar_7637,34.40067281587895,-116.0482380198421,231.32192320903744,115.64,20.97164538263398,15000.0,329703.16,8637.77394621809,0,540.0
1.0,solar,bus_305,solar_8402,34.59839890962632,-116.18629267942106,214.5735470314356,800.57,20.779362880359272,35000.0,309062.75,5348.813514564577,0,540.0
1.0,solar,bus_305,solar_8406,34.59839890962632,-115.63407404110526,264.6112402984981,381.67,20.52282248996236,35000.0,307217.75,13701.886610865902,0,540.0
3.0,solar,bus_305,solar_8422,36.00605239491482,-118.878177963,130.223251591069,1534.09,18.4643785313685,15000.0,147581.83,4738.016111105843,1,540.0
1.0,solar,bus_305,solar_8772,34.59839890962632,-115.21991006236843,302.2296255280185,1262.43,20.827260532201606,15000.0,285082.16,4698.472227915261,0,540.0
3.0,solar,bus_305,solar_8801,36.00605239491482,-118.0330194901111,133.11453494278604,1920.94,21.38626932296118,15000.0,166064.89,3150.371663040237,1,540.0
1.0,solar,bus_305,solar_9164,34.6972619565,-115.91018336026316,238.27303287235696,1370.69,20.80076673898595,15000.0,228099.69,4582.887685702328,0,540.0
3.0,solar,bus_305,solar_9554,36.09263361175185,-118.73731821751852,137.0660108882582,2675.24,19.246807189138497,35000.0,439531.4,4826.783703703703,1,540.0
2.0,solar,bus_305,solar_10302,35.94515037724483,-113.95913374314286,429.28352860430255,774.09,20.206921077184717,35000.0,88726.28,5257.520563974944,0,540.0
3.0,solar,bus_305,solar_11083,36.26579604542593,-118.1738792355926,157.7390626579227,562.63,21.704051587967797,15000.0,407670.75,4334.185178850601,1,540.0
2.0,solar,bus_305,solar_11821,36.07376059869655,-115.36118871457143,314.8283178878803,1895.69,20.33245961018209,35000.0,267489.94,4568.217359904856,0,540.0
3.0,solar,bus_305,solar_11837,36.35237726226296,-118.5260285992963,164.40685387019386,3199.82,21.280843517492393,35000.0,657265.94,3555.5323979640634,1,540.0
2.0,solar,bus_305,solar_12188,36.07376059869655,-114.48490435742858,388.1459156055718,1034.83,19.649696670386444,35000.0,345709.78,6176.704732336498,0,540.0
3.0,solar,bus_305,solar_12223,36.35237726226296,-117.3287207627037,196.0570371993036,616.44,19.899699049838656,15000.0,431066.34,4162.50411039619,1,540.0
2.0,solar,bus_305,solar_12568,36.11663067251379,-114.74778966457143,367.5675216431519,907.88,19.391389919897858,35000.0,404530.84,7771.421293493865,0,540.0
3.0,solar,bus_305,solar_12591,36.35237726226296,-117.11743114448147,207.08288875505696,1283.28,20.986785155739607,35000.0,243376.78,5059.439440354808,1,540.0
2.0,solar,bus_305,solar_12954,36.159500746331034,-114.13439061457143,421.0246788782833,216.79,19.79746766913336,35000.0,467371.66,9295.096465069715,0,540.0
2.0,solar,bus_305,solar_12977,36.202370820148275,-114.923046536,356.5999191846301,422.82,19.98129969611502,35000.0,365625.44,4648.62371364967,0,540.0
2.0,solar,bus_305,solar_13734,36.28811096778276,-115.01067497171428,353.3828916780845,1435.71,20.022836093802365,35000.0,275067.38,4670.662091503268,0,540.0
2.0,solar,bus_305,solar_14502,36.3309810416,-114.923046536,362.52117880593545,1274.09,19.972700974607537,35000.0,392252.53,3317.1199651070892,0,540.0
1.0,wind,bus_306,wind_3840,32.91772711277368,-115.08185540278947,367.20811383228073,78.0,29.86654403472681,35000.0,257014.03,13494.356293888508,0,3370.0
1.0,wind,bus_306,wind_3841,32.91772711277368,-114.94380074321053,377.50951180923346,66.0,32.903536507098664,35000.0,317563.62,13922.127475281783,0,3370.0
3.0,wind,bus_306,wind_3867,34.18784684133704,-116.976571399,142.18746484506698,66.0,22.15517101019571,15000.0,550612.56,10357.109068159081,1,3370.0
3.0,wind,bus_306,wind_4614,34.274428058174074,-117.04700127174074,131.54984047272208,228.0,45.46469677479659,15000.0,542013.2,9597.691972840154,1,3370.0
3.0,wind,bus_306,wind_4625,34.361009275011114,-118.24430910833333,58.578864992061646,186.0,40.587012468578514,35000.0,411351.8,5539.314954486427,1,3370.0
1.0,wind,bus_306,wind_5738,33.01659015964737,-114.80574608363158,381.7051866682702,144.0,45.67545565294453,35000.0,185248.53,6033.371193415638,0,3370.0
3.0,wind,bus_306,wind_5759,34.534171708685186,-118.5260285992963,45.41086277427443,246.0,27.70681974270578,15000.0,579130.6,4889.942746873255,1,3370.0
3.0,wind,bus_306,wind_5762,34.534171708685186,-118.31473898107407,39.40911836974562,204.0,38.767218884089594,15000.0,378539.16,11720.692783303672,1,3370.0
1.0,wind,bus_306,wind_6124,33.11545320652105,-116.324347339,266.7926863684434,60.0,52.26981609860366,35000.0,376899.84,13854.580762104344,0,3370.0
2.0,wind,bus_306,wind_6862,35.173489048534485,-114.48490435742858,346.64767565012977,42.0,49.37766374099247,35000.0,362114.1,5022.801101628039,0,3370.0
2.0,wind,bus_306,wind_6864,35.173489048534485,-114.309647486,362.5375988859386,252.0,39.248624139220354,35000.0,454195.8,4487.393906682622,0,3370.0
2.0,wind,bus_306,wind_8004,35.216359122351726,-115.01067497171428,299.48495041792603,222.0,57.02361614208024,15000.0,347759.25,3906.8795749374895,0,3370.0
1.0,wind,bus_306,wind_8011,33.31317930026842,-115.63407404110526,299.67145091855286,228.0,17.733234099813693,15000.0,124354.65,5979.508496701373,0,3370.0
1.0,wind,bus_306,wind_8026,33.31317930026842,-113.701308807,456.0882928842674,126.0,33.18933618191138,35000.0,307217.75,13701.886610865902,0,3370.0
1.0,wind,bus_306,wind_8770,33.412042347142105,-113.9774181261579,428.1901452496667,276.0,40.85052500898017,35000.0,139822.95,4952.446145236453,0,3370.0
1.0,wind,bus_306,wind_8775,33.51090539401579,-116.0482380198421,255.7291881002679,108.0,31.262503103984557,15000.0,240732.22,5543.147302292982,0,3370.0
2.0,wind,bus_306,wind_9542,35.25922919616897,-113.43336312885715,442.60998455192464,228.0,40.26782429171251,15000.0,206109.4,3636.3574772151674,0,3370.0
1.0,wind,bus_306,wind_9546,33.609768440889475,-116.18629267942106,238.89314542276057,258.0,31.322704717256308,35000.0,228112.95,6730.409007429606,0,3370.0
1.0,wind,bus_306,wind_9926,33.609768440889475,-115.7721287006842,270.4460785224959,288.0,29.121414121724055,35000.0,177124.89,5342.027528675423,0,3370.0
3.0,wind,bus_306,wind_10314,34.96707779287037,-118.38516885381482,13.328359187932238,246.0,41.28737036872091,15000.0,469507.75,3910.4721550060904,1,3370.0
3.0,wind,bus_306,wind_11080,35.05365900970741,-117.82172987188889,45.36036391511601,240.0,29.83449048851381,15000.0,473568.0,3140.1317006028785,1,3370.0
3.0,wind,bus_306,wind_11451,35.05365900970741,-117.39915063544444,82.03136983594334,216.0,31.922420034212657,35000.0,286184.66,5037.468664619892,1,3370.0
3.0,wind,bus_306,wind_11462,35.14024022654445,-118.59645847203703,40.52821683858972,72.0,30.90716157998361,15000.0,421182.88,4246.732688971792,1,3370.0
2.0,wind,bus_306,wind_12200,35.47357956525517,-115.44881715028572,265.0977488548224,282.0,35.868914710440556,35000.0,368521.7,3513.425303677313,0,3370.0
3.0,wind,bus_306,wind_12222,35.22682144338148,-118.80774809025925,61.37802252715241,180.0,7.294763642570183,15000.0,448000.2,4639.573607492375,1,3370.0
2.0,wind,bus_306,wind_13347,35.602189786706894,-115.36118871457143,276.38775362962457,240.0,31.74171522120349,35000.0,271069.88,4934.397613384755,0,3370.0
2.0,wind,bus_306,wind_13355,35.602189786706894,-114.66016122885715,337.8460985931821,258.0,46.71920613088312,35000.0,318633.25,4238.3168759567225,0,3370.0
2.0,wind,bus_306,wind_13719,35.602189786706894,-113.696248436,423.4044244742405,270.0,49.6009464184887,15000.0,369154.3,5210.298750561249,0,3370.0
2.0,wind,bus_306,wind_13723,35.602189786706894,-113.34573469314286,454.69894952520104,282.0,46.93785294623239,35000.0,342503.72,4586.018234119997,0,3370.0
2.0,wind,bus_306,wind_14115,35.645059860524135,-113.60862000028573,432.0144655303149,102.0,44.604152879739,35000.0,319696.4,5301.523045267489,0,3370.0
1.0,solar,bus_306,solar_1180,33.609768440889475,-113.9774181261579,419.8286172428135,119.51,20.66093307534744,35000.0,415575.4,10881.386489607035,0,540.0
1.0,solar,bus_306,solar_1938,33.70863148776316,-115.91018336026316,253.78171477258985,413.56,21.006451738438415,35000.0,136194.78,5589.921430933224,0,540.0
1.0,solar,bus_306,solar_2696,33.70863148776316,-114.5296367644737,368.2338691246825,975.34,20.23556579392014,15000.0,326046.84,5842.262500000001,0,540.0
3.0,solar,bus_306,solar_3481,35.31340266021852,-117.54001038092592,82.047164173663,235.46,20.98557988500825,15000.0,1450488.9,9015.091456745968,1,540.0
3.0,solar,bus_306,solar_3865,35.399983877055554,-117.89215974462962,66.8646978701516,555.68,20.956046218629005,15000.0,748010.2,8326.904253604604,1,540.0
1.0,solar,bus_306,solar_4974,33.90635758151053,-114.39158210489474,372.7029917583393,725.49,20.566563256377396,15000.0,151662.47,5015.97306034038,0,540.0
3.0,solar,bus_306,solar_5002,35.57314631072963,-117.75129999914815,89.95083952927364,321.51,20.805657171461945,15000.0,610527.6,14019.768686868687,1,540.0
2.0,solar,bus_306,solar_6866,35.773670081975865,-113.082849386,481.2589379953758,1975.87,20.3644778352278,15000.0,163287.61,3303.7093581362155,0,540.0
2.0,solar,bus_306,solar_6870,35.816540155793106,-115.27356027885715,291.24842596695964,511.49,20.3885561933549,15000.0,191078.33,4340.889018140537,0,540.0
1.0,solar,bus_306,solar_6877,34.20294672213158,-114.39158210489474,363.8059210241344,243.36,20.323107440582152,35000.0,248843.27,14732.03952695499,0,540.0
1.0,solar,bus_306,solar_7637,34.40067281587895,-116.0482380198421,210.86563813921885,115.64,20.97164538263398,15000.0,329703.16,8637.77394621809,0,540.0
1.0,solar,bus_306,solar_8402,34.59839890962632,-116.18629267942106,193.63373708976383,800.57,20.779362880359272,35000.0,309062.75,5348.813514564577,0,540.0
1.0,solar,bus_306,solar_8406,34.59839890962632,-115.63407404110526,243.53206988863909,381.67,20.52282248996236,35000.0,307217.75,13701.886610865902,0,540.0
3.0,solar,bus_306,solar_8422,36.00605239491482,-118.878177963,135.8390882048175,1534.09,18.4643785313685,15000.0,147581.83,4738.016111105843,1,540.0
1.0,solar,bus_306,solar_8772,34.59839890962632,-115.21991006236843,281.0846598962906,1262.43,20.827260532201606,15000.0,285082.16,4698.472227915261,0,540.0
3.0,solar,bus_306,solar_8801,36.00605239491482,-118.0330194901111,126.34928474149132,1920.94,21.38626932296118,15000.0,166064.89,3150.371663040237,1,540.0
1.0,solar,bus_306,solar_9164,34.6972619565,-115.91018336026316,217.0799958983325,1370.69,20.80076673898595,15000.0,228099.69,4582.887685702328,0,540.0
3.0,solar,bus_306,solar_9554,36.09263361175185,-118.73731821751852,140.3920486575737,2675.24,19.246807189138497,35000.0,439531.4,4826.783703703703,1,540.0
2.0,solar,bus_306,solar_10302,35.94515037724483,-113.95913374314286,408.4744275648108,774.09,20.206921077184717,35000.0,88726.28,5257.520563974944,0,540.0
3.0,solar,bus_306,solar_11083,36.26579604542593,-118.1738792355926,153.5754997988365,562.63,21.704051587967797,15000.0,407670.75,4334.185178850601,1,540.0
2.0,solar,bus_306,solar_11821,36.07376059869655,-115.36118871457143,295.068931275442,1895.69,20.33245961018209,35000.0,267489.94,4568.217359904856,0,540.0
3.0,solar,bus_306,solar_11837,36.35237726226296,-118.5260285992963,164.48121678370237,3199.82,21.280843517492393,35000.0,657265.94,3555.5323979640634,1,540.0
2.0,solar,bus_306,solar_12188,36.07376059869655,-114.48490435742858,367.7411396772597,1034.83,19.649696670386444,35000.0,345709.78,6176.704732336498,0,540.0
3.0,solar,bus_306,solar_12223,36.35237726226296,-117.3287207627037,184.05931277788605,616.44,19.899699049838656,15000.0,431066.34,4162.50411039619,1,540.0
2.0,solar,bus_306,solar_12568,36.11663067251379,-114.74778966457143,347.40109595613825,907.88,19.391389919897858,35000.0,404530.84,7771.421293493865,0,540.0
3.0,solar,bus_306,solar_12591,36.35237726226296,-117.11743114448147,193.68356033322905,1283.28,20.986785155739607,35000.0,243376.78,5059.439440354808,1,540.0
2.0,solar,bus_306,solar_12954,36.159500746331034,-114.13439061457143,400.5974819062706,216.79,19.79746766913336,35000.0,467371.66,9295.096465069715,0,540.0
2.0,solar,bus_306,solar_12977,36.202370820148275,-114.923046536,336.75742458536,422.82,19.98129969611502,35000.0,365625.44,4648.62371364967,0,540.0
2.0,solar,bus_306,solar_13734,36.28811096778276,-115.01067497171428,333.83251300859604,1435.71,20.022836093802365,35000.0,275067.38,4670.662091503268,0,540.0
2.0,solar,bus_306,solar_14502,36.3309810416,-114.923046536,342.99139508611546,1274.09,19.972700974607537,35000.0,392252.53,3317.1199651070892,0,540.0
1.0,wind,bus_307,wind_3840,32.91772711277368,-115.08185540278947,375.7381004492129,78.0,29.86654403472681,35000.0,257014.03,13494.356293888508,0,3370.0
1.0,wind,bus_307,wind_3841,32.91772711277368,-114.94380074321053,387.7502035571505,66.0,32.903536507098664,35000.0,317563.62,13922.127475281783,0,3370.0
3.0,wind,bus_307,wind_3867,34.18784684133704,-116.976571399,175.2623429215856,66.0,22.15517101019571,15000.0,550612.56,10357.109068159081,1,3370.0
3.0,wind,bus_307,wind_4614,34.274428058174074,-117.04700127174074,169.52700616946146,228.0,45.46469677479659,15000.0,542013.2,9597.691972840154,1,3370.0
3.0,wind,bus_307,wind_4625,34.361009275011114,-118.24430910833333,65.03818583862318,186.0,40.587012468578514,35000.0,411351.8,5539.314954486427,1,3370.0
1.0,wind,bus_307,wind_5738,33.01659015964737,-114.80574608363158,396.1250077293416,144.0,45.67545565294453,35000.0,185248.53,6033.371193415638,0,3370.0
3.0,wind,bus_307,wind_5759,34.534171708685186,-118.5260285992963,57.99212957862819,246.0,27.70681974270578,15000.0,579130.6,4889.942746873255,1,3370.0
3.0,wind,bus_307,wind_5762,34.534171708685186,-118.31473898107407,70.67332131235102,204.0,38.767218884089594,15000.0,378539.16,11720.692783303672,1,3370.0
1.0,wind,bus_307,wind_6124,33.11545320652105,-116.324347339,260.6610086308885,60.0,52.26981609860366,35000.0,376899.84,13854.580762104344,0,3370.0
2.0,wind,bus_307,wind_6862,35.173489048534485,-114.48490435742858,419.19534388418407,42.0,49.37766374099247,35000.0,362114.1,5022.801101628039,0,3370.0
2.0,wind,bus_307,wind_6864,35.173489048534485,-114.309647486,434.5865241399494,252.0,39.248624139220354,35000.0,454195.8,4487.393906682622,0,3370.0
2.0,wind,bus_307,wind_8004,35.216359122351726,-115.01067497171428,374.8046728263853,222.0,57.02361614208024,15000.0,347759.25,3906.8795749374895,0,3370.0
1.0,wind,bus_307,wind_8011,33.31317930026842,-115.63407404110526,312.6000740623617,228.0,17.733234099813693,15000.0,124354.65,5979.508496701373,0,3370.0
1.0,wind,bus_307,wind_8026,33.31317930026842,-113.701308807,486.7611739658389,126.0,33.18933618191138,35000.0,307217.75,13701.886610865902,0,3370.0
1.0,wind,bus_307,wind_8770,33.412042347142105,-113.9774181261579,459.45334126456606,276.0,40.85052500898017,35000.0,139822.95,4952.446145236453,0,3370.0
1.0,wind,bus_307,wind_8775,33.51090539401579,-116.0482380198421,269.57531967103256,108.0,31.262503103984557,15000.0,240732.22,5543.147302292982,0,3370.0
2.0,wind,bus_307,wind_9542,35.25922919616897,-113.43336312885715,514.1758501389598,228.0,40.26782429171251,15000.0,206109.4,3636.3574772151674,0,3370.0
1.0,wind,bus_307,wind_9546,33.609768440889475,-116.18629267942106,254.50053622697752,258.0,31.322704717256308,35000.0,228112.95,6730.409007429606,0,3370.0
1.0,wind,bus_307,wind_9926,33.609768440889475,-115.7721287006842,291.96427378523197,288.0,29.121414121724055,35000.0,177124.89,5342.027528675423,0,3370.0
3.0,wind,bus_307,wind_10314,34.96707779287037,-118.38516885381482,106.3391278192556,246.0,41.28737036872091,15000.0,469507.75,3910.4721550060904,1,3370.0
3.0,wind,bus_307,wind_11080,35.05365900970741,-117.82172987188889,143.420765497154,240.0,29.83449048851381,15000.0,473568.0,3140.1317006028785,1,3370.0
3.0,wind,bus_307,wind_11451,35.05365900970741,-117.39915063544444,171.89998890852465,216.0,31.922420034212657,35000.0,286184.66,5037.468664619892,1,3370.0
3.0,wind,bus_307,wind_11462,35.14024022654445,-118.59645847203703,118.3697207842785,72.0,30.90716157998361,15000.0,421182.88,4246.732688971792,1,3370.0
2.0,wind,bus_307,wind_12200,35.47357956525517,-115.44881715028572,348.34225942222673,282.0,35.868914710440556,35000.0,368521.7,3513.425303677313,0,3370.0
3.0,wind,bus_307,wind_12222,35.22682144338148,-118.80774809025925,125.32173222617295,180.0,7.294763642570183,15000.0,448000.2,4639.573607492375,1,3370.0
2.0,wind,bus_307,wind_13347,35.602189786706894,-115.36118871457143,361.6941598629334,240.0,31.74171522120349,35000.0,271069.88,4934.397613384755,0,3370.0
2.0,wind,bus_307,wind_13355,35.602189786706894,-114.66016122885715,419.47074915658766,258.0,46.71920613088312,35000.0,318633.25,4238.3168759567225,0,3370.0
2.0,wind,bus_307,wind_13719,35.602189786706894,-113.696248436,501.3605387311011,270.0,49.6009464184887,15000.0,369154.3,5210.298750561249,0,3370.0
2.0,wind,bus_307,wind_13723,35.602189786706894,-113.34573469314286,531.6145141018192,282.0,46.93785294623239,35000.0,342503.72,4586.018234119997,0,3370.0
2.0,wind,bus_307,wind_14115,35.645059860524135,-113.60862000028573,510.3677523688566,102.0,44.604152879739,35000.0,319696.4,5301.523045267489,0,3370.0
1.0,solar,bus_307,solar_1180,33.609768440889475,-113.9774181261579,455.7847776078912,119.51,20.66093307534744,35000.0,415575.4,10881.386489607035,0,540.0
1.0,solar,bus_307,solar_1938,33.70863148776316,-115.91018336026316,277.35664021757054,413.56,21.006451738438415,35000.0,136194.78,5589.921430933224,0,540.0
1.0,solar,bus_307,solar_2696,33.70863148776316,-114.5296367644737,403.65346918724,975.34,20.23556579392014,15000.0,326046.84,5842.262500000001,0,540.0
3.0,solar,bus_307,solar_3481,35.31340266021852,-117.54001038092592,182.0101664586436,235.46,20.98557988500825,15000.0,1450488.9,9015.091456745968,1,540.0
3.0,solar,bus_307,solar_3865,35.399983877055554,-117.89215974462962,170.2024456454965,555.68,20.956046218629005,15000.0,748010.2,8326.904253604604,1,540.0
1.0,solar,bus_307,solar_4974,33.90635758151053,-114.39158210489474,414.1112428061255,725.49,20.566563256377396,15000.0,151662.47,5015.97306034038,0,540.0
3.0,solar,bus_307,solar_5002,35.57314631072963,-117.75129999914815,193.29312013077973,321.51,20.805657171461945,15000.0,610527.6,14019.768686868687,1,540.0
2.0,solar,bus_307,solar_6866,35.773670081975865,-113.082849386,559.9361392103434,1975.87,20.3644778352278,15000.0,163287.61,3303.7093581362155,0,540.0
2.0,solar,bus_307,solar_6870,35.816540155793106,-115.27356027885715,379.8081326604867,511.49,20.3885561933549,15000.0,191078.33,4340.889018140537,0,540.0
1.0,solar,bus_307,solar_6877,34.20294672213158,-114.39158210489474,412.9751698786119,243.36,20.323107440582152,35000.0,248843.27,14732.03952695499,0,540.0
1.0,solar,bus_307,solar_7637,34.40067281587895,-116.0482380198421,262.21711247460536,115.64,20.97164538263398,15000.0,329703.16,8637.77394621809,0,540.0
1.0,solar,bus_307,solar_8402,34.59839890962632,-116.18629267942106,253.22248339147455,800.57,20.779362880359272,35000.0,309062.75,5348.813514564577,0,540.0
1.0,solar,bus_307,solar_8406,34.59839890962632,-115.63407404110526,302.8918608411088,381.67,20.52282248996236,35000.0,307217.75,13701.886610865902,0,540.0
3.0,solar,bus_307,solar_8422,36.00605239491482,-118.878177963,211.8026252098013,1534.09,18.4643785313685,15000.0,147581.83,4738.016111105843,1,540.0
1.0,solar,bus_307,solar_8772,34.59839890962632,-115.21991006236843,340.3399984124873,1262.43,20.827260532201606,15000.0,285082.16,4698.472227915261,0,540.0
3.0,solar,bus_307,solar_8801,36.00605239491482,-118.0330194901111,225.33836243336532,1920.94,21.38626932296118,15000.0,166064.89,3150.371663040237,1,540.0
1.0,solar,bus_307,solar_9164,34.6972619565,-115.91018336026316,280.2471493344353,1370.69,20.80076673898595,15000.0,228099.69,4582.887685702328,0,540.0
3.0,solar,bus_307,solar_9554,36.09263361175185,-118.73731821751852,221.8004451150231,2675.24,19.246807189138497,35000.0,439531.4,4826.783703703703,1,540.0
2.0,solar,bus_307,solar_10302,35.94515037724483,-113.95913374314286,492.5367799083092,774.09,20.206921077184717,35000.0,88726.28,5257.520563974944,0,540.0
3.0,solar,bus_307,solar_11083,36.26579604542593,-118.1738792355926,249.04792143935947,562.63,21.704051587967797,15000.0,407670.75,4334.185178850601,1,540.0
2.0,solar,bus_307,solar_11821,36.07376059869655,-115.36118871457143,387.9085881758687,1895.69,20.33245961018209,35000.0,267489.94,4568.217359904856,0,540.0
3.0,solar,bus_307,solar_11837,36.35237726226296,-118.5260285992963,252.34699184577815,3199.82,21.280843517492393,35000.0,657265.94,3555.5323979640634,1,540.0
2.0,solar,bus_307,solar_12188,36.07376059869655,-114.48490435742858,455.8832846617556,1034.83,19.649696670386444,35000.0,345709.78,6176.704732336498,0,540.0
3.0,solar,bus_307,solar_12223,36.35237726226296,-117.3287207627037,287.15399531280434,616.44,19.899699049838656,15000.0,431066.34,4162.50411039619,1,540.0
2.0,solar,bus_307,solar_12568,36.11663067251379,-114.74778966457143,437.40947652773326,907.88,19.391389919897858,35000.0,404530.84,7771.421293493865,0,540.0
3.0,solar,bus_307,solar_12591,36.35237726226296,-117.11743114448147,297.0282881412264,1283.28,20.986785155739607,35000.0,243376.78,5059.439440354808,1,540.0
2.0,solar,bus_307,solar_12954,36.159500746331034,-114.13439061457143,488.2633304985295,216.79,19.79746766913336,35000.0,467371.66,9295.096465069715,0,540.0
2.0,solar,bus_307,solar_12977,36.202370820148275,-114.923046536,428.7572690199538,422.82,19.98129969611502,35000.0,365625.44,4648.62371364967,0,540.0
2.0,solar,bus_307,solar_13734,36.28811096778276,-115.01067497171428,427.2964733690758,1435.71,20.022836093802365,35000.0,275067.38,4670.662091503268,0,540.0
2.0,solar,bus_307,solar_14502,36.3309810416,-114.923046536,436.47506270493136,1274.09,19.972700974607537,35000.0,392252.53,3317.1199651070892,0,540.0
1.0,wind,bus_308,wind_3840,32.91772711277368,-115.08185540278947,361.4457966394765,78.0,29.86654403472681,35000.0,257014.03,13494.356293888508,0,3370.0
1.0,wind,bus_308,wind_3841,32.91772711277368,-114.94380074321053,373.1897782457955,66.0,32.903536507098664,35000.0,317563.62,13922.127475281783,0,3370.0
3.0,wind,bus_308,wind_3867,34.18784684133704,-116.976571399,154.33329104976858,66.0,22.15517101019571,15000.0,550612.56,10357.109068159081,1,3370.0
3.0,wind,bus_308,wind_4614,34.274428058174074,-117.04700127174074,147.82969685039802,228.0,45.46469677479659,15000.0,542013.2,9597.691972840154,1,3370.0
3.0,wind,bus_308,wind_4625,34.361009275011114,-118.24430910833333,40.59510540342155,186.0,40.587012468578514,35000.0,411351.8,5539.314954486427,1,3370.0
1.0,wind,bus_308,wind_5738,33.01659015964737,-114.80574608363158,380.7976916478472,144.0,45.67545565294453,35000.0,185248.53,6033.371193415638,0,3370.0
3.0,wind,bus_308,wind_5759,34.534171708685186,-118.5260285992963,36.36627658651122,246.0,27.70681974270578,15000.0,579130.6,4889.942746873255,1,3370.0
3.0,wind,bus_308,wind_5762,34.534171708685186,-118.31473898107407,46.42026161938243,204.0,38.767218884089594,15000.0,378539.16,11720.692783303672,1,3370.0
1.0,wind,bus_308,wind_6124,33.11545320652105,-116.324347339,248.3897308189213,60.0,52.26981609860366,35000.0,376899.84,13854.580762104344,0,3370.0
2.0,wind,bus_308,wind_6862,35.173489048534485,-114.48490435742858,395.4533366895194,42.0,49.37766374099247,35000.0,362114.1,5022.801101628039,0,3370.0
2.0,wind,bus_308,wind_6864,35.173489048534485,-114.309647486,410.91285321464505,252.0,39.248624139220354,35000.0,454195.8,4487.393906682622,0,3370.0
2.0,wind,bus_308,wind_8004,35.216359122351726,-115.01067497171428,350.7612177060033,222.0,57.02361614208024,15000.0,347759.25,3906.8795749374895,0,3370.0
1.0,wind,bus_308,wind_8011,33.31317930026842,-115.63407404110526,296.984844184768,228.0,17.733234099813693,15000.0,124354.65,5979.508496701373,0,3370.0
1.0,wind,bus_308,wind_8026,33.31317930026842,-113.701308807,468.85636798346616,126.0,33.18933618191138,35000.0,307217.75,13701.886610865902,0,3370.0
1.0,wind,bus_308,wind_8770,33.412042347142105,-113.9774181261579,441.35731603291896,276.0,40.85052500898017,35000.0,139822.95,4952.446145236453,0,3370.0
1.0,wind,bus_308,wind_8775,33.51090539401579,-116.0482380198421,253.3526863853487,108.0,31.262503103984557,15000.0,240732.22,5543.147302292982,0,3370.0
2.0,wind,bus_308,wind_9542,35.25922919616897,-113.43336312885715,490.64858358667146,228.0,40.26782429171251,15000.0,206109.4,3636.3574772151674,0,3370.0
1.0,wind,bus_308,wind_9546,33.609768440889475,-116.18629267942106,237.76691948627155,258.0,31.322704717256308,35000.0,228112.95,6730.409007429606,0,3370.0
1.0,wind,bus_308,wind_9926,33.609768440889475,-115.7721287006842,274.5856549026035,288.0,29.121414121724055,35000.0,177124.89,5342.027528675423,0,3370.0
3.0,wind,bus_308,wind_10314,34.96707779287037,-118.38516885381482,86.14287318654733,246.0,41.28737036872091,15000.0,469507.75,3910.4721550060904,1,3370.0
3.0,wind,bus_308,wind_11080,35.05365900970741,-117.82172987188889,119.56903402330418,240.0,29.83449048851381,15000.0,473568.0,3140.1317006028785,1,3370.0
3.0,wind,bus_308,wind_11451,35.05365900970741,-117.39915063544444,147.24085632349556,216.0,31.922420034212657,35000.0,286184.66,5037.468664619892,1,3370.0
3.0,wind,bus_308,wind_11462,35.14024022654445,-118.59645847203703,101.93853200659971,72.0,30.90716157998361,15000.0,421182.88,4246.732688971792,1,3370.0
2.0,wind,bus_308,wind_12200,35.47357956525517,-115.44881715028572,323.77240162721796,282.0,35.868914710440556,35000.0,368521.7,3513.425303677313,0,3370.0
3.0,wind,bus_308,wind_12222,35.22682144338148,-118.80774809025925,112.30824595171626,180.0,7.294763642570183,15000.0,448000.2,4639.573607492375,1,3370.0
2.0,wind,bus_308,wind_13347,35.602189786706894,-115.36118871457143,337.0495708626216,240.0,31.74171522120349,35000.0,271069.88,4934.397613384755,0,3370.0
2.0,wind,bus_308,wind_13355,35.602189786706894,-114.66016122885715,395.0450763650614,258.0,46.71920613088312,35000.0,318633.25,4238.3168759567225,0,3370.0
2.0,wind,bus_308,wind_13719,35.602189786706894,-113.696248436,477.2534437900027,270.0,49.6009464184887,15000.0,369154.3,5210.298750561249,0,3370.0
2.0,wind,bus_308,wind_13723,35.602189786706894,-113.34573469314286,507.6150374205053,282.0,46.93785294623239,35000.0,342503.72,4586.018234119997,0,3370.0
2.0,wind,bus_308,wind_14115,35.645059860524135,-113.60862000028573,486.236538121341,102.0,44.604152879739,35000.0,319696.4,5301.523045267489,0,3370.0
1.0,solar,bus_308,solar_1180,33.609768440889475,-113.9774181261579,436.89504953867254,119.51,20.66093307534744,35000.0,415575.4,10881.386489607035,0,540.0
1.0,solar,bus_308,solar_1938,33.70863148776316,-115.91018336026316,259.4768657378711,413.56,21.006451738438415,35000.0,136194.78,5589.921430933224,0,540.0
1.0,solar,bus_308,solar_2696,33.70863148776316,-114.5296367644737,384.6524848814591,975.34,20.23556579392014,15000.0,326046.84,5842.262500000001,0,540.0
3.0,solar,bus_308,solar_3481,35.31340266021852,-117.54001038092592,158.15307389656107,235.46,20.98557988500825,15000.0,1450488.9,9015.091456745968,1,540.0
3.0,solar,bus_308,solar_3865,35.399983877055554,-117.89215974462962,148.0487857909575,555.68,20.956046218629005,15000.0,748010.2,8326.904253604604,1,540.0
1.0,solar,bus_308,solar_4974,33.90635758151053,-114.39158210489474,394.2134081620141,725.49,20.566563256377396,15000.0,151662.47,5015.97306034038,0,540.0
3.0,solar,bus_308,solar_5002,35.57314631072963,-117.75129999914815,171.06104882164485,321.51,20.805657171461945,15000.0,610527.6,14019.768686868687,1,540.0
2.0,solar,bus_308,solar_6866,35.773670081975865,-113.082849386,535.8127699227665,1975.87,20.3644778352278,15000.0,163287.61,3303.7093581362155,0,540.0
2.0,solar,bus_308,solar_6870,35.816540155793106,-115.27356027885715,355.0781743684788,511.49,20.3885561933549,15000.0,191078.33,4340.889018140537,0,540.0
1.0,solar,bus_308,solar_6877,34.20294672213158,-114.39158210489474,391.94075527648744,243.36,20.323107440582152,35000.0,248843.27,14732.03952695499,0,540.0
1.0,solar,bus_308,solar_7637,34.40067281587895,-116.0482380198421,240.1390148868088,115.64,20.97164538263398,15000.0,329703.16,8637.77394621809,0,540.0
1.0,solar,bus_308,solar_8402,34.59839890962632,-116.18629267942106,230.17561856500953,800.57,20.779362880359272,35000.0,309062.75,5348.813514564577,0,540.0
1.0,solar,bus_308,solar_8406,34.59839890962632,-115.63407404110526,280.1460394453394,381.67,20.52282248996236,35000.0,307217.75,13701.886610865902,0,540.0
3.0,solar,bus_308,solar_8422,36.00605239491482,-118.878177963,199.11952417505455,1534.09,18.4643785313685,15000.0,147581.83,4738.016111105843,1,540.0
1.0,solar,bus_308,solar_8772,34.59839890962632,-115.21991006236843,317.7644824311357,1262.43,20.827260532201606,15000.0,285082.16,4698.472227915261,0,540.0
3.0,solar,bus_308,solar_8801,36.00605239491482,-118.0330194901111,205.97602316618028,1920.94,21.38626932296118,15000.0,166064.89,3150.371663040237,1,540.0
1.0,solar,bus_308,solar_9164,34.6972619565,-115.91018336026316,257.0002646751331,1370.69,20.80076673898595,15000.0,228099.69,4582.887685702328,0,540.0
3.0,solar,bus_308,solar_9554,36.09263361175185,-118.73731821751852,207.83993520371,2675.24,19.246807189138497,35000.0,439531.4,4826.783703703703,1,540.0
2.0,solar,bus_308,solar_10302,35.94515037724483,-113.95913374314286,468.0178154547917,774.09,20.206921077184717,35000.0,88726.28,5257.520563974944,0,540.0
3.0,solar,bus_308,solar_11083,36.26579604542593,-118.1738792355926,231.1109544429753,562.63,21.704051587967797,15000.0,407670.75,4334.185178850601,1,540.0
2.0,solar,bus_308,solar_11821,36.07376059869655,-115.36118871457143,363.16341593745705,1895.69,20.33245961018209,35000.0,267489.94,4568.217359904856,0,540.0
3.0,solar,bus_308,solar_11837,36.35237726226296,-118.5260285992963,236.87094879885424,3199.82,21.280843517492393,35000.0,657265.94,3555.5323979640634,1,540.0
2.0,solar,bus_308,solar_12188,36.07376059869655,-114.48490435742858,431.1821959054232,1034.83,19.649696670386444,35000.0,345709.78,6176.704732336498,0,540.0
3.0,solar,bus_308,solar_12223,36.35237726226296,-117.3287207627037,265.4101487904638,616.44,19.899699049838656,15000.0,431066.34,4162.50411039619,1,540.0
2.0,solar,bus_308,solar_12568,36.11663067251379,-114.74778966457143,412.6650112217173,907.88,19.391389919897858,35000.0,404530.84,7771.421293493865,0,540.0
3.0,solar,bus_308,solar_12591,36.35237726226296,-117.11743114448147,274.63276752063666,1283.28,20.986785155739607,35000.0,243376.78,5059.439440354808,1,540.0
2.0,solar,bus_308,solar_12954,36.159500746331034,-114.13439061457143,463.584931200594,216.79,19.79746766913336,35000.0,467371.66,9295.096465069715,0,540.0
2.0,solar,bus_308,solar_12977,36.202370820148275,-114.923046536,404.0012399610384,422.82,19.98129969611502,35000.0,365625.44,4648.62371364967,0,540.0
2.0,solar,bus_308,solar_13734,36.28811096778276,-115.01067497171428,402.5565395731933,1435.71,20.022836093802365,35000.0,275067.38,4670.662091503268,0,540.0
2.0,solar,bus_308,solar_14502,36.3309810416,-114.923046536,411.73433662489987,1274.09,19.972700974607537,35000.0,392252.53,3317.1199651070892,0,540.0
1.0,wind,bus_309,wind_3840,32.91772711277368,-115.08185540278947,346.3897999764167,78.0,29.86654403472681,35000.0,257014.03,13494.356293888508,0,3370.0
1.0,wind,bus_309,wind_3841,32.91772711277368,-114.94380074321053,356.8206182656378,66.0,32.903536507098664,35000.0,317563.62,13922.127475281783,0,3370.0
3.0,wind,bus_309,wind_3867,34.18784684133704,-116.976571399,121.82972885151575,66.0,22.15517101019571,15000.0,550612.56,10357.109068159081,1,3370.0
3.0,wind,bus_309,wind_4614,34.274428058174074,-117.04700127174074,111.49534108287344,228.0,45.46469677479659,15000.0,542013.2,9597.691972840154,1,3370.0
3.0,wind,bus_309,wind_4625,34.361009275011114,-118.24430910833333,43.02508116757713,186.0,40.587012468578514,35000.0,411351.8,5539.314954486427,1,3370.0
1.0,wind,bus_309,wind_5738,33.01659015964737,-114.80574608363158,361.31746103148754,144.0,45.67545565294453,35000.0,185248.53,6033.371193415638,0,3370.0
3.0,wind,bus_309,wind_5759,34.534171708685186,-118.5260285992963,42.81274514772618,246.0,27.70681974270578,15000.0,579130.6,4889.942746873255,1,3370.0
3.0,wind,bus_309,wind_5762,34.534171708685186,-118.31473898107407,28.220511103909875,204.0,38.767218884089594,15000.0,378539.16,11720.692783303672,1,3370.0
1.0,wind,bus_309,wind_6124,33.11545320652105,-116.324347339,245.2136399499694,60.0,52.26981609860366,35000.0,376899.84,13854.580762104344,0,3370.0
2.0,wind,bus_309,wind_6862,35.173489048534485,-114.48490435742858,335.4866095230996,42.0,49.37766374099247,35000.0,362114.1,5022.801101628039,0,3370.0
2.0,wind,bus_309,wind_6864,35.173489048534485,-114.309647486,351.2946265448601,252.0,39.248624139220354,35000.0,454195.8,4487.393906682622,0,3370.0
2.0,wind,bus_309,wind_8004,35.216359122351726,-115.01067497171428,288.9378437095236,222.0,57.02361614208024,15000.0,347759.25,3906.8795749374895,0,3370.0
1.0,wind,bus_309,wind_8011,33.31317930026842,-115.63407404110526,278.9437235283597,228.0,17.733234099813693,15000.0,124354.65,5979.508496701373,0,3370.0
1.0,wind,bus_309,wind_8026,33.31317930026842,-113.701308807,437.4407975205504,126.0,33.18933618191138,35000.0,307217.75,13701.886610865902,0,3370.0
1.0,wind,bus_309,wind_8770,33.412042347142105,-113.9774181261579,409.5445892077159,276.0,40.85052500898017,35000.0,139822.95,4952.446145236453,0,3370.0
1.0,wind,bus_309,wind_8775,33.51090539401579,-116.0482380198421,234.888491908433,108.0,31.262503103984557,15000.0,240732.22,5543.147302292982,0,3370.0
2.0,wind,bus_309,wind_9542,35.25922919616897,-113.43336312885715,431.4679988011384,228.0,40.26782429171251,15000.0,206109.4,3636.3574772151674,0,3370.0
1.0,wind,bus_309,wind_9546,33.609768440889475,-116.18629267942106,218.08283068129185,258.0,31.322704717256308,35000.0,228112.95,6730.409007429606,0,3370.0
1.0,wind,bus_309,wind_9926,33.609768440889475,-115.7721287006842,250.23448154050337,288.0,29.121414121724055,35000.0,177124.89,5342.027528675423,0,3370.0
3.0,wind,bus_309,wind_10314,34.96707779287037,-118.38516885381482,34.85844992713776,246.0,41.28737036872091,15000.0,469507.75,3910.4721550060904,1,3370.0
3.0,wind,bus_309,wind_11080,35.05365900970741,-117.82172987188889,45.01587001105491,240.0,29.83449048851381,15000.0,473568.0,3140.1317006028785,1,3370.0
3.0,wind,bus_309,wind_11451,35.05365900970741,-117.39915063544444,75.23419189789156,216.0,31.922420034212657,35000.0,286184.66,5037.468664619892,1,3370.0
3.0,wind,bus_309,wind_11462,35.14024022654445,-118.59645847203703,62.06003692110022,72.0,30.90716157998361,15000.0,421182.88,4246.732688971792,1,3370.0
2.0,wind,bus_309,wind_12200,35.47357956525517,-115.44881715028572,257.09270608186165,282.0,35.868914710440556,35000.0,368521.7,3513.425303677313,0,3370.0
3.0,wind,bus_309,wind_12222,35.22682144338148,-118.80774809025925,82.60856953230822,180.0,7.294763642570183,15000.0,448000.2,4639.573607492375,1,3370.0
2.0,wind,bus_309,wind_13347,35.602189786706894,-115.36118871457143,269.24808582251393,240.0,31.74171522120349,35000.0,271069.88,4934.397613384755,0,3370.0
2.0,wind,bus_309,wind_13355,35.602189786706894,-114.66016122885715,329.5312144253252,258.0,46.71920613088312,35000.0,318633.25,4238.3168759567225,0,3370.0
2.0,wind,bus_309,wind_13719,35.602189786706894,-113.696248436,414.0939674297932,270.0,49.6009464184887,15000.0,369154.3,5210.298750561249,0,3370.0
2.0,wind,bus_309,wind_13723,35.602189786706894,-113.34573469314286,445.13296406672094,282.0,46.93785294623239,35000.0,342503.72,4586.018234119997,0,3370.0
2.0,wind,bus_309,wind_14115,35.645059860524135,-113.60862000028573,422.8504890501947,102.0,44.604152879739,35000.0,319696.4,5301.523045267489,0,3370.0
1.0,solar,bus_309,solar_1180,33.609768440889475,-113.9774181261579,401.7471744854541,119.51,20.66093307534744,35000.0,415575.4,10881.386489607035,0,540.0
1.0,solar,bus_309,solar_1938,33.70863148776316,-115.91018336026316,233.6569929035746,413.56,21.006451738438415,35000.0,136194.78,5589.921430933224,0,540.0
1.0,solar,bus_309,solar_2696,33.70863148776316,-114.5296367644737,349.91947918141966,975.34,20.23556579392014,15000.0,326046.84,5842.262500000001,0,540.0
3.0,solar,bus_309,solar_3481,35.31340266021852,-117.54001038092592,83.58127261606313,235.46,20.98557988500825,15000.0,1450488.9,9015.091456745968,1,540.0
3.0,solar,bus_309,solar_3865,35.399983877055554,-117.89215974462962,76.89734211018701,555.68,20.956046218629005,15000.0,748010.2,8326.904253604604,1,540.0
1.0,solar,bus_309,solar_4974,33.90635758151053,-114.39158210489474,355.2273503834759,725.49,20.566563256377396,15000.0,151662.47,5015.97306034038,0,540.0
3.0,solar,bus_309,solar_5002,35.57314631072963,-117.75129999914815,99.19075926159782,321.51,20.805657171461945,15000.0,610527.6,14019.768686868687,1,540.0
2.0,solar,bus_309,solar_6866,35.773670081975865,-113.082849386,472.29845430252766,1975.87,20.3644778352278,15000.0,163287.61,3303.7093581362155,0,540.0
2.0,solar,bus_309,solar_6870,35.816540155793106,-115.27356027885715,285.55925582765553,511.49,20.3885561933549,15000.0,191078.33,4340.889018140537,0,540.0
1.0,solar,bus_309,solar_6877,34.20294672213158,-114.39158210489474,347.53064977373305,243.36,20.323107440582152,35000.0,248843.27,14732.03952695499,0,540.0
1.0,solar,bus_309,solar_7637,34.40067281587895,-116.0482380198421,193.97832841937537,115.64,20.97164538263398,15000.0,329703.16,8637.77394621809,0,540.0
1.0,solar,bus_309,solar_8402,34.59839890962632,-116.18629267942106,178.1709181321991,800.57,20.779362880359272,35000.0,309062.75,5348.813514564577,0,540.0
1.0,solar,bus_309,solar_8406,34.59839890962632,-115.63407404110526,228.5258617193954,381.67,20.52282248996236,35000.0,307217.75,13701.886610865902,0,540.0
3.0,solar,bus_309,solar_8422,36.00605239491482,-118.878177963,156.79885537399247,1534.09,18.4643785313685,15000.0,147581.83,4738.016111105843,1,540.0
1.0,solar,bus_309,solar_8772,34.59839890962632,-115.21991006236843,266.3269763586573,1262.43,20.827260532201606,15000.0,285082.16,4698.472227915261,0,540.0
3.0,solar,bus_309,solar_8801,36.00605239491482,-118.0330194901111,141.50894433547418,1920.94,21.38626932296118,15000.0,166064.89,3150.371663040237,1,540.0
1.0,solar,bus_309,solar_9164,34.6972619565,-115.91018336026316,202.68940186180245,1370.69,20.80076673898595,15000.0,228099.69,4582.887685702328,0,540.0
3.0,solar,bus_309,solar_9554,36.09263361175185,-118.73731821751852,160.68382614923087,2675.24,19.246807189138497,35000.0,439531.4,4826.783703703703,1,540.0
2.0,solar,bus_309,solar_10302,35.94515037724483,-113.95913374314286,401.2385491903651,774.09,20.206921077184717,35000.0,88726.28,5257.520563974944,0,540.0
3.0,solar,bus_309,solar_11083,36.26579604542593,-118.1738792355926,170.18461719757593,562.63,21.704051587967797,15000.0,407670.75,4334.185178850601,1,540.0
2.0,solar,bus_309,solar_11821,36.07376059869655,-115.36118871457143,291.50718783013497,1895.69,20.33245961018209,35000.0,267489.94,4568.217359904856,0,540.0
3.0,solar,bus_309,solar_11837,36.35237726226296,-118.5260285992963,183.3426915036722,3199.82,21.280843517492393,35000.0,657265.94,3555.5323979640634,1,540.0
2.0,solar,bus_309,solar_12188,36.07376059869655,-114.48490435742858,362.0667473979692,1034.83,19.649696670386444,35000.0,345709.78,6176.704732336498,0,540.0
3.0,solar,bus_309,solar_12223,36.35237726226296,-117.3287207627037,193.73596039371685,616.44,19.899699049838656,15000.0,431066.34,4162.50411039619,1,540.0
2.0,solar,bus_309,solar_12568,36.11663067251379,-114.74778966457143,342.5265074168979,907.88,19.391389919897858,35000.0,404530.84,7771.421293493865,0,540.0
3.0,solar,bus_309,solar_12591,36.35237726226296,-117.11743114448147,201.64590842393463,1283.28,20.986785155739607,35000.0,243376.78,5059.439440354808,1,540.0
2.0,solar,bus_309,solar_12954,36.159500746331034,-114.13439061457143,394.78442800583025,216.79,19.79746766913336,35000.0,467371.66,9295.096465069715,0,540.0
2.0,solar,bus_309,solar_12977,36.202370820148275,-114.923046536,332.8389397572386,422.82,19.98129969611502,35000.0,365625.44,4648.62371364967,0,540.0
2.0,solar,bus_309,solar_13734,36.28811096778276,-115.01067497171428,330.68825890372267,1435.71,20.022836093802365,35000.0,275067.38,4670.662091503268,0,540.0
2.0,solar,bus_309,solar_14502,36.3309810416,-114.923046536,339.8731340692752,1274.09,19.972700974607537,35000.0,392252.53,3317.1199651070892,0,540.0
1.0,wind,bus_310,wind_3840,32.91772711277368,-115.08185540278947,344.26988920427056,78.0,29.86654403472681,35000.0,257014.03,13494.356293888508,0,3370.0
1.0,wind,bus_310,wind_3841,32.91772711277368,-114.94380074321053,354.6881089361798,66.0,32.903536507098664,35000.0,317563.62,13922.127475281783,0,3370.0
3.0,wind,bus_310,wind_3867,34.18784684133704,-116.976571399,119.66423942766316,66.0,22.15517101019571,15000.0,550612.56,10357.109068159081,1,3370.0
3.0,wind,bus_310,wind_4614,34.274428058174074,-117.04700127174074,109.31324960695784,228.0,45.46469677479659,15000.0,542013.2,9597.691972840154,1,3370.0
3.0,wind,bus_310,wind_4625,34.361009275011114,-118.24430910833333,42.90832060920286,186.0,40.587012468578514,35000.0,411351.8,5539.314954486427,1,3370.0
1.0,wind,bus_310,wind_5738,33.01659015964737,-114.80574608363158,359.16164238640175,144.0,45.67545565294453,35000.0,185248.53,6033.371193415638,0,3370.0
3.0,wind,bus_310,wind_5759,34.534171708685186,-118.5260285992963,44.25036030469027,246.0,27.70681974270578,15000.0,579130.6,4889.942746873255,1,3370.0
3.0,wind,bus_310,wind_5762,34.534171708685186,-118.31473898107407,28.99595827248124,204.0,38.767218884089594,15000.0,378539.16,11720.692783303672,1,3370.0
1.0,wind,bus_310,wind_6124,33.11545320652105,-116.324347339,243.26599109693305,60.0,52.26981609860366,35000.0,376899.84,13854.580762104344,0,3370.0
2.0,wind,bus_310,wind_6862,35.173489048534485,-114.48490435742858,333.5477084586379,42.0,49.37766374099247,35000.0,362114.1,5022.801101628039,0,3370.0
2.0,wind,bus_310,wind_6864,35.173489048534485,-114.309647486,349.3496629526339,252.0,39.248624139220354,35000.0,454195.8,4487.393906682622,0,3370.0
2.0,wind,bus_310,wind_8004,35.216359122351726,-115.01067497171428,287.0404261177182,222.0,57.02361614208024,15000.0,347759.25,3906.8795749374895,0,3370.0
1.0,wind,bus_310,wind_8011,33.31317930026842,-115.63407404110526,276.81361464784345,228.0,17.733234099813693,15000.0,124354.65,5979.508496701373,0,3370.0
1.0,wind,bus_310,wind_8026,33.31317930026842,-113.701308807,435.2364241165728,126.0,33.18933618191138,35000.0,307217.75,13701.886610865902,0,3370.0
1.0,wind,bus_310,wind_8770,33.412042347142105,-113.9774181261579,407.34017790732,276.0,40.85052500898017,35000.0,139822.95,4952.446145236453,0,3370.0
1.0,wind,bus_310,wind_8775,33.51090539401579,-116.0482380198421,232.7688900683579,108.0,31.262503103984557,15000.0,240732.22,5543.147302292982,0,3370.0
2.0,wind,bus_310,wind_9542,35.25922919616897,-113.43336312885715,429.5234751601392,228.0,40.26782429171251,15000.0,206109.4,3636.3574772151674,0,3370.0
1.0,wind,bus_310,wind_9546,33.609768440889475,-116.18629267942106,215.95947098016848,258.0,31.322704717256308,35000.0,228112.95,6730.409007429606,0,3370.0
1.0,wind,bus_310,wind_9926,33.609768440889475,-115.7721287006842,248.06633298172943,288.0,29.121414121724055,35000.0,177124.89,5342.027528675423,0,3370.0
3.0,wind,bus_310,wind_10314,34.96707779287037,-118.38516885381482,36.80802136832596,246.0,41.28737036872091,15000.0,469507.75,3910.4721550060904,1,3370.0
3.0,wind,bus_310,wind_11080,35.05365900970741,-117.82172987188889,44.3391694099629,240.0,29.83449048851381,15000.0,473568.0,3140.1317006028785,1,3370.0
3.0,wind,bus_310,wind_11451,35.05365900970741,-117.39915063544444,73.75355773930293,216.0,31.922420034212657,35000.0,286184.66,5037.468664619892,1,3370.0
3.0,wind,bus_310,wind_11462,35.14024022654445,-118.59645847203703,64.02154689780382,72.0,30.90716157998361,15000.0,421182.88,4246.732688971792,1,3370.0
2.0,wind,bus_310,wind_12200,35.47357956525517,-115.44881715028572,255.36685212107923,282.0,35.868914710440556,35000.0,368521.7,3513.425303677313,0,3370.0
3.0,wind,bus_310,wind_12222,35.22682144338148,-118.80774809025925,84.64797582692518,180.0,7.294763642570183,15000.0,448000.2,4639.573607492375,1,3370.0
2.0,wind,bus_310,wind_13347,35.602189786706894,-115.36118871457143,267.58077481332765,240.0,31.74171522120349,35000.0,271069.88,4934.397613384755,0,3370.0
2.0,wind,bus_310,wind_13355,35.602189786706894,-114.66016122885715,327.7718688248397,258.0,46.71920613088312,35000.0,318633.25,4238.3168759567225,0,3370.0
2.0,wind,bus_310,wind_13719,35.602189786706894,-113.696248436,412.2610425687396,270.0,49.6009464184887,15000.0,369154.3,5210.298750561249,0,3370.0
2.0,wind,bus_310,wind_13723,35.602189786706894,-113.34573469314286,443.2818316064119,282.0,46.93785294623239,35000.0,342503.72,4586.018234119997,0,3370.0
2.0,wind,bus_310,wind_14115,35.645059860524135,-113.60862000028573,421.0262728080808,102.0,44.604152879739,35000.0,319696.4,5301.523045267489,0,3370.0
1.0,solar,bus_310,solar_1180,33.609768440889475,-113.9774181261579,399.5437777849963,119.51,20.66093307534744,35000.0,415575.4,10881.386489607035,0,540.0
1.0,solar,bus_310,solar_1938,33.70863148776316,-115.91018336026316,231.48397362470607,413.56,21.006451738438415,35000.0,136194.78,5589.921430933224,0,540.0
1.0,solar,bus_310,solar_2696,33.70863148776316,-114.5296367644737,347.715059919976,975.34,20.23556579392014,15000.0,326046.84,5842.262500000001,0,540.0
3.0,solar,bus_310,solar_3481,35.31340266021852,-117.54001038092592,82.82907553518301,235.46,20.98557988500825,15000.0,1450488.9,9015.091456745968,1,540.0
3.0,solar,bus_310,solar_3865,35.399983877055554,-117.89215974462962,77.03879818594739,555.68,20.956046218629005,15000.0,748010.2,8326.904253604604,1,540.0
1.0,solar,bus_310,solar_4974,33.90635758151053,-114.39158210489474,353.03096889117523,725.49,20.566563256377396,15000.0,151662.47,5015.97306034038,0,540.0
3.0,solar,bus_310,solar_5002,35.57314631072963,-117.75129999914815,99.17294423941895,321.51,20.805657171461945,15000.0,610527.6,14019.768686868687,1,540.0
2.0,solar,bus_310,solar_6866,35.773670081975865,-113.082849386,470.4840927359727,1975.87,20.3644778352278,15000.0,163287.61,3303.7093581362155,0,540.0
2.0,solar,bus_310,solar_6870,35.816540155793106,-115.27356027885715,283.9952769261084,511.49,20.3885561933549,15000.0,191078.33,4340.889018140537,0,540.0
1.0,solar,bus_310,solar_6877,34.20294672213158,-114.39158210489474,345.3610023610565,243.36,20.323107440582152,35000.0,248843.27,14732.03952695499,0,540.0
1.0,solar,bus_310,solar_7637,34.40067281587895,-116.0482380198421,191.797944494779,115.64,20.97164538263398,15000.0,329703.16,8637.77394621809,0,540.0
1.0,solar,bus_310,solar_8402,34.59839890962632,-116.18629267942106,176.03816473908813,800.57,20.779362880359272,35000.0,309062.75,5348.813514564577,0,540.0
1.0,solar,bus_310,solar_8406,34.59839890962632,-115.63407404110526,226.4055761475717,381.67,20.52282248996236,35000.0,307217.75,13701.886610865902,0,540.0
3.0,solar,bus_310,solar_8422,36.00605239491482,-118.878177963,158.35113516475732,1534.09,18.4643785313685,15000.0,147581.83,4738.016111105843,1,540.0
1.0,solar,bus_310,solar_8772,34.59839890962632,-115.21991006236843,264.2137295836744,1262.43,20.827260532201606,15000.0,285082.16,4698.472227915261,0,540.0
3.0,solar,bus_310,solar_8801,36.00605239491482,-118.0330194901111,142.11458467962956,1920.94,21.38626932296118,15000.0,166064.89,3150.371663040237,1,540.0
1.0,solar,bus_310,solar_9164,34.6972619565,-115.91018336026316,200.59830597614368,1370.69,20.80076673898595,15000.0,228099.69,4582.887685702328,0,540.0
3.0,solar,bus_310,solar_9554,36.09263361175185,-118.73731821751852,162.0773394130674,2675.24,19.246807189138497,35000.0,439531.4,4826.783703703703,1,540.0
2.0,solar,bus_310,solar_10302,35.94515037724483,-113.95913374314286,399.54549070947775,774.09,20.206921077184717,35000.0,88726.28,5257.520563974944,0,540.0
3.0,solar,bus_310,solar_11083,36.26579604542593,-118.1738792355926,170.9641052499,562.63,21.704051587967797,15000.0,407670.75,4334.185178850601,1,540.0
2.0,solar,bus_310,solar_11821,36.07376059869655,-115.36118871457143,290.1079015021045,1895.69,20.33245961018209,35000.0,267489.94,4568.217359904856,0,540.0
3.0,solar,bus_310,solar_11837,36.35237726226296,-118.5260285992963,184.4610268122645,3199.82,21.280843517492393,35000.0,657265.94,3555.5323979640634,1,540.0
2.0,solar,bus_310,solar_12188,36.07376059869655,-114.48490435742858,360.4910874964528,1034.83,19.649696670386444,35000.0,345709.78,6176.704732336498,0,540.0
3.0,solar,bus_310,solar_12223,36.35237726226296,-117.3287207627037,193.64410286344483,616.44,19.899699049838656,15000.0,431066.34,4162.50411039619,1,540.0
2.0,solar,bus_310,solar_12568,36.11663067251379,-114.74778966457143,341.01421566299257,907.88,19.391389919897858,35000.0,404530.84,7771.421293493865,0,540.0
3.0,solar,bus_310,solar_12591,36.35237726226296,-117.11743114448147,201.36240198393233,1283.28,20.986785155739607,35000.0,243376.78,5059.439440354808,1,540.0
2.0,solar,bus_310,solar_12954,36.159500746331034,-114.13439061457143,393.194542759932,216.79,19.79746766913336,35000.0,467371.66,9295.096465069715,0,540.0
2.0,solar,bus_310,solar_12977,36.202370820148275,-114.923046536,331.4028827840097,422.82,19.98129969611502,35000.0,365625.44,4648.62371364967,0,540.0
2.0,solar,bus_310,solar_13734,36.28811096778276,-115.01067497171428,329.314696403461,1435.71,20.022836093802365,35000.0,275067.38,4670.662091503268,0,540.0
2.0,solar,bus_310,solar_14502,36.3309810416,-114.923046536,338.50005160265835,1274.09,19.972700974607537,35000.0,392252.53,3317.1199651070892,0,540.0
1.0,wind,bus_311,wind_3840,32.91772711277368,-115.08185540278947,345.6396814094256,78.0,29.86654403472681,35000.0,257014.03,13494.356293888508,0,3370.0
1.0,wind,bus_311,wind_3841,32.91772711277368,-114.94380074321053,356.0407552774546,66.0,32.903536507098664,35000.0,317563.62,13922.127475281783,0,3370.0
3.0,wind,bus_311,wind_3867,34.18784684133704,-116.976571399,120.96246457597375,66.0,22.15517101019571,15000.0,550612.56,10357.109068159081,1,3370.0
3.0,wind,bus_311,wind_4614,34.274428058174074,-117.04700127174074,110.5699294203366,228.0,45.46469677479659,15000.0,542013.2,9597.691972840154,1,3370.0
3.0,wind,bus_311,wind_4625,34.361009275011114,-118.24430910833333,44.07476235752198,186.0,40.587012468578514,35000.0,411351.8,5539.314954486427,1,3370.0
1.0,wind,bus_311,wind_5738,33.01659015964737,-114.80574608363158,360.4761057663226,144.0,45.67545565294453,35000.0,185248.53,6033.371193415638,0,3370.0
3.0,wind,bus_311,wind_5759,34.534171708685186,-118.5260285992963,44.381673909909615,246.0,27.70681974270578,15000.0,579130.6,4889.942746873255,1,3370.0
3.0,wind,bus_311,wind_5762,34.534171708685186,-118.31473898107407,29.644211018047137,204.0,38.767218884089594,15000.0,378539.16,11720.692783303672,1,3370.0
1.0,wind,bus_311,wind_6124,33.11545320652105,-116.324347339,244.7675268457138,60.0,52.26981609860366,35000.0,376899.84,13854.580762104344,0,3370.0
2.0,wind,bus_311,wind_6862,35.173489048534485,-114.48490435742858,333.98296320174126,42.0,49.37766374099247,35000.0,362114.1,5022.801101628039,0,3370.0
2.0,wind,bus_311,wind_6864,35.173489048534485,-114.309647486,349.79366591582976,252.0,39.248624139220354,35000.0,454195.8,4487.393906682622,0,3370.0
2.0,wind,bus_311,wind_8004,35.216359122351726,-115.01067497171428,287.41763486593135,222.0,57.02361614208024,15000.0,347759.25,3906.8795749374895,0,3370.0
1.0,wind,bus_311,wind_8011,33.31317930026842,-115.63407404110526,278.17010749297395,228.0,17.733234099813693,15000.0,124354.65,5979.508496701373,0,3370.0
1.0,wind,bus_311,wind_8026,33.31317930026842,-113.701308807,436.3592186818341,126.0,33.18933618191138,35000.0,307217.75,13701.886610865902,0,3370.0
1.0,wind,bus_311,wind_8770,33.412042347142105,-113.9774181261579,408.46194679593384,276.0,40.85052500898017,35000.0,139822.95,4952.446145236453,0,3370.0
1.0,wind,bus_311,wind_8775,33.51090539401579,-116.0482380198421,234.13981703079327,108.0,31.262503103984557,15000.0,240732.22,5543.147302292982,0,3370.0
2.0,wind,bus_311,wind_9542,35.25922919616897,-113.43336312885715,429.9666461948339,228.0,40.26782429171251,15000.0,206109.4,3636.3574772151674,0,3370.0
1.0,wind,bus_311,wind_9546,33.609768440889475,-116.18629267942106,217.3256999194465,258.0,31.322704717256308,35000.0,228112.95,6730.409007429606,0,3370.0
1.0,wind,bus_311,wind_9926,33.609768440889475,-115.7721287006842,249.35618586665515,288.0,29.121414121724055,35000.0,177124.89,5342.027528675423,0,3370.0
3.0,wind,bus_311,wind_10314,34.96707779287037,-118.38516885381482,35.319324311160585,246.0,41.28737036872091,15000.0,469507.75,3910.4721550060904,1,3370.0
3.0,wind,bus_311,wind_11080,35.05365900970741,-117.82172987188889,43.59699358961298,240.0,29.83449048851381,15000.0,473568.0,3140.1317006028785,1,3370.0
3.0,wind,bus_311,wind_11451,35.05365900970741,-117.39915063544444,73.66044010692431,216.0,31.922420034212657,35000.0,286184.66,5037.468664619892,1,3370.0
3.0,wind,bus_311,wind_11462,35.14024022654445,-118.59645847203703,62.53413411347337,72.0,30.90716157998361,15000.0,421182.88,4246.732688971792,1,3370.0
2.0,wind,bus_311,wind_12200,35.47357956525517,-115.44881715028572,255.53082024343735,282.0,35.868914710440556,35000.0,368521.7,3513.425303677313,0,3370.0
3.0,wind,bus_311,wind_12222,35.22682144338148,-118.80774809025925,83.20719340330533,180.0,7.294763642570183,15000.0,448000.2,4639.573607492375,1,3370.0
2.0,wind,bus_311,wind_13347,35.602189786706894,-115.36118871457143,267.67929057625054,240.0,31.74171522120349,35000.0,271069.88,4934.397613384755,0,3370.0
2.0,wind,bus_311,wind_13355,35.602189786706894,-114.66016122885715,327.9745636680702,258.0,46.71920613088312,35000.0,318633.25,4238.3168759567225,0,3370.0
2.0,wind,bus_311,wind_13719,35.602189786706894,-113.696248436,412.5533131317973,270.0,49.6009464184887,15000.0,369154.3,5210.298750561249,0,3370.0
2.0,wind,bus_311,wind_13723,35.602189786706894,-113.34573469314286,443.5973105842125,282.0,46.93785294623239,35000.0,342503.72,4586.018234119997,0,3370.0
2.0,wind,bus_311,wind_14115,35.645059860524135,-113.60862000028573,421.30756887221696,102.0,44.604152879739,35000.0,319696.4,5301.523045267489,0,3370.0
1.0,solar,bus_311,solar_1180,33.609768440889475,-113.9774181261579,400.6079255106404,119.51,20.66093307534744,35000.0,415575.4,10881.386489607035,0,540.0
1.0,solar,bus_311,solar_1938,33.70863148776316,-115.91018336026316,232.76249791409523,413.56,21.006451738438415,35000.0,136194.78,5589.921430933224,0,540.0
1.0,solar,bus_311,solar_2696,33.70863148776316,-114.5296367644737,348.80053725223564,975.34,20.23556579392014,15000.0,326046.84,5842.262500000001,0,540.0
3.0,solar,bus_311,solar_3481,35.31340266021852,-117.54001038092592,82.14319678310142,235.46,20.98557988500825,15000.0,1450488.9,9015.091456745968,1,540.0
3.0,solar,bus_311,solar_3865,35.399983877055554,-117.89215974462962,75.83886114453372,555.68,20.956046218629005,15000.0,748010.2,8326.904253604604,1,540.0
1.0,solar,bus_311,solar_4974,33.90635758151053,-114.39158210489474,354.0329671687991,725.49,20.566563256377396,15000.0,151662.47,5015.97306034038,0,540.0
3.0,solar,bus_311,solar_5002,35.57314631072963,-117.75129999914815,98.05203784198018,321.51,20.805657171461945,15000.0,610527.6,14019.768686868687,1,540.0
2.0,solar,bus_311,solar_6866,35.773670081975865,-113.082849386,470.7530455134789,1975.87,20.3644778352278,15000.0,163287.61,3303.7093581362155,0,540.0
2.0,solar,bus_311,solar_6870,35.816540155793106,-115.27356027885715,283.9850276101569,511.49,20.3885561933549,15000.0,191078.33,4340.889018140537,0,540.0
1.0,solar,bus_311,solar_6877,34.20294672213158,-114.39158210489474,346.2475536823447,243.36,20.323107440582152,35000.0,248843.27,14732.03952695499,0,540.0
1.0,solar,bus_311,solar_7637,34.40067281587895,-116.0482380198421,192.7244338459755,115.64,20.97164538263398,15000.0,329703.16,8637.77394621809,0,540.0
1.0,solar,bus_311,solar_8402,34.59839890962632,-116.18629267942106,176.82255197739397,800.57,20.779362880359272,35000.0,309062.75,5348.813514564577,0,540.0
1.0,solar,bus_311,solar_8406,34.59839890962632,-115.63407404110526,227.15973770724077,381.67,20.52282248996236,35000.0,307217.75,13701.886610865902,0,540.0
3.0,solar,bus_311,solar_8422,36.00605239491482,-118.878177963,156.77734513333672,1534.09,18.4643785313685,15000.0,147581.83,4738.016111105843,1,540.0
1.0,solar,bus_311,solar_8772,34.59839890962632,-115.21991006236843,264.95168397410924,1262.43,20.827260532201606,15000.0,285082.16,4698.472227915261,0,540.0
3.0,solar,bus_311,solar_8801,36.00605239491482,-118.0330194901111,140.7277594687375,1920.94,21.38626932296118,15000.0,166064.89,3150.371663040237,1,540.0
1.0,solar,bus_311,solar_9164,34.6972619565,-115.91018336026316,201.28993733560569,1370.69,20.80076673898595,15000.0,228099.69,4582.887685702328,0,540.0
3.0,solar,bus_311,solar_9554,36.09263361175185,-118.73731821751852,160.50935408885977,2675.24,19.246807189138497,35000.0,439531.4,4826.783703703703,1,540.0
2.0,solar,bus_311,solar_10302,35.94515037724483,-113.95913374314286,399.6722508362143,774.09,20.206921077184717,35000.0,88726.28,5257.520563974944,0,540.0
3.0,solar,bus_311,solar_11083,36.26579604542593,-118.1738792355926,169.52070517877328,562.63,21.704051587967797,15000.0,407670.75,4334.185178850601,1,540.0
2.0,solar,bus_311,solar_11821,36.07376059869655,-115.36118871457143,289.938548663712,1895.69,20.33245961018209,35000.0,267489.94,4568.217359904856,0,540.0
3.0,solar,bus_311,solar_11837,36.35237726226296,-118.5260285992963,182.9320707451392,3199.82,21.280843517492393,35000.0,657265.94,3555.5323979640634,1,540.0
2.0,solar,bus_311,solar_12188,36.07376059869655,-114.48490435742858,360.4927261466291,1034.83,19.649696670386444,35000.0,345709.78,6176.704732336498,0,540.0
3.0,solar,bus_311,solar_12223,36.35237726226296,-117.3287207627037,192.56414391573767,616.44,19.899699049838656,15000.0,431066.34,4162.50411039619,1,540.0
2.0,solar,bus_311,solar_12568,36.11663067251379,-114.74778966457143,340.9523410666796,907.88,19.391389919897858,35000.0,404530.84,7771.421293493865,0,540.0
3.0,solar,bus_311,solar_12591,36.35237726226296,-117.11743114448147,200.38680038646723,1283.28,20.986785155739607,35000.0,243376.78,5059.439440354808,1,540.0
2.0,solar,bus_311,solar_12954,36.159500746331034,-114.13439061457143,393.2107917796044,216.79,19.79746766913336,35000.0,467371.66,9295.096465069715,0,540.0
2.0,solar,bus_311,solar_12977,36.202370820148275,-114.923046536,331.2677717429584,422.82,19.98129969611502,35000.0,365625.44,4648.62371364967,0,540.0
2.0,solar,bus_311,solar_13734,36.28811096778276,-115.01067497171428,329.1218697201546,1435.71,20.022836093802365,35000.0,275067.38,4670.662091503268,0,540.0
2.0,solar,bus_311,solar_14502,36.3309810416,-114.923046536,338.306799391507,1274.09,19.972700974607537,35000.0,392252.53,3317.1199651070892,0,540.0
1.0,wind,bus_312,wind_3840,32.91772711277368,-115.08185540278947,345.01865262107884,78.0,29.86654403472681,35000.0,257014.03,13494.356293888508,0,3370.0
1.0,wind,bus_312,wind_3841,32.91772711277368,-114.94380074321053,355.46658833761836,66.0,32.903536507098664,35000.0,317563.62,13922.127475281783,0,3370.0
3.0,wind,bus_312,wind_3867,34.18784684133704,-116.976571399,120.5367251530257,66.0,22.15517101019571,15000.0,550612.56,10357.109068159081,1,3370.0
3.0,wind,bus_312,wind_4614,34.274428058174074,-117.04700127174074,110.24512071829486,228.0,45.46469677479659,15000.0,542013.2,9597.691972840154,1,3370.0
3.0,wind,bus_312,wind_4625,34.361009275011114,-118.24430910833333,41.82971686059281,186.0,40.587012468578514,35000.0,411351.8,5539.314954486427,1,3370.0
1.0,wind,bus_312,wind_5738,33.01659015964737,-114.80574608363158,360.0016945158525,144.0,45.67545565294453,35000.0,185248.53,6033.371193415638,0,3370.0
3.0,wind,bus_312,wind_5759,34.534171708685186,-118.5260285992963,42.68028709961833,246.0,27.70681974270578,15000.0,579130.6,4889.942746873255,1,3370.0
3.0,wind,bus_312,wind_5762,34.534171708685186,-118.31473898107407,27.541614120312495,204.0,38.767218884089594,15000.0,378539.16,11720.692783303672,1,3370.0
1.0,wind,bus_312,wind_6124,33.11545320652105,-116.324347339,243.71081662629143,60.0,52.26981609860366,35000.0,376899.84,13854.580762104344,0,3370.0
2.0,wind,bus_312,wind_6862,35.173489048534485,-114.48490435742858,335.04977593259514,42.0,49.37766374099247,35000.0,362114.1,5022.801101628039,0,3370.0
2.0,wind,bus_312,wind_6864,35.173489048534485,-114.309647486,350.8489687799847,252.0,39.248624139220354,35000.0,454195.8,4487.393906682622,0,3370.0
2.0,wind,bus_312,wind_8004,35.216359122351726,-115.01067497171428,288.559217747562,222.0,57.02361614208024,15000.0,347759.25,3906.8795749374895,0,3370.0
1.0,wind,bus_312,wind_8011,33.31317930026842,-115.63407404110526,277.58670023824595,228.0,17.733234099813693,15000.0,124354.65,5979.508496701373,0,3370.0
1.0,wind,bus_312,wind_8026,33.31317930026842,-113.701308807,436.3163973469012,126.0,33.18933618191138,35000.0,307217.75,13701.886610865902,0,3370.0
1.0,wind,bus_312,wind_8770,33.412042347142105,-113.9774181261579,408.4214133338008,276.0,40.85052500898017,35000.0,139822.95,4952.446145236453,0,3370.0
1.0,wind,bus_312,wind_8775,33.51090539401579,-116.0482380198421,233.51769310061565,108.0,31.262503103984557,15000.0,240732.22,5543.147302292982,0,3370.0
2.0,wind,bus_312,wind_9542,35.25922919616897,-113.43336312885715,431.0227912004337,228.0,40.26782429171251,15000.0,206109.4,3636.3574772151674,0,3370.0
1.0,wind,bus_312,wind_9546,33.609768440889475,-116.18629267942106,216.7171192317183,258.0,31.322704717256308,35000.0,228112.95,6730.409007429606,0,3370.0
1.0,wind,bus_312,wind_9926,33.609768440889475,-115.7721287006842,248.9448547072071,288.0,29.121414121724055,35000.0,177124.89,5342.027528675423,0,3370.0
3.0,wind,bus_312,wind_10314,34.96707779287037,-118.38516885381482,36.37150760777451,246.0,41.28737036872091,15000.0,469507.75,3910.4721550060904,1,3370.0
3.0,wind,bus_312,wind_11080,35.05365900970741,-117.82172987188889,45.73525292259476,240.0,29.83449048851381,15000.0,473568.0,3140.1317006028785,1,3370.0
3.0,wind,bus_312,wind_11451,35.05365900970741,-117.39915063544444,75.32343246709073,216.0,31.922420034212657,35000.0,286184.66,5037.468664619892,1,3370.0
3.0,wind,bus_312,wind_11462,35.14024022654445,-118.59645847203703,63.56351364209395,72.0,30.90716157998361,15000.0,421182.88,4246.732688971792,1,3370.0
2.0,wind,bus_312,wind_12200,35.47357956525517,-115.44881715028572,256.92676514031615,282.0,35.868914710440556,35000.0,368521.7,3513.425303677313,0,3370.0
3.0,wind,bus_312,wind_12222,35.22682144338148,-118.80774809025925,84.06452394226993,180.0,7.294763642570183,15000.0,448000.2,4639.573607492375,1,3370.0
2.0,wind,bus_312,wind_13347,35.602189786706894,-115.36118871457143,269.147302940301,240.0,31.74171522120349,35000.0,271069.88,4934.397613384755,0,3370.0
2.0,wind,bus_312,wind_13355,35.602189786706894,-114.66016122885715,329.32638550230456,258.0,46.71920613088312,35000.0,318633.25,4238.3168759567225,0,3370.0
2.0,wind,bus_312,wind_13719,35.602189786706894,-113.696248436,413.7994849580765,270.0,49.6009464184887,15000.0,369154.3,5210.298750561249,0,3370.0
2.0,wind,bus_312,wind_13723,35.602189786706894,-113.34573469314286,444.815221329252,282.0,46.93785294623239,35000.0,342503.72,4586.018234119997,0,3370.0
2.0,wind,bus_312,wind_14115,35.645059860524135,-113.60862000028573,422.5669384953573,102.0,44.604152879739,35000.0,319696.4,5301.523045267489,0,3370.0
1.0,solar,bus_312,solar_1180,33.609768440889475,-113.9774181261579,400.6817052156747,119.51,20.66093307534744,35000.0,415575.4,10881.386489607035,0,540.0
1.0,solar,bus_312,solar_1938,33.70863148776316,-115.91018336026316,232.37907633437212,413.56,21.006451738438415,35000.0,136194.78,5589.921430933224,0,540.0
1.0,solar,bus_312,solar_2696,33.70863148776316,-114.5296367644737,348.8331424328037,975.34,20.23556579392014,15000.0,326046.84,5842.262500000001,0,540.0
3.0,solar,bus_312,solar_3481,35.31340266021852,-117.54001038092592,84.25502338331907,235.46,20.98557988500825,15000.0,1450488.9,9015.091456745968,1,540.0
3.0,solar,bus_312,solar_3865,35.399983877055554,-117.89215974462962,78.08246328324256,555.68,20.956046218629005,15000.0,748010.2,8326.904253604604,1,540.0
1.0,solar,bus_312,solar_4974,33.90635758151053,-114.39158210489474,354.2244439471699,725.49,20.566563256377396,15000.0,151662.47,5015.97306034038,0,540.0
3.0,solar,bus_312,solar_5002,35.57314631072963,-117.75129999914815,100.29993632914258,321.51,20.805657171461945,15000.0,610527.6,14019.768686868687,1,540.0
2.0,solar,bus_312,solar_6866,35.773670081975865,-113.082849386,472.0271115790553,1975.87,20.3644778352278,15000.0,163287.61,3303.7093581362155,0,540.0
2.0,solar,bus_312,solar_6870,35.816540155793106,-115.27356027885715,285.5668351965925,511.49,20.3885561933549,15000.0,191078.33,4340.889018140537,0,540.0
1.0,solar,bus_312,solar_6877,34.20294672213158,-114.39158210489474,346.6432026925757,243.36,20.323107440582152,35000.0,248843.27,14732.03952695499,0,540.0
1.0,solar,bus_312,solar_7637,34.40067281587895,-116.0482380198421,193.0537544664073,115.64,20.97164538263398,15000.0,329703.16,8637.77394621809,0,540.0
1.0,solar,bus_312,solar_8402,34.59839890962632,-116.18629267942106,177.3885717944401,800.57,20.779362880359272,35000.0,309062.75,5348.813514564577,0,540.0
1.0,solar,bus_312,solar_8406,34.59839890962632,-115.63407404110526,227.77227728342143,381.67,20.52282248996236,35000.0,307217.75,13701.886610865902,0,540.0
3.0,solar,bus_312,solar_8422,36.00605239491482,-118.878177963,158.3762713397896,1534.09,18.4643785313685,15000.0,147581.83,4738.016111105843,1,540.0
1.0,solar,bus_312,solar_8772,34.59839890962632,-115.21991006236843,265.588886492547,1262.43,20.827260532201606,15000.0,285082.16,4698.472227915261,0,540.0
3.0,solar,bus_312,solar_8801,36.00605239491482,-118.0330194901111,142.89028017538408,1920.94,21.38626932296118,15000.0,166064.89,3150.371663040237,1,540.0
1.0,solar,bus_312,solar_9164,34.6972619565,-115.91018336026316,201.9987281224408,1370.69,20.80076673898595,15000.0,228099.69,4582.887685702328,0,540.0
3.0,solar,bus_312,solar_9554,36.09263361175185,-118.73731821751852,162.2536715313364,2675.24,19.246807189138497,35000.0,439531.4,4826.783703703703,1,540.0
2.0,solar,bus_312,solar_10302,35.94515037724483,-113.95913374314286,401.1093206635953,774.09,20.206921077184717,35000.0,88726.28,5257.520563974944,0,540.0
3.0,solar,bus_312,solar_11083,36.26579604542593,-118.1738792355926,171.6248092134678,562.63,21.704051587967797,15000.0,407670.75,4334.185178850601,1,540.0
2.0,solar,bus_312,solar_11821,36.07376059869655,-115.36118871457143,291.6733858347347,1895.69,20.33245961018209,35000.0,267489.94,4568.217359904856,0,540.0
3.0,solar,bus_312,solar_11837,36.35237726226296,-118.5260285992963,184.87125351621103,3199.82,21.280843517492393,35000.0,657265.94,3555.5323979640634,1,540.0
2.0,solar,bus_312,solar_12188,36.07376059869655,-114.48490435742858,362.06243831066814,1034.83,19.649696670386444,35000.0,345709.78,6176.704732336498,0,540.0
3.0,solar,bus_312,solar_12223,36.35237726226296,-117.3287207627037,194.81003948056207,616.44,19.899699049838656,15000.0,431066.34,4162.50411039619,1,540.0
2.0,solar,bus_312,solar_12568,36.11663067251379,-114.74778966457143,342.585572882564,907.88,19.391389919897858,35000.0,404530.84,7771.421293493865,0,540.0
3.0,solar,bus_312,solar_12591,36.35237726226296,-117.11743114448147,202.615662335032,1283.28,20.986785155739607,35000.0,243376.78,5059.439440354808,1,540.0
2.0,solar,bus_312,solar_12954,36.159500746331034,-114.13439061457143,394.76552194134854,216.79,19.79746766913336,35000.0,467371.66,9295.096465069715,0,540.0
2.0,solar,bus_312,solar_12977,36.202370820148275,-114.923046536,332.9710652477004,422.82,19.98129969611502,35000.0,365625.44,4648.62371364967,0,540.0
2.0,solar,bus_312,solar_13734,36.28811096778276,-115.01067497171428,330.8779659415824,1435.71,20.022836093802365,35000.0,275067.38,4670.662091503268,0,540.0
2.0,solar,bus_312,solar_14502,36.3309810416,-114.923046536,340.06328635088533,1274.09,19.972700974607537,35000.0,392252.53,3317.1199651070892,0,540.0
1.0,wind,bus_313,wind_3840,32.91772711277368,-115.08185540278947,310.55722331998857,78.0,29.86654403472681,35000.0,257014.03,13494.356293888508,0,3370.0
1.0,wind,bus_313,wind_3841,32.91772711277368,-114.94380074321053,321.8151121539982,66.0,32.903536507098664,35000.0,317563.62,13922.127475281783,0,3370.0
3.0,wind,bus_313,wind_3867,34.18784684133704,-116.976571399,96.21116059047358,66.0,22.15517101019571,15000.0,550612.56,10357.109068159081,1,3370.0
3.0,wind,bus_313,wind_4614,34.274428058174074,-117.04700127174074,89.30999005860053,228.0,45.46469677479659,15000.0,542013.2,9597.691972840154,1,3370.0
3.0,wind,bus_313,wind_4625,34.361009275011114,-118.24430910833333,23.282926995470437,186.0,40.587012468578514,35000.0,411351.8,5539.314954486427,1,3370.0
1.0,wind,bus_313,wind_5738,33.01659015964737,-114.80574608363158,328.2334927174167,144.0,45.67545565294453,35000.0,185248.53,6033.371193415638,0,3370.0
3.0,wind,bus_313,wind_5759,34.534171708685186,-118.5260285992963,55.31107732277355,246.0,27.70681974270578,15000.0,579130.6,4889.942746873255,1,3370.0
3.0,wind,bus_313,wind_5762,34.534171708685186,-118.31473898107407,40.38573061946241,204.0,38.767218884089594,15000.0,378539.16,11720.692783303672,1,3370.0
1.0,wind,bus_313,wind_6124,33.11545320652105,-116.324347339,202.2929635396487,60.0,52.26981609860366,35000.0,376899.84,13854.580762104344,0,3370.0
2.0,wind,bus_313,wind_6862,35.173489048534485,-114.48490435742858,338.38822942540594,42.0,49.37766374099247,35000.0,362114.1,5022.801101628039,0,3370.0
2.0,wind,bus_313,wind_6864,35.173489048534485,-114.309647486,353.70560013263344,252.0,39.248624139220354,35000.0,454195.8,4487.393906682622,0,3370.0
2.0,wind,bus_313,wind_8004,35.216359122351726,-115.01067497171428,294.4933588106453,222.0,57.02361614208024,15000.0,347759.25,3906.8795749374895,0,3370.0
1.0,wind,bus_313,wind_8011,33.31317930026842,-115.63407404110526,244.4840667467253,228.0,17.733234099813693,15000.0,124354.65,5979.508496701373,0,3370.0
1.0,wind,bus_313,wind_8026,33.31317930026842,-113.701308807,412.76454639407103,126.0,33.18933618191138,35000.0,307217.75,13701.886610865902,0,3370.0
1.0,wind,bus_313,wind_8770,33.412042347142105,-113.9774181261579,385.1026148358698,276.0,40.85052500898017,35000.0,139822.95,4952.446145236453,0,3370.0
1.0,wind,bus_313,wind_8775,33.51090539401579,-116.0482380198421,200.3035162638689,108.0,31.262503103984557,15000.0,240732.22,5543.147302292982,0,3370.0
2.0,wind,bus_313,wind_9542,35.25922919616897,-113.43336312885715,433.1701299261392,228.0,40.26782429171251,15000.0,206109.4,3636.3574772151674,0,3370.0
1.0,wind,bus_313,wind_9546,33.609768440889475,-116.18629267942106,184.09774440032064,258.0,31.322704717256308,35000.0,228112.95,6730.409007429606,0,3370.0
1.0,wind,bus_313,wind_9926,33.609768440889475,-115.7721287006842,219.7023977500163,288.0,29.121414121724055,35000.0,177124.89,5342.027528675423,0,3370.0
3.0,wind,bus_313,wind_10314,34.96707779287037,-118.38516885381482,84.93258727059107,246.0,41.28737036872091,15000.0,469507.75,3910.4721550060904,1,3370.0
3.0,wind,bus_313,wind_11080,35.05365900970741,-117.82172987188889,89.4998316657213,240.0,29.83449048851381,15000.0,473568.0,3140.1317006028785,1,3370.0
3.0,wind,bus_313,wind_11451,35.05365900970741,-117.39915063544444,104.39183951152935,216.0,31.922420034212657,35000.0,286184.66,5037.468664619892,1,3370.0
3.0,wind,bus_313,wind_11462,35.14024022654445,-118.59645847203703,110.69645663681946,72.0,30.90716157998361,15000.0,421182.88,4246.732688971792,1,3370.0
2.0,wind,bus_313,wind_12200,35.47357956525517,-115.44881715028572,270.21937779243376,282.0,35.868914710440556,35000.0,368521.7,3513.425303677313,0,3370.0
3.0,wind,bus_313,wind_12222,35.22682144338148,-118.80774809025925,128.94541801694814,180.0,7.294763642570183,15000.0,448000.2,4639.573607492375,1,3370.0
2.0,wind,bus_313,wind_13347,35.602189786706894,-115.36118871457143,284.22639841790806,240.0,31.74171522120349,35000.0,271069.88,4934.397613384755,0,3370.0
2.0,wind,bus_313,wind_13355,35.602189786706894,-114.66016122885715,340.32918927133574,258.0,46.71920613088312,35000.0,318633.25,4238.3168759567225,0,3370.0
2.0,wind,bus_313,wind_13719,35.602189786706894,-113.696248436,421.1055775336822,270.0,49.6009464184887,15000.0,369154.3,5210.298750561249,0,3370.0
2.0,wind,bus_313,wind_13723,35.602189786706894,-113.34573469314286,451.13262524069734,282.0,46.93785294623239,35000.0,342503.72,4586.018234119997,0,3370.0
2.0,wind,bus_313,wind_14115,35.645059860524135,-113.60862000028573,430.1635825430929,102.0,44.604152879739,35000.0,319696.4,5301.523045267489,0,3370.0
1.0,solar,bus_313,solar_1180,33.609768440889475,-113.9774181261579,379.862367387883,119.51,20.66093307534744,35000.0,415575.4,10881.386489607035,0,540.0
1.0,solar,bus_313,solar_1938,33.70863148776316,-115.91018336026316,204.02709326627533,413.56,21.006451738438415,35000.0,136194.78,5589.921430933224,0,540.0
1.0,solar,bus_313,solar_2696,33.70863148776316,-114.5296367644737,327.5841842700964,975.34,20.23556579392014,15000.0,326046.84,5842.262500000001,0,540.0
3.0,solar,bus_313,solar_3481,35.31340266021852,-117.54001038092592,124.47991080066696,235.46,20.98557988500825,15000.0,1450488.9,9015.091456745968,1,540.0
3.0,solar,bus_313,solar_3865,35.399983877055554,-117.89215974462962,126.70337754740191,555.68,20.956046218629005,15000.0,748010.2,8326.904253604604,1,540.0
1.0,solar,bus_313,solar_4974,33.90635758151053,-114.39158210489474,336.3980561988939,725.49,20.566563256377396,15000.0,151662.47,5015.97306034038,0,540.0
3.0,solar,bus_313,solar_5002,35.57314631072963,-117.75129999914815,147.46097867262017,321.51,20.805657171461945,15000.0,610527.6,14019.768686868687,1,540.0
2.0,solar,bus_313,solar_6866,35.773670081975865,-113.082849386,479.692689137599,1975.87,20.3644778352278,15000.0,163287.61,3303.7093581362155,0,540.0
2.0,solar,bus_313,solar_6870,35.816540155793106,-115.27356027885715,303.6551758654167,511.49,20.3885561933549,15000.0,191078.33,4340.889018140537,0,540.0
1.0,solar,bus_313,solar_6877,34.20294672213158,-114.39158210489474,333.5093268988633,243.36,20.323107440582152,35000.0,248843.27,14732.03952695499,0,540.0
1.0,solar,bus_313,solar_7637,34.40067281587895,-116.0482380198421,181.56813602141895,115.64,20.97164538263398,15000.0,329703.16,8637.77394621809,0,540.0
1.0,solar,bus_313,solar_8402,34.59839890962632,-116.18629267942106,172.101585613307,800.57,20.779362880359272,35000.0,309062.75,5348.813514564577,0,540.0
1.0,solar,bus_313,solar_8406,34.59839890962632,-115.63407404110526,221.82557480409093,381.67,20.52282248996236,35000.0,307217.75,13701.886610865902,0,540.0
3.0,solar,bus_313,solar_8422,36.00605239491482,-118.878177963,208.741217618299,1534.09,18.4643785313685,15000.0,147581.83,4738.016111105843,1,540.0
1.0,solar,bus_313,solar_8772,34.59839890962632,-115.21991006236843,259.3510277460393,1262.43,20.827260532201606,15000.0,285082.16,4698.472227915261,0,540.0
3.0,solar,bus_313,solar_8801,36.00605239491482,-118.0330194901111,193.57066262698808,1920.94,21.38626932296118,15000.0,166064.89,3150.371663040237,1,540.0
1.0,solar,bus_313,solar_9164,34.6972619565,-115.91018336026316,199.1544612165744,1370.69,20.80076673898595,15000.0,228099.69,4582.887685702328,0,540.0
3.0,solar,bus_313,solar_9554,36.09263361175185,-118.73731821751852,213.42596209755072,2675.24,19.246807189138497,35000.0,439531.4,4826.783703703703,1,540.0
2.0,solar,bus_313,solar_10302,35.94515037724483,-113.95913374314286,413.80653034807045,774.09,20.206921077184717,35000.0,88726.28,5257.520563974944,0,540.0
3.0,solar,bus_313,solar_11083,36.26579604542593,-118.1738792355926,222.893248369618,562.63,21.704051587967797,15000.0,407670.75,4334.185178850601,1,540.0
2.0,solar,bus_313,solar_11821,36.07376059869655,-115.36118871457143,314.29443542395717,1895.69,20.33245961018209,35000.0,267489.94,4568.217359904856,0,540.0
3.0,solar,bus_313,solar_11837,36.35237726226296,-118.5260285992963,236.5937465066664,3199.82,21.280843517492393,35000.0,657265.94,3555.5323979640634,1,540.0
2.0,solar,bus_313,solar_12188,36.07376059869655,-114.48490435742858,378.9349451006857,1034.83,19.649696670386444,35000.0,345709.78,6176.704732336498,0,540.0
3.0,solar,bus_313,solar_12223,36.35237726226296,-117.3287207627037,240.37428351801196,616.44,19.899699049838656,15000.0,431066.34,4162.50411039619,1,540.0
2.0,solar,bus_313,solar_12568,36.11663067251379,-114.74778966457143,361.53777355251304,907.88,19.391389919897858,35000.0,404530.84,7771.421293493865,0,540.0
3.0,solar,bus_313,solar_12591,36.35237726226296,-117.11743114448147,246.0647671673541,1283.28,20.986785155739607,35000.0,243376.78,5059.439440354808,1,540.0
2.0,solar,bus_313,solar_12954,36.159500746331034,-114.13439061457143,410.9225031816889,216.79,19.79746766913336,35000.0,467371.66,9295.096465069715,0,540.0
2.0,solar,bus_313,solar_12977,36.202370820148275,-114.923046536,354.1606777700823,422.82,19.98129969611502,35000.0,365625.44,4648.62371364967,0,540.0
2.0,solar,bus_313,solar_13734,36.28811096778276,-115.01067497171428,353.7466484341059,1435.71,20.022836093802365,35000.0,275067.38,4670.662091503268,0,540.0
2.0,solar,bus_313,solar_14502,36.3309810416,-114.923046536,362.8594222577598,1274.09,19.972700974607537,35000.0,392252.53,3317.1199651070892,0,540.0
1.0,wind,bus_314,wind_3840,32.91772711277368,-115.08185540278947,329.34729107542995,78.0,29.86654403472681,35000.0,257014.03,13494.356293888508,0,3370.0
1.0,wind,bus_314,wind_3841,32.91772711277368,-114.94380074321053,338.7435253902208,66.0,32.903536507098664,35000.0,317563.62,13922.127475281783,0,3370.0
3.0,wind,bus_314,wind_3867,34.18784684133704,-116.976571399,106.27214910169002,66.0,22.15517101019571,15000.0,550612.56,10357.109068159081,1,3370.0
3.0,wind,bus_314,wind_4614,34.274428058174074,-117.04700127174074,94.6943682224391,228.0,45.46469677479659,15000.0,542013.2,9597.691972840154,1,3370.0
3.0,wind,bus_314,wind_4625,34.361009275011114,-118.24430910833333,82.67222309631406,186.0,40.587012468578514,35000.0,411351.8,5539.314954486427,1,3370.0
1.0,wind,bus_314,wind_5738,33.01659015964737,-114.80574608363158,341.22343304032756,144.0,45.67545565294453,35000.0,185248.53,6033.371193415638,0,3370.0
3.0,wind,bus_314,wind_5759,34.534171708685186,-118.5260285992963,89.40798831165779,246.0,27.70681974270578,15000.0,579130.6,4889.942746873255,1,3370.0
3.0,wind,bus_314,wind_5762,34.534171708685186,-118.31473898107407,73.47653609574067,204.0,38.767218884089594,15000.0,378539.16,11720.692783303672,1,3370.0
1.0,wind,bus_314,wind_6124,33.11545320652105,-116.324347339,238.9568772970947,60.0,52.26981609860366,35000.0,376899.84,13854.580762104344,0,3370.0
2.0,wind,bus_314,wind_6862,35.173489048534485,-114.48490435742858,292.3537947632595,42.0,49.37766374099247,35000.0,362114.1,5022.801101628039,0,3370.0
2.0,wind,bus_314,wind_6864,35.173489048534485,-114.309647486,308.24616265491534,252.0,39.248624139220354,35000.0,454195.8,4487.393906682622,0,3370.0
2.0,wind,bus_314,wind_8004,35.216359122351726,-115.01067497171428,245.1973006907676,222.0,57.02361614208024,15000.0,347759.25,3906.8795749374895,0,3370.0
1.0,wind,bus_314,wind_8011,33.31317930026842,-115.63407404110526,261.816964295014,228.0,17.733234099813693,15000.0,124354.65,5979.508496701373,0,3370.0
1.0,wind,bus_314,wind_8026,33.31317930026842,-113.701308807,409.05711319277685,126.0,33.18933618191138,35000.0,307217.75,13701.886610865902,0,3370.0
1.0,wind,bus_314,wind_8770,33.412042347142105,-113.9774181261579,381.2362908674269,276.0,40.85052500898017,35000.0,139822.95,4952.446145236453,0,3370.0
1.0,wind,bus_314,wind_8775,33.51090539401579,-116.0482380198421,219.2364635060385,108.0,31.262503103984557,15000.0,240732.22,5543.147302292982,0,3370.0
2.0,wind,bus_314,wind_9542,35.25922919616897,-113.43336312885715,388.3128817126333,228.0,40.26782429171251,15000.0,206109.4,3636.3574772151674,0,3370.0
1.0,wind,bus_314,wind_9546,33.609768440889475,-116.18629267942106,202.48390419762148,258.0,31.322704717256308,35000.0,228112.95,6730.409007429606,0,3370.0
1.0,wind,bus_314,wind_9926,33.609768440889475,-115.7721287006842,230.05603807537648,288.0,29.121414121724055,35000.0,177124.89,5342.027528675423,0,3370.0
3.0,wind,bus_314,wind_10314,34.96707779287037,-118.38516885381482,63.86775824953516,246.0,41.28737036872091,15000.0,469507.75,3910.4721550060904,1,3370.0
3.0,wind,bus_314,wind_11080,35.05365900970741,-117.82172987188889,17.36262126320011,240.0,29.83449048851381,15000.0,473568.0,3140.1317006028785,1,3370.0
3.0,wind,bus_314,wind_11451,35.05365900970741,-117.39915063544444,28.6954419013169,216.0,31.922420034212657,35000.0,286184.66,5037.468664619892,1,3370.0
3.0,wind,bus_314,wind_11462,35.14024022654445,-118.59645847203703,85.78172096499654,72.0,30.90716157998361,15000.0,421182.88,4246.732688971792,1,3370.0
2.0,wind,bus_314,wind_12200,35.47357956525517,-115.44881715028572,211.47752269982212,282.0,35.868914710440556,35000.0,368521.7,3513.425303677313,0,3370.0
3.0,wind,bus_314,wind_12222,35.22682144338148,-118.80774809025925,106.86786872404733,180.0,7.294763642570183,15000.0,448000.2,4639.573607492375,1,3370.0
2.0,wind,bus_314,wind_13347,35.602189786706894,-115.36118871457143,223.23769339191935,240.0,31.74171522120349,35000.0,271069.88,4934.397613384755,0,3370.0
2.0,wind,bus_314,wind_13355,35.602189786706894,-114.66016122885715,284.1286407642043,258.0,46.71920613088312,35000.0,318633.25,4238.3168759567225,0,3370.0
2.0,wind,bus_314,wind_13719,35.602189786706894,-113.696248436,369.3603162624973,270.0,49.6009464184887,15000.0,369154.3,5210.298750561249,0,3370.0
2.0,wind,bus_314,wind_13723,35.602189786706894,-113.34573469314286,400.5930572778063,282.0,46.93785294623239,35000.0,342503.72,4586.018234119997,0,3370.0
2.0,wind,bus_314,wind_14115,35.645059860524135,-113.60862000028573,378.0155704910635,102.0,44.604152879739,35000.0,319696.4,5301.523045267489,0,3370.0
1.0,solar,bus_314,solar_1180,33.609768440889475,-113.9774181261579,371.564878763756,119.51,20.66093307534744,35000.0,415575.4,10881.386489607035,0,540.0
1.0,solar,bus_314,solar_1938,33.70863148776316,-115.91018336026316,213.2005158388904,413.56,21.006451738438415,35000.0,136194.78,5589.921430933224,0,540.0
1.0,solar,bus_314,solar_2696,33.70863148776316,-114.5296367644737,320.67848483779005,975.34,20.23556579392014,15000.0,326046.84,5842.262500000001,0,540.0
3.0,solar,bus_314,solar_3481,35.31340266021852,-117.54001038092592,43.03469411186221,235.46,20.98557988500825,15000.0,1450488.9,9015.091456745968,1,540.0
3.0,solar,bus_314,solar_3865,35.399983877055554,-117.89215974462962,53.989795916691875,555.68,20.956046218629005,15000.0,748010.2,8326.904253604604,1,540.0
1.0,solar,bus_314,solar_4974,33.90635758151053,-114.39158210489474,323.36500827129044,725.49,20.566563256377396,15000.0,151662.47,5015.97306034038,0,540.0
3.0,solar,bus_314,solar_5002,35.57314631072963,-117.75129999914815,70.11051244367128,321.51,20.805657171461945,15000.0,610527.6,14019.768686868687,1,540.0
2.0,solar,bus_314,solar_6866,35.773670081975865,-113.082849386,427.3361088261469,1975.87,20.3644778352278,15000.0,163287.61,3303.7093581362155,0,540.0
2.0,solar,bus_314,solar_6870,35.816540155793106,-115.27356027885715,239.11900999250577,511.49,20.3885561933549,15000.0,191078.33,4340.889018140537,0,540.0
1.0,solar,bus_314,solar_6877,34.20294672213158,-114.39158210489474,312.59245302107985,243.36,20.323107440582152,35000.0,248843.27,14732.03952695499,0,540.0
1.0,solar,bus_314,solar_7637,34.40067281587895,-116.0482380198421,161.439064243734,115.64,20.97164538263398,15000.0,329703.16,8637.77394621809,0,540.0
1.0,solar,bus_314,solar_8402,34.59839890962632,-116.18629267942106,142.19887099966016,800.57,20.779362880359272,35000.0,309062.75,5348.813514564577,0,540.0
1.0,solar,bus_314,solar_8406,34.59839890962632,-115.63407404110526,191.23746328563905,381.67,20.52282248996236,35000.0,307217.75,13701.886610865902,0,540.0
3.0,solar,bus_314,solar_8422,36.00605239491482,-118.878177963,159.9887233203012,1534.09,18.4643785313685,15000.0,147581.83,4738.016111105843,1,540.0
1.0,solar,bus_314,solar_8772,34.59839890962632,-115.21991006236843,228.41549994299308,1262.43,20.827260532201606,15000.0,285082.16,4698.472227915261,0,540.0
3.0,solar,bus_314,solar_8801,36.00605239491482,-118.0330194901111,122.12634240094744,1920.94,21.38626932296118,15000.0,166064.89,3150.371663040237,1,540.0
1.0,solar,bus_314,solar_9164,34.6972619565,-115.91018336026316,164.32410586338975,1370.69,20.80076673898595,15000.0,228099.69,4582.887685702328,0,540.0
3.0,solar,bus_314,solar_9554,36.09263361175185,-118.73731821751852,159.23993046601777,2675.24,19.246807189138497,35000.0,439531.4,4826.783703703703,1,540.0
2.0,solar,bus_314,solar_10302,35.94515037724483,-113.95913374314286,355.3281979355457,774.09,20.206921077184717,35000.0,88726.28,5257.520563974944,0,540.0
3.0,solar,bus_314,solar_11083,36.26579604542593,-118.1738792355926,153.37840336247805,562.63,21.704051587967797,15000.0,407670.75,4334.185178850601,1,540.0
2.0,solar,bus_314,solar_11821,36.07376059869655,-115.36118871457143,244.92222484501593,1895.69,20.33245961018209,35000.0,267489.94,4568.217359904856,0,540.0
3.0,solar,bus_314,solar_11837,36.35237726226296,-118.5260285992963,173.97485264040623,3199.82,21.280843517492393,35000.0,657265.94,3555.5323979640634,1,540.0
2.0,solar,bus_314,solar_12188,36.07376059869655,-114.48490435742858,315.6496957395026,1034.83,19.649696670386444,35000.0,345709.78,6176.704732336498,0,540.0
3.0,solar,bus_314,solar_12223,36.35237726226296,-117.3287207627037,159.7713817893964,616.44,19.899699049838656,15000.0,431066.34,4162.50411039619,1,540.0
2.0,solar,bus_314,solar_12568,36.11663067251379,-114.74778966457143,295.9747908101163,907.88,19.391389919897858,35000.0,404530.84,7771.421293493865,0,540.0
3.0,solar,bus_314,solar_12591,36.35237726226296,-117.11743114448147,164.68143596355787,1283.28,20.986785155739607,35000.0,243376.78,5059.439440354808,1,540.0
2.0,solar,bus_314,solar_12954,36.159500746331034,-114.13439061457143,348.40710030961316,216.79,19.79746766913336,35000.0,467371.66,9295.096465069715,0,540.0
2.0,solar,bus_314,solar_12977,36.202370820148275,-114.923046536,286.23745094683807,422.82,19.98129969611502,35000.0,365625.44,4648.62371364967,0,540.0
2.0,solar,bus_314,solar_13734,36.28811096778276,-115.01067497171428,284.12974862648935,1435.71,20.022836093802365,35000.0,275067.38,4670.662091503268,0,540.0
2.0,solar,bus_314,solar_14502,36.3309810416,-114.923046536,293.31518737643853,1274.09,19.972700974607537,35000.0,392252.53,3317.1199651070892,0,540.0
1.0,wind,bus_315,wind_3840,32.91772711277368,-115.08185540278947,336.45064147701163,78.0,29.86654403472681,35000.0,257014.03,13494.356293888508,0,3370.0
1.0,wind,bus_315,wind_3841,32.91772711277368,-114.94380074321053,344.60706522318395,66.0,32.903536507098664,35000.0,317563.62,13922.127475281783,0,3370.0
3.0,wind,bus_315,wind_3867,34.18784684133704,-116.976571399,125.59679913084838,66.0,22.15517101019571,15000.0,550612.56,10357.109068159081,1,3370.0
3.0,wind,bus_315,wind_4614,34.274428058174074,-117.04700127174074,114.530470665406,228.0,45.46469677479659,15000.0,542013.2,9597.691972840154,1,3370.0
3.0,wind,bus_315,wind_4625,34.361009275011114,-118.24430910833333,127.51127921042904,186.0,40.587012468578514,35000.0,411351.8,5539.314954486427,1,3370.0
1.0,wind,bus_315,wind_5738,33.01659015964737,-114.80574608363158,344.8877924202015,144.0,45.67545565294453,35000.0,185248.53,6033.371193415638,0,3370.0
3.0,wind,bus_315,wind_5759,34.534171708685186,-118.5260285992963,131.99182653705685,246.0,27.70681974270578,15000.0,579130.6,4889.942746873255,1,3370.0
3.0,wind,bus_315,wind_5762,34.534171708685186,-118.31473898107407,117.42312828278196,204.0,38.767218884089594,15000.0,378539.16,11720.692783303672,1,3370.0
1.0,wind,bus_315,wind_6124,33.11545320652105,-116.324347339,258.3053776549615,60.0,52.26981609860366,35000.0,376899.84,13854.580762104344,0,3370.0
2.0,wind,bus_315,wind_6862,35.173489048534485,-114.48490435742858,263.766847537283,42.0,49.37766374099247,35000.0,362114.1,5022.801101628039,0,3370.0
2.0,wind,bus_315,wind_6864,35.173489048534485,-114.309647486,279.67401186927395,252.0,39.248624139220354,35000.0,454195.8,4487.393906682622,0,3370.0
2.0,wind,bus_315,wind_8004,35.216359122351726,-115.01067497171428,215.82293510408223,222.0,57.02361614208024,15000.0,347759.25,3906.8795749374895,0,3370.0
1.0,wind,bus_315,wind_8011,33.31317930026842,-115.63407404110526,270.29703746419574,228.0,17.733234099813693,15000.0,124354.65,5979.508496701373,0,3370.0
1.0,wind,bus_315,wind_8026,33.31317930026842,-113.701308807,402.1528738235209,126.0,33.18933618191138,35000.0,307217.75,13701.886610865902,0,3370.0
1.0,wind,bus_315,wind_8770,33.412042347142105,-113.9774181261579,374.7476351749281,276.0,40.85052500898017,35000.0,139822.95,4952.446145236453,0,3370.0
1.0,wind,bus_315,wind_8775,33.51090539401579,-116.0482380198421,230.565794175466,108.0,31.262503103984557,15000.0,240732.22,5543.147302292982,0,3370.0
2.0,wind,bus_315,wind_9542,35.25922919616897,-113.43336312885715,358.88533566485194,228.0,40.26782429171251,15000.0,206109.4,3636.3574772151674,0,3370.0
1.0,wind,bus_315,wind_9546,33.609768440889475,-116.18629267942106,214.53821851126267,258.0,31.322704717256308,35000.0,228112.95,6730.409007429606,0,3370.0
1.0,wind,bus_315,wind_9926,33.609768440889475,-115.7721287006842,236.27930280024643,288.0,29.121414121724055,35000.0,177124.89,5342.027528675423,0,3370.0
3.0,wind,bus_315,wind_10314,34.96707779287037,-118.38516885381482,96.7289479781462,246.0,41.28737036872091,15000.0,469507.75,3910.4721550060904,1,3370.0
3.0,wind,bus_315,wind_11080,35.05365900970741,-117.82172987188889,46.0786237473394,240.0,29.83449048851381,15000.0,473568.0,3140.1317006028785,1,3370.0
3.0,wind,bus_315,wind_11451,35.05365900970741,-117.39915063544444,23.63620833264617,216.0,31.922420034212657,35000.0,286184.66,5037.468664619892,1,3370.0
3.0,wind,bus_315,wind_11462,35.14024022654445,-118.59645847203703,110.82613861495452,72.0,30.90716157998361,15000.0,421182.88,4246.732688971792,1,3370.0
2.0,wind,bus_315,wind_12200,35.47357956525517,-115.44881715028572,177.19480029186326,282.0,35.868914710440556,35000.0,368521.7,3513.425303677313,0,3370.0
3.0,wind,bus_315,wind_12222,35.22682144338148,-118.80774809025925,129.1424727302308,180.0,7.294763642570183,15000.0,448000.2,4639.573607492375,1,3370.0
2.0,wind,bus_315,wind_13347,35.602189786706894,-115.36118871457143,187.25288261308543,240.0,31.74171522120349,35000.0,271069.88,4934.397613384755,0,3370.0
2.0,wind,bus_315,wind_13355,35.602189786706894,-114.66016122885715,249.80429982690563,258.0,46.71920613088312,35000.0,318633.25,4238.3168759567225,0,3370.0
2.0,wind,bus_315,wind_13719,35.602189786706894,-113.696248436,336.3931414002669,270.0,49.6009464184887,15000.0,369154.3,5210.298750561249,0,3370.0
2.0,wind,bus_315,wind_13723,35.602189786706894,-113.34573469314286,367.9636304098974,282.0,46.93785294623239,35000.0,342503.72,4586.018234119997,0,3370.0
2.0,wind,bus_315,wind_14115,35.645059860524135,-113.60862000028573,344.74216911349083,102.0,44.604152879739,35000.0,319696.4,5301.523045267489,0,3370.0
1.0,solar,bus_315,solar_1180,33.609768440889475,-113.9774181261579,362.8048754348134,119.51,20.66093307534744,35000.0,415575.4,10881.386489607035,0,540.0
1.0,solar,bus_315,solar_1938,33.70863148776316,-115.91018336026316,219.75177396085985,413.56,21.006451738438415,35000.0,136194.78,5589.921430933224,0,540.0
1.0,solar,bus_315,solar_2696,33.70863148776316,-114.5296367644737,313.8931561746477,975.34,20.23556579392014,15000.0,326046.84,5842.262500000001,0,540.0
3.0,solar,bus_315,solar_3481,35.31340266021852,-117.54001038092592,14.903405556430874,235.46,20.98557988500825,15000.0,1450488.9,9015.091456745968,1,540.0
3.0,solar,bus_315,solar_3865,35.399983877055554,-117.89215974462962,48.235578258247955,555.68,20.956046218629005,15000.0,748010.2,8326.904253604604,1,540.0
1.0,solar,bus_315,solar_4974,33.90635758151053,-114.39158210489474,313.0586740090888,725.49,20.566563256377396,15000.0,151662.47,5015.97306034038,0,540.0
3.0,solar,bus_315,solar_5002,35.57314631072963,-117.75129999914815,47.53736270846042,321.51,20.805657171461945,15000.0,610527.6,14019.768686868687,1,540.0
2.0,solar,bus_315,solar_6866,35.773670081975865,-113.082849386,393.5242590002281,1975.87,20.3644778352278,15000.0,163287.61,3303.7093581362155,0,540.0
2.0,solar,bus_315,solar_6870,35.816540155793106,-115.27356027885715,200.7288452551271,511.49,20.3885561933549,15000.0,191078.33,4340.889018140537,0,540.0
1.0,solar,bus_315,solar_6877,34.20294672213158,-114.39158210489474,298.0878907837663,243.36,20.323107440582152,35000.0,248843.27,14732.03952695499,0,540.0
1.0,solar,bus_315,solar_7637,34.40067281587895,-116.0482380198421,155.48129620080314,115.64,20.97164538263398,15000.0,329703.16,8637.77394621809,0,540.0
1.0,solar,bus_315,solar_8402,34.59839890962632,-116.18629267942106,132.20956980010254,800.57,20.779362880359272,35000.0,309062.75,5348.813514564577,0,540.0
1.0,solar,bus_315,solar_8406,34.59839890962632,-115.63407404110526,176.14723775997334,381.67,20.52282248996236,35000.0,307217.75,13701.886610865902,0,540.0
3.0,solar,bus_315,solar_8422,36.00605239491482,-118.878177963,157.94131493186393,1534.09,18.4643785313685,15000.0,147581.83,4738.016111105843,1,540.0
1.0,solar,bus_315,solar_8772,34.59839890962632,-115.21991006236843,210.9852053958944,1262.43,20.827260532201606,15000.0,285082.16,4698.472227915261,0,540.0
3.0,solar,bus_315,solar_8801,36.00605239491482,-118.0330194901111,100.92826477133303,1920.94,21.38626932296118,15000.0,166064.89,3150.371663040237,1,540.0
1.0,solar,bus_315,solar_9164,34.6972619565,-115.91018336026316,148.61782289633516,1370.69,20.80076673898595,15000.0,228099.69,4582.887685702328,0,540.0
3.0,solar,bus_315,solar_9554,36.09263361175185,-118.73731821751852,152.76266963964102,2675.24,19.246807189138497,35000.0,439531.4,4826.783703703703,1,540.0
2.0,solar,bus_315,solar_10302,35.94515037724483,-113.95913374314286,318.90098439261885,774.09,20.206921077184717,35000.0,88726.28,5257.520563974944,0,540.0
3.0,solar,bus_315,solar_11083,36.26579604542593,-118.1738792355926,131.93694840057904,562.63,21.704051587967797,15000.0,407670.75,4334.185178850601,1,540.0
2.0,solar,bus_315,solar_11821,36.07376059869655,-115.36118871457143,203.80220251322953,1895.69,20.33245961018209,35000.0,267489.94,4568.217359904856,0,540.0
3.0,solar,bus_315,solar_11837,36.35237726226296,-118.5260285992963,158.59645811890957,3199.82,21.280843517492393,35000.0,657265.94,3555.5323979640634,1,540.0
2.0,solar,bus_315,solar_12188,36.07376059869655,-114.48490435742858,277.05522432207346,1034.83,19.649696670386444,35000.0,345709.78,6176.704732336498,0,540.0
3.0,solar,bus_315,solar_12223,36.35237726226296,-117.3287207627037,120.91500406291006,616.44,19.899699049838656,15000.0,431066.34,4162.50411039619,1,540.0
2.0,solar,bus_315,solar_12568,36.11663067251379,-114.74778966457143,256.36936168599414,907.88,19.391389919897858,35000.0,404530.84,7771.421293493865,0,540.0
3.0,solar,bus_315,solar_12591,36.35237726226296,-117.11743114448147,123.21418842630784,1283.28,20.986785155739607,35000.0,243376.78,5059.439440354808,1,540.0
2.0,solar,bus_315,solar_12954,36.159500746331034,-114.13439061457143,309.94644579994326,216.79,19.79746766913336,35000.0,467371.66,9295.096465069715,0,540.0
2.0,solar,bus_315,solar_12977,36.202370820148275,-114.923046536,245.50879081924515,422.82,19.98129969611502,35000.0,365625.44,4648.62371364967,0,540.0
2.0,solar,bus_315,solar_13734,36.28811096778276,-115.01067497171428,242.58329158526465,1435.71,20.022836093802365,35000.0,275067.38,4670.662091503268,0,540.0
2.0,solar,bus_315,solar_14502,36.3309810416,-114.923046536,251.7468154374968,1274.09,19.972700974607537,35000.0,392252.53,3317.1199651070892,0,540.0
1.0,wind,bus_316,wind_3840,32.91772711277368,-115.08185540278947,317.7077073534764,78.0,29.86654403472681,35000.0,257014.03,13494.356293888508,0,3370.0
1.0,wind,bus_316,wind_3841,32.91772711277368,-114.94380074321053,325.8615335757995,66.0,32.903536507098664,35000.0,317563.62,13922.127475281783,0,3370.0
3.0,wind,bus_316,wind_3867,34.18784684133704,-116.976571399,108.64457808144668,66.0,22.15517101019571,15000.0,550612.56,10357.109068159081,1,3370.0
3.0,wind,bus_316,wind_4614,34.274428058174074,-117.04700127174074,97.8689915443581,228.0,45.46469677479659,15000.0,542013.2,9597.691972840154,1,3370.0
3.0,wind,bus_316,wind_4625,34.361009275011114,-118.24430910833333,125.28912523280611,186.0,40.587012468578514,35000.0,411351.8,5539.314954486427,1,3370.0
1.0,wind,bus_316,wind_5738,33.01659015964737,-114.80574608363158,326.17611292891723,144.0,45.67545565294453,35000.0,185248.53,6033.371193415638,0,3370.0
3.0,wind,bus_316,wind_5759,34.534171708685186,-118.5260285992963,134.32154140929558,246.0,27.70681974270578,15000.0,579130.6,4889.942746873255,1,3370.0
3.0,wind,bus_316,wind_5762,34.534171708685186,-118.31473898107407,118.01835267358985,204.0,38.767218884089594,15000.0,378539.16,11720.692783303672,1,3370.0
1.0,wind,bus_316,wind_6124,33.11545320652105,-116.324347339,240.58201022895963,60.0,52.26981609860366,35000.0,376899.84,13854.580762104344,0,3370.0
2.0,wind,bus_316,wind_6862,35.173489048534485,-114.48490435742858,251.5460193846319,42.0,49.37766374099247,35000.0,362114.1,5022.801101628039,0,3370.0
2.0,wind,bus_316,wind_6864,35.173489048534485,-114.309647486,267.47546341686797,252.0,39.248624139220354,35000.0,454195.8,4487.393906682622,0,3370.0
2.0,wind,bus_316,wind_8004,35.216359122351726,-115.01067497171428,203.8516580654018,222.0,57.02361614208024,15000.0,347759.25,3906.8795749374895,0,3370.0
1.0,wind,bus_316,wind_8011,33.31317930026842,-115.63407404110526,251.5947318107126,228.0,17.733234099813693,15000.0,124354.65,5979.508496701373,0,3370.0
1.0,wind,bus_316,wind_8026,33.31317930026842,-113.701308807,384.3177055246582,126.0,33.18933618191138,35000.0,307217.75,13701.886610865902,0,3370.0
1.0,wind,bus_316,wind_8770,33.412042347142105,-113.9774181261579,356.8374850126028,276.0,40.85052500898017,35000.0,139822.95,4952.446145236453,0,3370.0
1.0,wind,bus_316,wind_8775,33.51090539401579,-116.0482380198421,212.03236166759615,108.0,31.262503103984557,15000.0,240732.22,5543.147302292982,0,3370.0
2.0,wind,bus_316,wind_9542,35.25922919616897,-113.43336312885715,347.17685999753365,228.0,40.26782429171251,15000.0,206109.4,3636.3574772151674,0,3370.0
1.0,wind,bus_316,wind_9546,33.609768440889475,-116.18629267942106,196.08174316476536,258.0,31.322704717256308,35000.0,228112.95,6730.409007429606,0,3370.0
1.0,wind,bus_316,wind_9926,33.609768440889475,-115.7721287006842,217.54063041601503,288.0,29.121414121724055,35000.0,177124.89,5342.027528675423,0,3370.0
3.0,wind,bus_316,wind_10314,34.96707779287037,-118.38516885381482,104.92868294915608,246.0,41.28737036872091,15000.0,469507.75,3910.4721550060904,1,3370.0
3.0,wind,bus_316,wind_11080,35.05365900970741,-117.82172987188889,52.71880478561204,240.0,29.83449048851381,15000.0,473568.0,3140.1317006028785,1,3370.0
3.0,wind,bus_316,wind_11451,35.05365900970741,-117.39915063544444,16.399680025254227,216.0,31.922420034212657,35000.0,286184.66,5037.468664619892,1,3370.0
3.0,wind,bus_316,wind_11462,35.14024022654445,-118.59645847203703,122.28855239195369,72.0,30.90716157998361,15000.0,421182.88,4246.732688971792,1,3370.0
2.0,wind,bus_316,wind_12200,35.47357956525517,-115.44881715028572,167.78001117853452,282.0,35.868914710440556,35000.0,368521.7,3513.425303677313,0,3370.0
3.0,wind,bus_316,wind_12222,35.22682144338148,-118.80774809025925,141.76675490843763,180.0,7.294763642570183,15000.0,448000.2,4639.573607492375,1,3370.0
2.0,wind,bus_316,wind_13347,35.602189786706894,-115.36118871457143,178.99288151541123,240.0,31.74171522120349,35000.0,271069.88,4934.397613384755,0,3370.0
2.0,wind,bus_316,wind_13355,35.602189786706894,-114.66016122885715,240.55407095608493,258.0,46.71920613088312,35000.0,318633.25,4238.3168759567225,0,3370.0
2.0,wind,bus_316,wind_13719,35.602189786706894,-113.696248436,326.4482265892698,270.0,49.6009464184887,15000.0,369154.3,5210.298750561249,0,3370.0
2.0,wind,bus_316,wind_13723,35.602189786706894,-113.34573469314286,357.86010345661515,282.0,46.93785294623239,35000.0,342503.72,4586.018234119997,0,3370.0
2.0,wind,bus_316,wind_14115,35.645059860524135,-113.60862000028573,334.97644370581287,102.0,44.604152879739,35000.0,319696.4,5301.523045267489,0,3370.0
1.0,solar,bus_316,solar_1180,33.609768440889475,-113.9774181261579,345.2042969800685,119.51,20.66093307534744,35000.0,415575.4,10881.386489607035,0,540.0
1.0,solar,bus_316,solar_1938,33.70863148776316,-115.91018336026316,201.0235991419854,413.56,21.006451738438415,35000.0,136194.78,5589.921430933224,0,540.0
1.0,solar,bus_316,solar_2696,33.70863148776316,-114.5296367644737,295.9651019493042,975.34,20.23556579392014,15000.0,326046.84,5842.262500000001,0,540.0
3.0,solar,bus_316,solar_3481,35.31340266021852,-117.54001038092592,32.6368116949908,235.46,20.98557988500825,15000.0,1450488.9,9015.091456745968,1,540.0
3.0,solar,bus_316,solar_3865,35.399983877055554,-117.89215974462962,65.02413761620656,555.68,20.956046218629005,15000.0,748010.2,8326.904253604604,1,540.0
1.0,solar,bus_316,solar_4974,33.90635758151053,-114.39158210489474,295.6500849538102,725.49,20.566563256377396,15000.0,151662.47,5015.97306034038,0,540.0
3.0,solar,bus_316,solar_5002,35.57314631072963,-117.75129999914815,66.26408415154725,321.51,20.805657171461945,15000.0,610527.6,14019.768686868687,1,540.0
2.0,solar,bus_316,solar_6866,35.773670081975865,-113.082849386,384.10287880787587,1975.87,20.3644778352278,15000.0,163287.61,3303.7093581362155,0,540.0
2.0,solar,bus_316,solar_6870,35.816540155793106,-115.27356027885715,194.3341692691267,511.49,20.3885561933549,15000.0,191078.33,4340.889018140537,0,540.0
1.0,solar,bus_316,solar_6877,34.20294672213158,-114.39158210489474,281.4582338679409,243.36,20.323107440582152,35000.0,248843.27,14732.03952695499,0,540.0
1.0,solar,bus_316,solar_7637,34.40067281587895,-116.0482380198421,137.14765074613356,115.64,20.97164538263398,15000.0,329703.16,8637.77394621809,0,540.0
1.0,solar,bus_316,solar_8402,34.59839890962632,-116.18629267942106,114.2384708929694,800.57,20.779362880359272,35000.0,309062.75,5348.813514564577,0,540.0
1.0,solar,bus_316,solar_8406,34.59839890962632,-115.63407404110526,159.31318562751932,381.67,20.52282248996236,35000.0,307217.75,13701.886610865902,0,540.0
3.0,solar,bus_316,solar_8422,36.00605239491482,-118.878177963,175.9266924679364,1534.09,18.4643785313685,15000.0,147581.83,4738.016111105843,1,540.0
1.0,solar,bus_316,solar_8772,34.59839890962632,-115.21991006236843,194.83124612842852,1262.43,20.827260532201606,15000.0,285082.16,4698.472227915261,0,540.0
3.0,solar,bus_316,solar_8801,36.00605239491482,-118.0330194901111,119.59771470996492,1920.94,21.38626932296118,15000.0,166064.89,3150.371663040237,1,540.0
1.0,solar,bus_316,solar_9164,34.6972619565,-115.91018336026316,131.7722828874468,1370.69,20.80076673898595,15000.0,228099.69,4582.887685702328,0,540.0
3.0,solar,bus_316,solar_9554,36.09263361175185,-118.73731821751852,171.1580510509058,2675.24,19.246807189138497,35000.0,439531.4,4826.783703703703,1,540.0
2.0,solar,bus_316,solar_10302,35.94515037724483,-113.95913374314286,311.09174347750627,774.09,20.206921077184717,35000.0,88726.28,5257.520563974944,0,540.0
3.0,solar,bus_316,solar_11083,36.26579604542593,-118.1738792355926,150.50318578272007,562.63,21.704051587967797,15000.0,407670.75,4334.185178850601,1,540.0
2.0,solar,bus_316,solar_11821,36.07376059869655,-115.36118871457143,200.05908983963135,1895.69,20.33245961018209,35000.0,267489.94,4568.217359904856,0,540.0
3.0,solar,bus_316,solar_11837,36.35237726226296,-118.5260285992963,177.34140822465514,3199.82,21.280843517492393,35000.0,657265.94,3555.5323979640634,1,540.0
2.0,solar,bus_316,solar_12188,36.07376059869655,-114.48490435742858,270.87423222788226,1034.83,19.649696670386444,35000.0,345709.78,6176.704732336498,0,540.0
3.0,solar,bus_316,solar_12223,36.35237726226296,-117.3287207627037,135.17111156862768,616.44,19.899699049838656,15000.0,431066.34,4162.50411039619,1,540.0
2.0,solar,bus_316,solar_12568,36.11663067251379,-114.74778966457143,251.0721246160175,907.88,19.391389919897858,35000.0,404530.84,7771.421293493865,0,540.0
3.0,solar,bus_316,solar_12591,36.35237726226296,-117.11743114448147,135.533592839477,1283.28,20.986785155739607,35000.0,243376.78,5059.439440354808,1,540.0
2.0,solar,bus_316,solar_12954,36.159500746331034,-114.13439061457143,303.6672832851692,216.79,19.79746766913336,35000.0,467371.66,9295.096465069715,0,540.0
2.0,solar,bus_316,solar_12977,36.202370820148275,-114.923046536,241.32378300248695,422.82,19.98129969611502,35000.0,365625.44,4648.62371364967,0,540.0
2.0,solar,bus_316,solar_13734,36.28811096778276,-115.01067497171428,239.3169294764546,1435.71,20.022836093802365,35000.0,275067.38,4670.662091503268,0,540.0
2.0,solar,bus_316,solar_14502,36.3309810416,-114.923046536,248.5023885435771,1274.09,19.972700974607537,35000.0,392252.53,3317.1199651070892,0,540.0
1.0,wind,bus_317,wind_3840,32.91772711277368,-115.08185540278947,328.4073329390009,78.0,29.86654403472681,35000.0,257014.03,13494.356293888508,0,3370.0
1.0,wind,bus_317,wind_3841,32.91772711277368,-114.94380074321053,335.5983434437026,66.0,32.903536507098664,35000.0,317563.62,13922.127475281783,0,3370.0
3.0,wind,bus_317,wind_3867,34.18784684133704,-116.976571399,132.58490117755196,66.0,22.15517101019571,15000.0,550612.56,10357.109068159081,1,3370.0
3.0,wind,bus_317,wind_4614,34.274428058174074,-117.04700127174074,122.7624384456503,228.0,45.46469677479659,15000.0,542013.2,9597.691972840154,1,3370.0
3.0,wind,bus_317,wind_4625,34.361009275011114,-118.24430910833333,156.69751247820486,186.0,40.587012468578514,35000.0,411351.8,5539.314954486427,1,3370.0
1.0,wind,bus_317,wind_5738,33.01659015964737,-114.80574608363158,334.3348591635774,144.0,45.67545565294453,35000.0,185248.53,6033.371193415638,0,3370.0
3.0,wind,bus_317,wind_5759,34.534171708685186,-118.5260285992963,163.59695310852226,246.0,27.70681974270578,15000.0,579130.6,4889.942746873255,1,3370.0
3.0,wind,bus_317,wind_5762,34.534171708685186,-118.31473898107407,148.2401537730258,204.0,38.767218884089594,15000.0,378539.16,11720.692783303672,1,3370.0
1.0,wind,bus_317,wind_6124,33.11545320652105,-116.324347339,260.45675912182384,60.0,52.26981609860366,35000.0,376899.84,13854.580762104344,0,3370.0
2.0,wind,bus_317,wind_6862,35.173489048534485,-114.48490435742858,234.4848311112522,42.0,49.37766374099247,35000.0,362114.1,5022.801101628039,0,3370.0
2.0,wind,bus_317,wind_6864,35.173489048534485,-114.309647486,250.3221976199878,252.0,39.248624139220354,35000.0,454195.8,4487.393906682622,0,3370.0
2.0,wind,bus_317,wind_8004,35.216359122351726,-115.01067497171428,186.47393789090393,222.0,57.02361614208024,15000.0,347759.25,3906.8795749374895,0,3370.0
1.0,wind,bus_317,wind_8011,33.31317930026842,-115.63407404110526,264.1403078369036,228.0,17.733234099813693,15000.0,124354.65,5979.508496701373,0,3370.0
1.0,wind,bus_317,wind_8026,33.31317930026842,-113.701308807,384.1225923927868,126.0,33.18933618191138,35000.0,307217.75,13701.886610865902,0,3370.0
1.0,wind,bus_317,wind_8770,33.412042347142105,-113.9774181261579,357.1626313380658,276.0,40.85052500898017,35000.0,139822.95,4952.446145236453,0,3370.0
1.0,wind,bus_317,wind_8775,33.51090539401579,-116.0482380198421,227.2830238612497,108.0,31.262503103984557,15000.0,240732.22,5543.147302292982,0,3370.0
2.0,wind,bus_317,wind_9542,35.25922919616897,-113.43336312885715,328.9123433195891,228.0,40.26782429171251,15000.0,206109.4,3636.3574772151674,0,3370.0
1.0,wind,bus_317,wind_9546,33.609768440889475,-116.18629267942106,212.19516932797544,258.0,31.322704717256308,35000.0,228112.95,6730.409007429606,0,3370.0
1.0,wind,bus_317,wind_9926,33.609768440889475,-115.7721287006842,229.16201266318137,288.0,29.121414121724055,35000.0,177124.89,5342.027528675423,0,3370.0
3.0,wind,bus_317,wind_10314,34.96707779287037,-118.38516885381482,129.1940447428222,246.0,41.28737036872091,15000.0,469507.75,3910.4721550060904,1,3370.0
3.0,wind,bus_317,wind_11080,35.05365900970741,-117.82172987188889,78.39118677145595,240.0,29.83449048851381,15000.0,473568.0,3140.1317006028785,1,3370.0
3.0,wind,bus_317,wind_11451,35.05365900970741,-117.39915063544444,47.7168983285124,216.0,31.922420034212657,35000.0,286184.66,5037.468664619892,1,3370.0
3.0,wind,bus_317,wind_11462,35.14024022654445,-118.59645847203703,142.36661111132878,72.0,30.90716157998361,15000.0,421182.88,4246.732688971792,1,3370.0
2.0,wind,bus_317,wind_12200,35.47357956525517,-115.44881715028572,145.99171122954007,282.0,35.868914710440556,35000.0,368521.7,3513.425303677313,0,3370.0
3.0,wind,bus_317,wind_12222,35.22682144338148,-118.80774809025925,159.87125006118873,180.0,7.294763642570183,15000.0,448000.2,4639.573607492375,1,3370.0
2.0,wind,bus_317,wind_13347,35.602189786706894,-115.36118871457143,155.42892178273462,240.0,31.74171522120349,35000.0,271069.88,4934.397613384755,0,3370.0
2.0,wind,bus_317,wind_13355,35.602189786706894,-114.66016122885715,218.31200945609672,258.0,46.71920613088312,35000.0,318633.25,4238.3168759567225,0,3370.0
2.0,wind,bus_317,wind_13719,35.602189786706894,-113.696248436,305.16526921366705,270.0,49.6009464184887,15000.0,369154.3,5210.298750561249,0,3370.0
2.0,wind,bus_317,wind_13723,35.602189786706894,-113.34573469314286,336.7986884538637,282.0,46.93785294623239,35000.0,342503.72,4586.018234119997,0,3370.0
2.0,wind,bus_317,wind_14115,35.645059860524135,-113.60862000028573,313.4036334141792,102.0,44.604152879739,35000.0,319696.4,5301.523045267489,0,3370.0
1.0,solar,bus_317,solar_1180,33.609768440889475,-113.9774181261579,343.8732636750779,119.51,20.66093307534744,35000.0,415575.4,10881.386489607035,0,540.0
1.0,solar,bus_317,solar_1938,33.70863148776316,-115.91018336026316,213.2676186456529,413.56,21.006451738438415,35000.0,136194.78,5589.921430933224,0,540.0
1.0,solar,bus_317,solar_2696,33.70863148776316,-114.5296367644737,296.64374152125265,975.34,20.23556579392014,15000.0,326046.84,5842.262500000001,0,540.0
3.0,solar,bus_317,solar_3481,35.31340266021852,-117.54001038092592,44.50595914153999,235.46,20.98557988500825,15000.0,1450488.9,9015.091456745968,1,540.0
3.0,solar,bus_317,solar_3865,35.399983877055554,-117.89215974462962,75.85114733158701,555.68,20.956046218629005,15000.0,748010.2,8326.904253604604,1,540.0
1.0,solar,bus_317,solar_4974,33.90635758151053,-114.39158210489474,293.5755148717531,725.49,20.566563256377396,15000.0,151662.47,5015.97306034038,0,540.0
3.0,solar,bus_317,solar_5002,35.57314631072963,-117.75129999914815,66.59444978578911,321.51,20.805657171461945,15000.0,610527.6,14019.768686868687,1,540.0
2.0,solar,bus_317,solar_6866,35.773670081975865,-113.082849386,361.96695723144495,1975.87,20.3644778352278,15000.0,163287.61,3303.7093581362155,0,540.0
2.0,solar,bus_317,solar_6870,35.816540155793106,-115.27356027885715,168.34425705861787,511.49,20.3885561933549,15000.0,191078.33,4340.889018140537,0,540.0
1.0,solar,bus_317,solar_6877,34.20294672213158,-114.39158210489474,276.1663043750886,243.36,20.323107440582152,35000.0,248843.27,14732.03952695499,0,540.0
1.0,solar,bus_317,solar_7637,34.40067281587895,-116.0482380198421,142.35745762949668,115.64,20.97164538263398,15000.0,329703.16,8637.77394621809,0,540.0
1.0,solar,bus_317,solar_8402,34.59839890962632,-116.18629267942106,117.46320282451484,800.57,20.779362880359272,35000.0,309062.75,5348.813514564577,0,540.0
1.0,solar,bus_317,solar_8406,34.59839890962632,-115.63407404110526,155.87669519941218,381.67,20.52282248996236,35000.0,307217.75,13701.886610865902,0,540.0
3.0,solar,bus_317,solar_8422,36.00605239491482,-118.878177963,178.75478222046831,1534.09,18.4643785313685,15000.0,147581.83,4738.016111105843,1,540.0
1.0,solar,bus_317,solar_8772,34.59839890962632,-115.21991006236843,188.397507063582,1262.43,20.827260532201606,15000.0,285082.16,4698.472227915261,0,540.0
3.0,solar,bus_317,solar_8801,36.00605239491482,-118.0330194901111,112.50730090920015,1920.94,21.38626932296118,15000.0,166064.89,3150.371663040237,1,540.0
1.0,solar,bus_317,solar_9164,34.6972619565,-115.91018336026316,128.90213481294697,1370.69,20.80076673898595,15000.0,228099.69,4582.887685702328,0,540.0
3.0,solar,bus_317,solar_9554,36.09263361175185,-118.73731821751852,171.288131044384,2675.24,19.246807189138497,35000.0,439531.4,4826.783703703703,1,540.0
2.0,solar,bus_317,solar_10302,35.94515037724483,-113.95913374314286,286.7593766967414,774.09,20.206921077184717,35000.0,88726.28,5257.520563974944,0,540.0
3.0,solar,bus_317,solar_11083,36.26579604542593,-118.1738792355926,141.05581179053004,562.63,21.704051587967797,15000.0,407670.75,4334.185178850601,1,540.0
2.0,solar,bus_317,solar_11821,36.07376059869655,-115.36118871457143,171.40012161728825,1895.69,20.33245961018209,35000.0,267489.94,4568.217359904856,0,540.0
3.0,solar,bus_317,solar_11837,36.35237726226296,-118.5260285992963,171.10974040782455,3199.82,21.280843517492393,35000.0,657265.94,3555.5323979640634,1,540.0
2.0,solar,bus_317,solar_12188,36.07376059869655,-114.48490435742858,244.6079649856964,1034.83,19.649696670386444,35000.0,345709.78,6176.704732336498,0,540.0
3.0,solar,bus_317,solar_12223,36.35237726226296,-117.3287207627037,111.05422340700603,616.44,19.899699049838656,15000.0,431066.34,4162.50411039619,1,540.0
2.0,solar,bus_317,solar_12568,36.11663067251379,-114.74778966457143,223.87322809995172,907.88,19.391389919897858,35000.0,404530.84,7771.421293493865,0,540.0
3.0,solar,bus_317,solar_12591,36.35237726226296,-117.11743114448147,108.43977907508196,1283.28,20.986785155739607,35000.0,243376.78,5059.439440354808,1,540.0
2.0,solar,bus_317,solar_12954,36.159500746331034,-114.13439061457143,277.50246652475187,216.79,19.79746766913336,35000.0,467371.66,9295.096465069715,0,540.0
2.0,solar,bus_317,solar_12977,36.202370820148275,-114.923046536,213.0662349269788,422.82,19.98129969611502,35000.0,365625.44,4648.62371364967,0,540.0
2.0,solar,bus_317,solar_13734,36.28811096778276,-115.01067497171428,210.28528212730848,1435.71,20.022836093802365,35000.0,275067.38,4670.662091503268,0,540.0
2.0,solar,bus_317,solar_14502,36.3309810416,-114.923046536,219.4576958448405,1274.09,19.972700974607537,35000.0,392252.53,3317.1199651070892,0,540.0
1.0,wind,bus_318,wind_3840,32.91772711277368,-115.08185540278947,336.39332887914264,78.0,29.86654403472681,35000.0,257014.03,13494.356293888508,0,3370.0
1.0,wind,bus_318,wind_3841,32.91772711277368,-114.94380074321053,343.1370248939284,66.0,32.903536507098664,35000.0,317563.62,13922.127475281783,0,3370.0
3.0,wind,bus_318,wind_3867,34.18784684133704,-116.976571399,146.55117577393816,66.0,22.15517101019571,15000.0,550612.56,10357.109068159081,1,3370.0
3.0,wind,bus_318,wind_4614,34.274428058174074,-117.04700127174074,137.07437090414246,228.0,45.46469677479659,15000.0,542013.2,9597.691972840154,1,3370.0
3.0,wind,bus_318,wind_4625,34.361009275011114,-118.24430910833333,171.92646425705402,186.0,40.587012468578514,35000.0,411351.8,5539.314954486427,1,3370.0
1.0,wind,bus_318,wind_5738,33.01659015964737,-114.80574608363158,341.1682069325461,144.0,45.67545565294453,35000.0,185248.53,6033.371193415638,0,3370.0
3.0,wind,bus_318,wind_5759,34.534171708685186,-118.5260285992963,177.70831367311624,246.0,27.70681974270578,15000.0,579130.6,4889.942746873255,1,3370.0
3.0,wind,bus_318,wind_5762,34.534171708685186,-118.31473898107407,162.8534468777549,204.0,38.767218884089594,15000.0,378539.16,11720.692783303672,1,3370.0
1.0,wind,bus_318,wind_6124,33.11545320652105,-116.324347339,272.46052569026966,60.0,52.26981609860366,35000.0,376899.84,13854.580762104344,0,3370.0
2.0,wind,bus_318,wind_6862,35.173489048534485,-114.48490435742858,229.00315348982951,42.0,49.37766374099247,35000.0,362114.1,5022.801101628039,0,3370.0
2.0,wind,bus_318,wind_6864,35.173489048534485,-114.309647486,244.7037105707885,252.0,39.248624139220354,35000.0,454195.8,4487.393906682622,0,3370.0
2.0,wind,bus_318,wind_8004,35.216359122351726,-115.01067497171428,181.149866265658,222.0,57.02361614208024,15000.0,347759.25,3906.8795749374895,0,3370.0
1.0,wind,bus_318,wind_8011,33.31317930026842,-115.63407404110526,273.1417772895907,228.0,17.733234099813693,15000.0,124354.65,5979.508496701373,0,3370.0
1.0,wind,bus_318,wind_8026,33.31317930026842,-113.701308807,386.8962469766838,126.0,33.18933618191138,35000.0,307217.75,13701.886610865902,0,3370.0
1.0,wind,bus_318,wind_8770,33.412042347142105,-113.9774181261579,360.2614571188865,276.0,40.85052500898017,35000.0,139822.95,4952.446145236453,0,3370.0
1.0,wind,bus_318,wind_8775,33.51090539401579,-116.0482380198421,237.57012733370277,108.0,31.262503103984557,15000.0,240732.22,5543.147302292982,0,3370.0
2.0,wind,bus_318,wind_9542,35.25922919616897,-113.43336312885715,322.3695623807199,228.0,40.26782429171251,15000.0,206109.4,3636.3574772151674,0,3370.0
1.0,wind,bus_318,wind_9546,33.609768440889475,-116.18629267942106,222.9029692374744,258.0,31.322704717256308,35000.0,228112.95,6730.409007429606,0,3370.0
1.0,wind,bus_318,wind_9926,33.609768440889475,-115.7721287006842,237.9329839020677,288.0,29.121414121724055,35000.0,177124.89,5342.027528675423,0,3370.0
3.0,wind,bus_318,wind_10314,34.96707779287037,-118.38516885381482,141.25984199394685,246.0,41.28737036872091,15000.0,469507.75,3910.4721550060904,1,3370.0
3.0,wind,bus_318,wind_11080,35.05365900970741,-117.82172987188889,91.72396722518702,240.0,29.83449048851381,15000.0,473568.0,3140.1317006028785,1,3370.0
3.0,wind,bus_318,wind_11451,35.05365900970741,-117.39915063544444,63.239070285922054,216.0,31.922420034212657,35000.0,286184.66,5037.468664619892,1,3370.0
3.0,wind,bus_318,wind_11462,35.14024022654445,-118.59645847203703,152.47955425679717,72.0,30.90716157998361,15000.0,421182.88,4246.732688971792,1,3370.0
2.0,wind,bus_318,wind_12200,35.47357956525517,-115.44881715028572,138.36352418503046,282.0,35.868914710440556,35000.0,368521.7,3513.425303677313,0,3370.0
3.0,wind,bus_318,wind_12222,35.22682144338148,-118.80774809025925,168.91406715990223,180.0,7.294763642570183,15000.0,448000.2,4639.573607492375,1,3370.0
2.0,wind,bus_318,wind_13347,35.602189786706894,-115.36118871457143,146.5257146506874,240.0,31.74171522120349,35000.0,271069.88,4934.397613384755,0,3370.0
2.0,wind,bus_318,wind_13355,35.602189786706894,-114.66016122885715,209.8221207860412,258.0,46.71920613088312,35000.0,318633.25,4238.3168759567225,0,3370.0
2.0,wind,bus_318,wind_13719,35.602189786706894,-113.696248436,296.9328129302363,270.0,49.6009464184887,15000.0,369154.3,5210.298750561249,0,3370.0
2.0,wind,bus_318,wind_13723,35.602189786706894,-113.34573469314286,328.61835121526417,282.0,46.93785294623239,35000.0,342503.72,4586.018234119997,0,3370.0
2.0,wind,bus_318,wind_14115,35.645059860524135,-113.60862000028573,304.9772061578518,102.0,44.604152879739,35000.0,319696.4,5301.523045267489,0,3370.0
1.0,solar,bus_318,solar_1180,33.609768440889475,-113.9774181261579,346.2060922560966,119.51,20.66093307534744,35000.0,415575.4,10881.386489607035,0,540.0
1.0,solar,bus_318,solar_1938,33.70863148776316,-115.91018336026316,222.3918057378909,413.56,21.006451738438415,35000.0,136194.78,5589.921430933224,0,540.0
1.0,solar,bus_318,solar_2696,33.70863148776316,-114.5296367644737,300.1232056214737,975.34,20.23556579392014,15000.0,326046.84,5842.262500000001,0,540.0
3.0,solar,bus_318,solar_3481,35.31340266021852,-117.54001038092592,55.36388582133277,235.46,20.98557988500825,15000.0,1450488.9,9015.091456745968,1,540.0
3.0,solar,bus_318,solar_3865,35.399983877055554,-117.89215974462962,83.76308120385801,555.68,20.956046218629005,15000.0,748010.2,8326.904253604604,1,540.0
1.0,solar,bus_318,solar_4974,33.90635758151053,-114.39158210489474,295.7293392978544,725.49,20.566563256377396,15000.0,151662.47,5015.97306034038,0,540.0
3.0,solar,bus_318,solar_5002,35.57314631072963,-117.75129999914815,70.49673914613453,321.51,20.805657171461945,15000.0,610527.6,14019.768686868687,1,540.0
2.0,solar,bus_318,solar_6866,35.773670081975865,-113.082849386,353.1015316212294,1975.87,20.3644778352278,15000.0,163287.61,3303.7093581362155,0,540.0
2.0,solar,bus_318,solar_6870,35.816540155793106,-115.27356027885715,157.6855134473459,511.49,20.3885561933549,15000.0,191078.33,4340.889018140537,0,540.0
1.0,solar,bus_318,solar_6877,34.20294672213158,-114.39158210489474,276.7945928399996,243.36,20.323107440582152,35000.0,248843.27,14732.03952695499,0,540.0
1.0,solar,bus_318,solar_7637,34.40067281587895,-116.0482380198421,149.19301364720354,115.64,20.97164538263398,15000.0,329703.16,8637.77394621809,0,540.0
1.0,solar,bus_318,solar_8402,34.59839890962632,-116.18629267942106,123.91705172772365,800.57,20.779362880359272,35000.0,309062.75,5348.813514564577,0,540.0
1.0,solar,bus_318,solar_8406,34.59839890962632,-115.63407404110526,158.47286884851388,381.67,20.52282248996236,35000.0,307217.75,13701.886610865902,0,540.0
3.0,solar,bus_318,solar_8422,36.00605239491482,-118.878177963,180.38025993830632,1534.09,18.4643785313685,15000.0,147581.83,4738.016111105843,1,540.0
1.0,solar,bus_318,solar_8772,34.59839890962632,-115.21991006236843,189.0720808096575,1262.43,20.827260532201606,15000.0,285082.16,4698.472227915261,0,540.0
3.0,solar,bus_318,solar_8801,36.00605239491482,-118.0330194901111,110.37019128427777,1920.94,21.38626932296118,15000.0,166064.89,3150.371663040237,1,540.0
1.0,solar,bus_318,solar_9164,34.6972619565,-115.91018336026316,132.26509767852158,1370.69,20.80076673898595,15000.0,228099.69,4582.887685702328,0,540.0
3.0,solar,bus_318,solar_9554,36.09263361175185,-118.73731821751852,171.67662516928235,2675.24,19.246807189138497,35000.0,439531.4,4826.783703703703,1,540.0
2.0,solar,bus_318,solar_10302,35.94515037724483,-113.95913374314286,276.7200718770463,774.09,20.206921077184717,35000.0,88726.28,5257.520563974944,0,540.0
3.0,solar,bus_318,solar_11083,36.26579604542593,-118.1738792355926,137.02311734501896,562.63,21.704051587967797,15000.0,407670.75,4334.185178850601,1,540.0
2.0,solar,bus_318,solar_11821,36.07376059869655,-115.36118871457143,158.798589203083,1895.69,20.33245961018209,35000.0,267489.94,4568.217359904856,0,540.0
3.0,solar,bus_318,solar_11837,36.35237726226296,-118.5260285992963,168.29578660379434,3199.82,21.280843517492393,35000.0,657265.94,3555.5323979640634,1,540.0
2.0,solar,bus_318,solar_12188,36.07376059869655,-114.48490435742858,233.43915590183087,1034.83,19.649696670386444,35000.0,345709.78,6176.704732336498,0,540.0
3.0,solar,bus_318,solar_12223,36.35237726226296,-117.3287207627037,99.32998156086592,616.44,19.899699049838656,15000.0,431066.34,4162.50411039619,1,540.0
2.0,solar,bus_318,solar_12568,36.11663067251379,-114.74778966457143,212.1369762079166,907.88,19.391389919897858,35000.0,404530.84,7771.421293493865,0,540.0
3.0,solar,bus_318,solar_12591,36.35237726226296,-117.11743114448147,94.98414887819246,1283.28,20.986785155739607,35000.0,243376.78,5059.439440354808,1,540.0
2.0,solar,bus_318,solar_12954,36.159500746331034,-114.13439061457143,266.31864557277135,216.79,19.79746766913336,35000.0,467371.66,9295.096465069715,0,540.0
2.0,solar,bus_318,solar_12977,36.202370820148275,-114.923046536,200.62125321864693,422.82,19.98129969611502,35000.0,365625.44,4648.62371364967,0,540.0
2.0,solar,bus_318,solar_13734,36.28811096778276,-115.01067497171428,197.28624681759965,1435.71,20.022836093802365,35000.0,275067.38,4670.662091503268,0,540.0
2.0,solar,bus_318,solar_14502,36.3309810416,-114.923046536,206.42838256489875,1274.09,19.972700974607537,35000.0,392252.53,3317.1199651070892,0,540.0
1.0,wind,bus_319,wind_3840,32.91772711277368,-115.08185540278947,291.48907452592664,78.0,29.86654403472681,35000.0,257014.03,13494.356293888508,0,3370.0
1.0,wind,bus_319,wind_3841,32.91772711277368,-114.94380074321053,299.8808903287648,66.0,32.903536507098664,35000.0,317563.62,13922.127475281783,0,3370.0
3.0,wind,bus_319,wind_3867,34.18784684133704,-116.976571399,82.27013912797263,66.0,22.15517101019571,15000.0,550612.56,10357.109068159081,1,3370.0
3.0,wind,bus_319,wind_4614,34.274428058174074,-117.04700127174074,71.87111759317867,228.0,45.46469677479659,15000.0,542013.2,9597.691972840154,1,3370.0
3.0,wind,bus_319,wind_4625,34.361009275011114,-118.24430910833333,119.69624977477604,186.0,40.587012468578514,35000.0,411351.8,5539.314954486427,1,3370.0
1.0,wind,bus_319,wind_5738,33.01659015964737,-114.80574608363158,300.65781811275787,144.0,45.67545565294453,35000.0,185248.53,6033.371193415638,0,3370.0
3.0,wind,bus_319,wind_5759,34.534171708685186,-118.5260285992963,135.00126765336543,246.0,27.70681974270578,15000.0,579130.6,4889.942746873255,1,3370.0
3.0,wind,bus_319,wind_5762,34.534171708685186,-118.31473898107407,116.83973757212644,204.0,38.767218884089594,15000.0,378539.16,11720.692783303672,1,3370.0
1.0,wind,bus_319,wind_6124,33.11545320652105,-116.324347339,213.52725551438485,60.0,52.26981609860366,35000.0,376899.84,13854.580762104344,0,3370.0
2.0,wind,bus_319,wind_6862,35.173489048534485,-114.48490435742858,241.95869018202995,42.0,49.37766374099247,35000.0,362114.1,5022.801101628039,0,3370.0
2.0,wind,bus_319,wind_6864,35.173489048534485,-114.309647486,257.8078026914301,252.0,39.248624139220354,35000.0,454195.8,4487.393906682622,0,3370.0
2.0,wind,bus_319,wind_8004,35.216359122351726,-115.01067497171428,195.2164572161407,222.0,57.02361614208024,15000.0,347759.25,3906.8795749374895,0,3370.0
1.0,wind,bus_319,wind_8011,33.31317930026842,-115.63407404110526,225.05481615040233,228.0,17.733234099813693,15000.0,124354.65,5979.508496701373,0,3370.0
1.0,wind,bus_319,wind_8026,33.31317930026842,-113.701308807,362.092250378952,126.0,33.18933618191138,35000.0,307217.75,13701.886610865902,0,3370.0
1.0,wind,bus_319,wind_8770,33.412042347142105,-113.9774181261579,334.43012184760033,276.0,40.85052500898017,35000.0,139822.95,4952.446145236453,0,3370.0
1.0,wind,bus_319,wind_8775,33.51090539401579,-116.0482380198421,185.0907963898322,108.0,31.262503103984557,15000.0,240732.22,5543.147302292982,0,3370.0
2.0,wind,bus_319,wind_9542,35.25922919616897,-113.43336312885715,337.95907915799194,228.0,40.26782429171251,15000.0,206109.4,3636.3574772151674,0,3370.0
1.0,wind,bus_319,wind_9546,33.609768440889475,-116.18629267942106,169.0586773617736,258.0,31.322704717256308,35000.0,228112.95,6730.409007429606,0,3370.0
1.0,wind,bus_319,wind_9926,33.609768440889475,-115.7721287006842,191.28772061226977,288.0,29.121414121724055,35000.0,177124.89,5342.027528675423,0,3370.0
3.0,wind,bus_319,wind_10314,34.96707779287037,-118.38516885381482,115.0475778230104,246.0,41.28737036872091,15000.0,469507.75,3910.4721550060904,1,3370.0
3.0,wind,bus_319,wind_11080,35.05365900970741,-117.82172987188889,65.30176388413,240.0,29.83449048851381,15000.0,473568.0,3140.1317006028785,1,3370.0
3.0,wind,bus_319,wind_11451,35.05365900970741,-117.39915063544444,29.243884146604675,216.0,31.922420034212657,35000.0,286184.66,5037.468664619892,1,3370.0
3.0,wind,bus_319,wind_11462,35.14024022654445,-118.59645847203703,136.2991396277469,72.0,30.90716157998361,15000.0,421182.88,4246.732688971792,1,3370.0
2.0,wind,bus_319,wind_12200,35.47357956525517,-115.44881715028572,164.32549437195843,282.0,35.868914710440556,35000.0,368521.7,3513.425303677313,0,3370.0
3.0,wind,bus_319,wind_12222,35.22682144338148,-118.80774809025925,156.9997879607223,180.0,7.294763642570183,15000.0,448000.2,4639.573607492375,1,3370.0
2.0,wind,bus_319,wind_13347,35.602189786706894,-115.36118871457143,177.26398937409348,240.0,31.74171522120349,35000.0,271069.88,4934.397613384755,0,3370.0
2.0,wind,bus_319,wind_13355,35.602189786706894,-114.66016122885715,236.32830150349545,258.0,46.71920613088312,35000.0,318633.25,4238.3168759567225,0,3370.0
2.0,wind,bus_319,wind_13719,35.602189786706894,-113.696248436,320.4146804143868,270.0,49.6009464184887,15000.0,369154.3,5210.298750561249,0,3370.0
2.0,wind,bus_319,wind_13723,35.602189786706894,-113.34573469314286,351.40433238763205,282.0,46.93785294623239,35000.0,342503.72,4586.018234119997,0,3370.0
2.0,wind,bus_319,wind_14115,35.645059860524135,-113.60862000028573,329.20324577177405,102.0,44.604152879739,35000.0,319696.4,5301.523045267489,0,3370.0
1.0,solar,bus_319,solar_1180,33.609768440889475,-113.9774181261579,323.6844518519751,119.51,20.66093307534744,35000.0,415575.4,10881.386489607035,0,540.0
1.0,solar,bus_319,solar_1938,33.70863148776316,-115.91018336026316,174.66562443426335,413.56,21.006451738438415,35000.0,136194.78,5589.921430933224,0,540.0
1.0,solar,bus_319,solar_2696,33.70863148776316,-114.5296367644737,273.6021868478103,975.34,20.23556579392014,15000.0,326046.84,5842.262500000001,0,540.0
3.0,solar,bus_319,solar_3481,35.31340266021852,-117.54001038092592,58.01352718177549,235.46,20.98557988500825,15000.0,1450488.9,9015.091456745968,1,540.0
3.0,solar,bus_319,solar_3865,35.399983877055554,-117.89215974462962,88.02184886752269,555.68,20.956046218629005,15000.0,748010.2,8326.904253604604,1,540.0
1.0,solar,bus_319,solar_4974,33.90635758151053,-114.39158210489474,274.74755912177824,725.49,20.566563256377396,15000.0,151662.47,5015.97306034038,0,540.0
3.0,solar,bus_319,solar_5002,35.57314631072963,-117.75129999914815,92.48590786505164,321.51,20.805657171461945,15000.0,610527.6,14019.768686868687,1,540.0
2.0,solar,bus_319,solar_6866,35.773670081975865,-113.082849386,378.6911406309924,1975.87,20.3644778352278,15000.0,163287.61,3303.7093581362155,0,540.0
2.0,solar,bus_319,solar_6870,35.816540155793106,-115.27356027885715,195.33146529910096,511.49,20.3885561933549,15000.0,191078.33,4340.889018140537,0,540.0
1.0,solar,bus_319,solar_6877,34.20294672213158,-114.39158210489474,262.5562514236123,243.36,20.323107440582152,35000.0,248843.27,14732.03952695499,0,540.0
1.0,solar,bus_319,solar_7637,34.40067281587895,-116.0482380198421,113.98576723400744,115.64,20.97164538263398,15000.0,329703.16,8637.77394621809,0,540.0
1.0,solar,bus_319,solar_8402,34.59839890962632,-116.18629267942106,92.76166055804656,800.57,20.779362880359272,35000.0,309062.75,5348.813514564577,0,540.0
1.0,solar,bus_319,solar_8406,34.59839890962632,-115.63407404110526,140.69889417302213,381.67,20.52282248996236,35000.0,307217.75,13701.886610865902,0,540.0
3.0,solar,bus_319,solar_8422,36.00605239491482,-118.878177963,199.68370114285645,1534.09,18.4643785313685,15000.0,147581.83,4738.016111105843,1,540.0
1.0,solar,bus_319,solar_8772,34.59839890962632,-115.21991006236843,177.56586161002406,1262.43,20.827260532201606,15000.0,285082.16,4698.472227915261,0,540.0
3.0,solar,bus_319,solar_8801,36.00605239491482,-118.0330194901111,146.35123847515987,1920.94,21.38626932296118,15000.0,166064.89,3150.371663040237,1,540.0
1.0,solar,bus_319,solar_9164,34.6972619565,-115.91018336026316,113.53402679978034,1370.69,20.80076673898595,15000.0,228099.69,4582.887685702328,0,540.0
3.0,solar,bus_319,solar_9554,36.09263361175185,-118.73731821751852,195.9181944525811,2675.24,19.246807189138497,35000.0,439531.4,4826.783703703703,1,540.0
2.0,solar,bus_319,solar_10302,35.94515037724483,-113.95913374314286,308.6850718053084,774.09,20.206921077184717,35000.0,88726.28,5257.520563974944,0,540.0
3.0,solar,bus_319,solar_11083,36.26579604542593,-118.1738792355926,177.41624037230702,562.63,21.704051587967797,15000.0,407670.75,4334.185178850601,1,540.0
2.0,solar,bus_319,solar_11821,36.07376059869655,-115.36118871457143,204.9491391140253,1895.69,20.33245961018209,35000.0,267489.94,4568.217359904856,0,540.0
3.0,solar,bus_319,solar_11837,36.35237726226296,-118.5260285992963,203.7012855321181,3199.82,21.280843517492393,35000.0,657265.94,3555.5323979640634,1,540.0
2.0,solar,bus_319,solar_12188,36.07376059869655,-114.48490435742858,271.32706364244115,1034.83,19.649696670386444,35000.0,345709.78,6176.704732336498,0,540.0
3.0,solar,bus_319,solar_12223,36.35237726226296,-117.3287207627037,160.60117996147537,616.44,19.899699049838656,15000.0,431066.34,4162.50411039619,1,540.0
2.0,solar,bus_319,solar_12568,36.11663067251379,-114.74778966457143,253.05399609075192,907.88,19.391389919897858,35000.0,404530.84,7771.421293493865,0,540.0
3.0,solar,bus_319,solar_12591,36.35237726226296,-117.11743114448147,159.5377331088679,1283.28,20.986785155739607,35000.0,243376.78,5059.439440354808,1,540.0
2.0,solar,bus_319,solar_12954,36.159500746331034,-114.13439061457143,303.7266322339167,216.79,19.79746766913336,35000.0,467371.66,9295.096465069715,0,540.0
2.0,solar,bus_319,solar_12977,36.202370820148275,-114.923046536,245.06216815181253,422.82,19.98129969611502,35000.0,365625.44,4648.62371364967,0,540.0
2.0,solar,bus_319,solar_13734,36.28811096778276,-115.01067497171428,244.4118594085516,1435.71,20.022836093802365,35000.0,275067.38,4670.662091503268,0,540.0
2.0,solar,bus_319,solar_14502,36.3309810416,-114.923046536,253.5376844628409,1274.09,19.972700974607537,35000.0,392252.53,3317.1199651070892,0,540.0
1.0,wind,bus_320,wind_3840,32.91772711277368,-115.08185540278947,251.22189722327548,78.0,29.86654403472681,35000.0,257014.03,13494.356293888508,0,3370.0
1.0,wind,bus_320,wind_3841,32.91772711277368,-114.94380074321053,260.687852565906,66.0,32.903536507098664,35000.0,317563.62,13922.127475281783,0,3370.0
3.0,wind,bus_320,wind_3867,34.18784684133704,-116.976571399,31.562566916288272,66.0,22.15517101019571,15000.0,550612.56,10357.109068159081,1,3370.0
3.0,wind,bus_320,wind_4614,34.274428058174074,-117.04700127174074,20.963642561176044,228.0,45.46469677479659,15000.0,542013.2,9597.691972840154,1,3370.0
3.0,wind,bus_320,wind_4625,34.361009275011114,-118.24430910833333,108.90667054864863,186.0,40.587012468578514,35000.0,411351.8,5539.314954486427,1,3370.0
1.0,wind,bus_320,wind_5738,33.01659015964737,-114.80574608363158,263.48613246030726,144.0,45.67545565294453,35000.0,185248.53,6033.371193415638,0,3370.0
3.0,wind,bus_320,wind_5759,34.534171708685186,-118.5260285992963,134.26186858893834,246.0,27.70681974270578,15000.0,579130.6,4889.942746873255,1,3370.0
3.0,wind,bus_320,wind_5762,34.534171708685186,-118.31473898107407,114.93954684506028,204.0,38.767218884089594,15000.0,378539.16,11720.692783303672,1,3370.0
1.0,wind,bus_320,wind_6124,33.11545320652105,-116.324347339,164.6202291674737,60.0,52.26981609860366,35000.0,376899.84,13854.580762104344,0,3370.0
2.0,wind,bus_320,wind_6862,35.173489048534485,-114.48490435742858,248.30781770262823,42.0,49.37766374099247,35000.0,362114.1,5022.801101628039,0,3370.0
2.0,wind,bus_320,wind_6864,35.173489048534485,-114.309647486,263.52161354491477,252.0,39.248624139220354,35000.0,454195.8,4487.393906682622,0,3370.0
2.0,wind,bus_320,wind_8004,35.216359122351726,-115.01067497171428,205.24316712464923,222.0,57.02361614208024,15000.0,347759.25,3906.8795749374895,0,3370.0
1.0,wind,bus_320,wind_8011,33.31317930026842,-115.63407404110526,183.68331905833284,228.0,17.733234099813693,15000.0,124354.65,5979.508496701373,0,3370.0
1.0,wind,bus_320,wind_8026,33.31317930026842,-113.701308807,335.6097033630358,126.0,33.18933618191138,35000.0,307217.75,13701.886610865902,0,3370.0
1.0,wind,bus_320,wind_8770,33.412042347142105,-113.9774181261579,307.71017617106037,276.0,40.85052500898017,35000.0,139822.95,4952.446145236453,0,3370.0
1.0,wind,bus_320,wind_8775,33.51090539401579,-116.0482380198421,141.27002772602435,108.0,31.262503103984557,15000.0,240732.22,5543.147302292982,0,3370.0
2.0,wind,bus_320,wind_9542,35.25922919616897,-113.43336312885715,342.83577711616687,228.0,40.26782429171251,15000.0,206109.4,3636.3574772151674,0,3370.0
1.0,wind,bus_320,wind_9546,33.609768440889475,-116.18629267942106,124.5929663617954,258.0,31.322704717256308,35000.0,228112.95,6730.409007429606,0,3370.0
1.0,wind,bus_320,wind_9926,33.609768440889475,-115.7721287006842,152.14787401990478,288.0,29.121414121724055,35000.0,177124.89,5342.027528675423,0,3370.0
3.0,wind,bus_320,wind_10314,34.96707779287037,-118.38516885381482,133.19582384066194,246.0,41.28737036872091,15000.0,469507.75,3910.4721550060904,1,3370.0
3.0,wind,bus_320,wind_11080,35.05365900970741,-117.82172987188889,95.49441340552433,240.0,29.83449048851381,15000.0,473568.0,3140.1317006028785,1,3370.0
3.0,wind,bus_320,wind_11451,35.05365900970741,-117.39915063544444,72.53689130089903,216.0,31.922420034212657,35000.0,286184.66,5037.468664619892,1,3370.0
3.0,wind,bus_320,wind_11462,35.14024022654445,-118.59645847203703,158.96517743816304,72.0,30.90716157998361,15000.0,421182.88,4246.732688971792,1,3370.0
2.0,wind,bus_320,wind_12200,35.47357956525517,-115.44881715028572,185.16690440208927,282.0,35.868914710440556,35000.0,368521.7,3513.425303677313,0,3370.0
3.0,wind,bus_320,wind_12222,35.22682144338148,-118.80774809025925,180.44166234263497,180.0,7.294763642570183,15000.0,448000.2,4639.573607492375,1,3370.0
2.0,wind,bus_320,wind_13347,35.602189786706894,-115.36118871457143,200.2047097493141,240.0,31.74171522120349,35000.0,271069.88,4934.397613384755,0,3370.0
2.0,wind,bus_320,wind_13355,35.602189786706894,-114.66016122885715,252.86055878168645,258.0,46.71920613088312,35000.0,318633.25,4238.3168759567225,0,3370.0
2.0,wind,bus_320,wind_13719,35.602189786706894,-113.696248436,331.7230647709662,270.0,49.6009464184887,15000.0,369154.3,5210.298750561249,0,3370.0
2.0,wind,bus_320,wind_13723,35.602189786706894,-113.34573469314286,361.4161428435097,282.0,46.93785294623239,35000.0,342503.72,4586.018234119997,0,3370.0
2.0,wind,bus_320,wind_14115,35.645059860524135,-113.60862000028573,340.84181151473405,102.0,44.604152879739,35000.0,319696.4,5301.523045267489,0,3370.0
1.0,solar,bus_320,solar_1180,33.609768440889475,-113.9774181261579,299.74380583895874,119.51,20.66093307534744,35000.0,415575.4,10881.386489607035,0,540.0
1.0,solar,bus_320,solar_1938,33.70863148776316,-115.91018336026316,135.30209714269978,413.56,21.006451738438415,35000.0,136194.78,5589.921430933224,0,540.0
1.0,solar,bus_320,solar_2696,33.70863148776316,-114.5296367644737,247.93800799506664,975.34,20.23556579392014,15000.0,326046.84,5842.262500000001,0,540.0
3.0,solar,bus_320,solar_3481,35.31340266021852,-117.54001038092592,104.12378417466832,235.46,20.98557988500825,15000.0,1450488.9,9015.091456745968,1,540.0
3.0,solar,bus_320,solar_3865,35.399983877055554,-117.89215974462962,128.73878654991026,555.68,20.956046218629005,15000.0,748010.2,8326.904253604604,1,540.0
1.0,solar,bus_320,solar_4974,33.90635758151053,-114.39158210489474,253.4254384936816,725.49,20.566563256377396,15000.0,151662.47,5015.97306034038,0,540.0
3.0,solar,bus_320,solar_5002,35.57314631072963,-117.75129999914815,138.47558817993405,321.51,20.805657171461945,15000.0,610527.6,14019.768686868687,1,540.0
2.0,solar,bus_320,solar_6866,35.773670081975865,-113.082849386,390.27007178712176,1975.87,20.3644778352278,15000.0,163287.61,3303.7093581362155,0,540.0
2.0,solar,bus_320,solar_6870,35.816540155793106,-115.27356027885715,221.7142562453216,511.49,20.3885561933549,15000.0,191078.33,4340.889018140537,0,540.0
1.0,solar,bus_320,solar_6877,34.20294672213158,-114.39158210489474,247.02576077533575,243.36,20.323107440582152,35000.0,248843.27,14732.03952695499,0,540.0
1.0,solar,bus_320,solar_7637,34.40067281587895,-116.0482380198421,93.36706935385354,115.64,20.97164538263398,15000.0,329703.16,8637.77394621809,0,540.0
1.0,solar,bus_320,solar_8402,34.59839890962632,-116.18629267942106,81.76640844539016,800.57,20.779362880359272,35000.0,309062.75,5348.813514564577,0,540.0
1.0,solar,bus_320,solar_8406,34.59839890962632,-115.63407404110526,131.81192724967028,381.67,20.52282248996236,35000.0,307217.75,13701.886610865902,0,540.0
3.0,solar,bus_320,solar_8422,36.00605239491482,-118.878177963,237.9480582239653,1534.09,18.4643785313685,15000.0,147581.83,4738.016111105843,1,540.0
1.0,solar,bus_320,solar_8772,34.59839890962632,-115.21991006236843,169.55578306923954,1262.43,20.827260532201606,15000.0,285082.16,4698.472227915261,0,540.0
3.0,solar,bus_320,solar_8801,36.00605239491482,-118.0330194901111,192.90512517847816,1920.94,21.38626932296118,15000.0,166064.89,3150.371663040237,1,540.0
1.0,solar,bus_320,solar_9164,34.6972619565,-115.91018336026316,108.76698851285391,1370.69,20.80076673898595,15000.0,228099.69,4582.887685702328,0,540.0
3.0,solar,bus_320,solar_9554,36.09263361175185,-118.73731821751852,236.5145458944488,2675.24,19.246807189138497,35000.0,439531.4,4826.783703703703,1,540.0
2.0,solar,bus_320,solar_10302,35.94515037724483,-113.95913374314286,326.6803965318671,774.09,20.206921077184717,35000.0,88726.28,5257.520563974944,0,540.0
3.0,solar,bus_320,solar_11083,36.26579604542593,-118.1738792355926,224.37544713548,562.63,21.704051587967797,15000.0,407670.75,4334.185178850601,1,540.0
2.0,solar,bus_320,solar_11821,36.07376059869655,-115.36118871457143,236.60378610957005,1895.69,20.33245961018209,35000.0,267489.94,4568.217359904856,0,540.0
3.0,solar,bus_320,solar_11837,36.35237726226296,-118.5260285992963,248.4492413624222,3199.82,21.280843517492393,35000.0,657265.94,3555.5323979640634,1,540.0
2.0,solar,bus_320,solar_12188,36.07376059869655,-114.48490435742858,294.77527444515846,1034.83,19.649696670386444,35000.0,345709.78,6176.704732336498,0,540.0
3.0,solar,bus_320,solar_12223,36.35237726226296,-117.3287207627037,211.51839598593423,616.44,19.899699049838656,15000.0,431066.34,4162.50411039619,1,540.0
2.0,solar,bus_320,solar_12568,36.11663067251379,-114.74778966457143,279.2806910179407,907.88,19.391389919897858,35000.0,404530.84,7771.421293493865,0,540.0
3.0,solar,bus_320,solar_12591,36.35237726226296,-117.11743114448147,210.20538906005945,1283.28,20.986785155739607,35000.0,243376.78,5059.439440354808,1,540.0
2.0,solar,bus_320,solar_12954,36.159500746331034,-114.13439061457143,325.93025830731557,216.79,19.79746766913336,35000.0,467371.66,9295.096465069715,0,540.0
2.0,solar,bus_320,solar_12977,36.202370820148275,-114.923046536,274.08629833209835,422.82,19.98129969611502,35000.0,365625.44,4648.62371364967,0,540.0
2.0,solar,bus_320,solar_13734,36.28811096778276,-115.01067497171428,275.39564351793643,1435.71,20.022836093802365,35000.0,275067.38,4670.662091503268,0,540.0
2.0,solar,bus_320,solar_14502,36.3309810416,-114.923046536,284.25373054665346,1274.09,19.972700974607537,35000.0,392252.53,3317.1199651070892,0,540.0
1.0,wind,bus_321,wind_3840,32.91772711277368,-115.08185540278947,365.65752986356017,78.0,29.86654403472681,35000.0,257014.03,13494.356293888508,0,3370.0
1.0,wind,bus_321,wind_3841,32.91772711277368,-114.94380074321053,372.2867905949633,66.0,32.903536507098664,35000.0,317563.62,13922.127475281783,0,3370.0
3.0,wind,bus_321,wind_3867,34.18784684133704,-116.976571399,173.64692161298996,66.0,22.15517101019571,15000.0,550612.56,10357.109068159081,1,3370.0
3.0,wind,bus_321,wind_4614,34.274428058174074,-117.04700127174074,163.67687256253774,228.0,45.46469677479659,15000.0,542013.2,9597.691972840154,1,3370.0
3.0,wind,bus_321,wind_4625,34.361009275011114,-118.24430910833333,185.0777788862124,186.0,40.587012468578514,35000.0,411351.8,5539.314954486427,1,3370.0
1.0,wind,bus_321,wind_5738,33.01659015964737,-114.80574608363158,370.0907265550825,144.0,45.67545565294453,35000.0,185248.53,6033.371193415638,0,3370.0
3.0,wind,bus_321,wind_5759,34.534171708685186,-118.5260285992963,185.98240622528337,246.0,27.70681974270578,15000.0,579130.6,4889.942746873255,1,3370.0
3.0,wind,bus_321,wind_5762,34.534171708685186,-118.31473898107407,173.29252350375967,204.0,38.767218884089594,15000.0,378539.16,11720.692783303672,1,3370.0
1.0,wind,bus_321,wind_6124,33.11545320652105,-116.324347339,301.2915477390831,60.0,52.26981609860366,35000.0,376899.84,13854.580762104344,0,3370.0
2.0,wind,bus_321,wind_6862,35.173489048534485,-114.48490435742858,246.57442880452035,42.0,49.37766374099247,35000.0,362114.1,5022.801101628039,0,3370.0
2.0,wind,bus_321,wind_6864,35.173489048534485,-114.309647486,261.9411309801317,252.0,39.248624139220354,35000.0,454195.8,4487.393906682622,0,3370.0
2.0,wind,bus_321,wind_8004,35.216359122351726,-115.01067497171428,199.4392788723226,222.0,57.02361614208024,15000.0,347759.25,3906.8795749374895,0,3370.0
1.0,wind,bus_321,wind_8011,33.31317930026842,-115.63407404110526,302.56646789632475,228.0,17.733234099813693,15000.0,124354.65,5979.508496701373,0,3370.0
1.0,wind,bus_321,wind_8026,33.31317930026842,-113.701308807,413.4096602394728,126.0,33.18933618191138,35000.0,307217.75,13701.886610865902,0,3370.0
1.0,wind,bus_321,wind_8770,33.412042347142105,-113.9774181261579,387.0575339187435,276.0,40.85052500898017,35000.0,139822.95,4952.446145236453,0,3370.0
1.0,wind,bus_321,wind_8775,33.51090539401579,-116.0482380198421,266.9493033000338,108.0,31.262503103984557,15000.0,240732.22,5543.147302292982,0,3370.0
2.0,wind,bus_321,wind_9542,35.25922919616897,-113.43336312885715,337.6384352761415,228.0,40.26782429171251,15000.0,206109.4,3636.3574772151674,0,3370.0
1.0,wind,bus_321,wind_9546,33.609768440889475,-116.18629267942106,252.20097027142577,258.0,31.322704717256308,35000.0,228112.95,6730.409007429606,0,3370.0
1.0,wind,bus_321,wind_9926,33.609768440889475,-115.7721287006842,267.3430552040112,288.0,29.121414121724055,35000.0,177124.89,5342.027528675423,0,3370.0
3.0,wind,bus_321,wind_10314,34.96707779287037,-118.38516885381482,144.0454401995705,246.0,41.28737036872091,15000.0,469507.75,3910.4721550060904,1,3370.0
3.0,wind,bus_321,wind_11080,35.05365900970741,-117.82172987188889,100.07192376593586,240.0,29.83449048851381,15000.0,473568.0,3140.1317006028785,1,3370.0
3.0,wind,bus_321,wind_11451,35.05365900970741,-117.39915063544444,81.09900714570718,216.0,31.922420034212657,35000.0,286184.66,5037.468664619892,1,3370.0
3.0,wind,bus_321,wind_11462,35.14024022654445,-118.59645847203703,150.09554350411386,72.0,30.90716157998361,15000.0,421182.88,4246.732688971792,1,3370.0
2.0,wind,bus_321,wind_12200,35.47357956525517,-115.44881715028572,153.65765805056583,282.0,35.868914710440556,35000.0,368521.7,3513.425303677313,0,3370.0
3.0,wind,bus_321,wind_12222,35.22682144338148,-118.80774809025925,163.7161490218828,180.0,7.294763642570183,15000.0,448000.2,4639.573607492375,1,3370.0
2.0,wind,bus_321,wind_13347,35.602189786706894,-115.36118871457143,159.24861012248323,240.0,31.74171522120349,35000.0,271069.88,4934.397613384755,0,3370.0
2.0,wind,bus_321,wind_13355,35.602189786706894,-114.66016122885715,222.34118275186012,258.0,46.71920613088312,35000.0,318633.25,4238.3168759567225,0,3370.0
2.0,wind,bus_321,wind_13719,35.602189786706894,-113.696248436,309.2402625117469,270.0,49.6009464184887,15000.0,369154.3,5210.298750561249,0,3370.0
2.0,wind,bus_321,wind_13723,35.602189786706894,-113.34573469314286,340.85851578235923,282.0,46.93785294623239,35000.0,342503.72,4586.018234119997,0,3370.0
2.0,wind,bus_321,wind_14115,35.645059860524135,-113.60862000028573,316.8557610013004,102.0,44.604152879739,35000.0,319696.4,5301.523045267489,0,3370.0
1.0,solar,bus_321,solar_1180,33.609768440889475,-113.9774181261579,372.4194288087935,119.51,20.66093307534744,35000.0,415575.4,10881.386489607035,0,540.0
1.0,solar,bus_321,solar_1938,33.70863148776316,-115.91018336026316,251.82744839051995,413.56,21.006451738438415,35000.0,136194.78,5589.921430933224,0,540.0
1.0,solar,bus_321,solar_2696,33.70863148776316,-114.5296367644737,327.2803808741744,975.34,20.23556579392014,15000.0,326046.84,5842.262500000001,0,540.0
3.0,solar,bus_321,solar_3481,35.31340266021852,-117.54001038092592,61.510147768986435,235.46,20.98557988500825,15000.0,1450488.9,9015.091456745968,1,540.0
3.0,solar,bus_321,solar_3865,35.399983877055554,-117.89215974462962,80.06634828189047,555.68,20.956046218629005,15000.0,748010.2,8326.904253604604,1,540.0
1.0,solar,bus_321,solar_4974,33.90635758151053,-114.39158210489474,321.8875213650078,725.49,20.566563256377396,15000.0,151662.47,5015.97306034038,0,540.0
3.0,solar,bus_321,solar_5002,35.57314631072963,-117.75129999914815,60.560672465357115,321.51,20.805657171461945,15000.0,610527.6,14019.768686868687,1,540.0
2.0,solar,bus_321,solar_6866,35.773670081975865,-113.082849386,363.8502358797491,1975.87,20.3644778352278,15000.0,163287.61,3303.7093581362155,0,540.0
2.0,solar,bus_321,solar_6870,35.816540155793106,-115.27356027885715,166.33100614198273,511.49,20.3885561933549,15000.0,191078.33,4340.889018140537,0,540.0
1.0,solar,bus_321,solar_6877,34.20294672213158,-114.39158210489474,301.64985152028856,243.36,20.323107440582152,35000.0,248843.27,14732.03952695499,0,540.0
1.0,solar,bus_321,solar_7637,34.40067281587895,-116.0482380198421,178.28675812872984,115.64,20.97164538263398,15000.0,329703.16,8637.77394621809,0,540.0
1.0,solar,bus_321,solar_8402,34.59839890962632,-116.18629267942106,152.9563969422016,800.57,20.779362880359272,35000.0,309062.75,5348.813514564577,0,540.0
1.0,solar,bus_321,solar_8406,34.59839890962632,-115.63407404110526,185.4484830694983,381.67,20.52282248996236,35000.0,307217.75,13701.886610865902,0,540.0
3.0,solar,bus_321,solar_8422,36.00605239491482,-118.878177963,161.45135809359837,1534.09,18.4643785313685,15000.0,147581.83,4738.016111105843,1,540.0
1.0,solar,bus_321,solar_8772,34.59839890962632,-115.21991006236843,214.3450239764632,1262.43,20.827260532201606,15000.0,285082.16,4698.472227915261,0,540.0
3.0,solar,bus_321,solar_8801,36.00605239491482,-118.0330194901111,87.61539097538598,1920.94,21.38626932296118,15000.0,166064.89,3150.371663040237,1,540.0
1.0,solar,bus_321,solar_9164,34.6972619565,-115.91018336026316,159.89397108388505,1370.69,20.80076673898595,15000.0,228099.69,4582.887685702328,0,540.0
3.0,solar,bus_321,solar_9554,36.09263361175185,-118.73731821751852,151.07514949379873,2675.24,19.246807189138497,35000.0,439531.4,4826.783703703703,1,540.0
2.0,solar,bus_321,solar_10302,35.94515037724483,-113.95913374314286,285.3395993945763,774.09,20.206921077184717,35000.0,88726.28,5257.520563974944,0,540.0
3.0,solar,bus_321,solar_11083,36.26579604542593,-118.1738792355926,111.42235253410482,562.63,21.704051587967797,15000.0,407670.75,4334.185178850601,1,540.0
2.0,solar,bus_321,solar_11821,36.07376059869655,-115.36118871457143,162.14690229693662,1895.69,20.33245961018209,35000.0,267489.94,4568.217359904856,0,540.0
3.0,solar,bus_321,solar_11837,36.35237726226296,-118.5260285992963,143.66443778711033,3199.82,21.280843517492393,35000.0,657265.94,3555.5323979640634,1,540.0
2.0,solar,bus_321,solar_12188,36.07376059869655,-114.48490435742858,239.69360825781845,1034.83,19.649696670386444,35000.0,345709.78,6176.704732336498,0,540.0
3.0,solar,bus_321,solar_12223,36.35237726226296,-117.3287207627037,70.17144763872322,616.44,19.899699049838656,15000.0,431066.34,4162.50411039619,1,540.0
2.0,solar,bus_321,solar_12568,36.11663067251379,-114.74778966457143,217.12478937233368,907.88,19.391389919897858,35000.0,404530.84,7771.421293493865,0,540.0
3.0,solar,bus_321,solar_12591,36.35237726226296,-117.11743114448147,67.49923286404385,1283.28,20.986785155739607,35000.0,243376.78,5059.439440354808,1,540.0
2.0,solar,bus_321,solar_12954,36.159500746331034,-114.13439061457143,272.23718788955114,216.79,19.79746766913336,35000.0,467371.66,9295.096465069715,0,540.0
2.0,solar,bus_321,solar_12977,36.202370820148275,-114.923046536,203.7179280382822,422.82,19.98129969611502,35000.0,365625.44,4648.62371364967,0,540.0
2.0,solar,bus_321,solar_13734,36.28811096778276,-115.01067497171428,198.67767742382864,1435.71,20.022836093802365,35000.0,275067.38,4670.662091503268,0,540.0
2.0,solar,bus_321,solar_14502,36.3309810416,-114.923046536,207.593910471376,1274.09,19.972700974607537,35000.0,392252.53,3317.1199651070892,0,540.0
1.0,wind,bus_322,wind_3840,32.91772711277368,-115.08185540278947,448.96221322185033,78.0,29.86654403472681,35000.0,257014.03,13494.356293888508,0,3370.0
1.0,wind,bus_322,wind_3841,32.91772711277368,-114.94380074321053,455.269518164451,66.0,32.903536507098664,35000.0,317563.62,13922.127475281783,0,3370.0
3.0,wind,bus_322,wind_3867,34.18784684133704,-116.976571399,254.53090155508053,66.0,22.15517101019571,15000.0,550612.56,10357.109068159081,1,3370.0
3.0,wind,bus_322,wind_4614,34.274428058174074,-117.04700127174074,243.94341484859504,228.0,45.46469677479659,15000.0,542013.2,9597.691972840154,1,3370.0
3.0,wind,bus_322,wind_4625,34.361009275011114,-118.24430910833333,241.07949281459955,186.0,40.587012468578514,35000.0,411351.8,5539.314954486427,1,3370.0
1.0,wind,bus_322,wind_5738,33.01659015964737,-114.80574608363158,452.4766514472616,144.0,45.67545565294453,35000.0,185248.53,6033.371193415638,0,3370.0
3.0,wind,bus_322,wind_5759,34.534171708685186,-118.5260285992963,231.8138256593953,246.0,27.70681974270578,15000.0,579130.6,4889.942746873255,1,3370.0
3.0,wind,bus_322,wind_5762,34.534171708685186,-118.31473898107407,224.72003321743048,204.0,38.767218884089594,15000.0,378539.16,11720.692783303672,1,3370.0
1.0,wind,bus_322,wind_6124,33.11545320652105,-116.324347339,384.4567067163528,60.0,52.26981609860366,35000.0,376899.84,13854.580762104344,0,3370.0
2.0,wind,bus_322,wind_6862,35.173489048534485,-114.48490435742858,304.9514741556722,42.0,49.37766374099247,35000.0,362114.1,5022.801101628039,0,3370.0
2.0,wind,bus_322,wind_6864,35.173489048534485,-114.309647486,319.0537179775682,252.0,39.248624139220354,35000.0,454195.8,4487.393906682622,0,3370.0
2.0,wind,bus_322,wind_8004,35.216359122351726,-115.01067497171428,261.23972235086063,222.0,57.02361614208024,15000.0,347759.25,3906.8795749374895,0,3370.0
1.0,wind,bus_322,wind_8011,33.31317930026842,-115.63407404110526,386.40021492116017,228.0,17.733234099813693,15000.0,124354.65,5979.508496701373,0,3370.0
1.0,wind,bus_322,wind_8026,33.31317930026842,-113.701308807,489.7670043296407,126.0,33.18933618191138,35000.0,307217.75,13701.886610865902,0,3370.0
1.0,wind,bus_322,wind_8770,33.412042347142105,-113.9774181261579,464.2100766161784,276.0,40.85052500898017,35000.0,139822.95,4952.446145236453,0,3370.0
1.0,wind,bus_322,wind_8775,33.51090539401579,-116.0482380198421,350.91214441117086,108.0,31.262503103984557,15000.0,240732.22,5543.147302292982,0,3370.0
2.0,wind,bus_322,wind_9542,35.25922919616897,-113.43336312885715,388.00540910030816,228.0,40.26782429171251,15000.0,206109.4,3636.3574772151674,0,3370.0
1.0,wind,bus_322,wind_9546,33.609768440889475,-116.18629267942106,336.08257273453995,258.0,31.322704717256308,35000.0,228112.95,6730.409007429606,0,3370.0
1.0,wind,bus_322,wind_9926,33.609768440889475,-115.7721287006842,351.1264959132889,288.0,29.121414121724055,35000.0,177124.89,5342.027528675423,0,3370.0
3.0,wind,bus_322,wind_10314,34.96707779287037,-118.38516885381482,182.7244313820451,246.0,41.28737036872091,15000.0,469507.75,3910.4721550060904,1,3370.0
3.0,wind,bus_322,wind_11080,35.05365900970741,-117.82172987188889,157.00212993798397,240.0,29.83449048851381,15000.0,473568.0,3140.1317006028785,1,3370.0
3.0,wind,bus_322,wind_11451,35.05365900970741,-117.39915063544444,154.23420099416333,216.0,31.922420034212657,35000.0,286184.66,5037.468664619892,1,3370.0
3.0,wind,bus_322,wind_11462,35.14024022654445,-118.59645847203703,175.78028041722942,72.0,30.90716157998361,15000.0,421182.88,4246.732688971792,1,3370.0
2.0,wind,bus_322,wind_12200,35.47357956525517,-115.44881715028572,212.4098103791742,282.0,35.868914710440556,35000.0,368521.7,3513.425303677313,0,3370.0
3.0,wind,bus_322,wind_12222,35.22682144338148,-118.80774809025925,179.93984784734153,180.0,7.294763642570183,15000.0,448000.2,4639.573607492375,1,3370.0
2.0,wind,bus_322,wind_13347,35.602189786706894,-115.36118871457143,212.47698037977727,240.0,31.74171522120349,35000.0,271069.88,4934.397613384755,0,3370.0
2.0,wind,bus_322,wind_13355,35.602189786706894,-114.66016122885715,270.56368315152366,258.0,46.71920613088312,35000.0,318633.25,4238.3168759567225,0,3370.0
2.0,wind,bus_322,wind_13719,35.602189786706894,-113.696248436,353.2122759155406,270.0,49.6009464184887,15000.0,369154.3,5210.298750561249,0,3370.0
2.0,wind,bus_322,wind_13723,35.602189786706894,-113.34573469314286,383.7051930711633,282.0,46.93785294623239,35000.0,342503.72,4586.018234119997,0,3370.0
2.0,wind,bus_322,wind_14115,35.645059860524135,-113.60862000028573,359.5281629259221,102.0,44.604152879739,35000.0,319696.4,5301.523045267489,0,3370.0
1.0,solar,bus_322,solar_1180,33.609768440889475,-113.9774181261579,448.25770033589936,119.51,20.66093307534744,35000.0,415575.4,10881.386489607035,0,540.0
1.0,solar,bus_322,solar_1938,33.70863148776316,-115.91018336026316,335.71990292977904,413.56,21.006451738438415,35000.0,136194.78,5589.921430933224,0,540.0
1.0,solar,bus_322,solar_2696,33.70863148776316,-114.5296367644737,405.5602147247238,975.34,20.23556579392014,15000.0,326046.84,5842.262500000001,0,540.0
3.0,solar,bus_322,solar_3481,35.31340266021852,-117.54001038092592,125.25322542828758,235.46,20.98557988500825,15000.0,1450488.9,9015.091456745968,1,540.0
3.0,solar,bus_322,solar_3865,35.399983877055554,-117.89215974462962,121.19944169439482,555.68,20.956046218629005,15000.0,748010.2,8326.904253604604,1,540.0
1.0,solar,bus_322,solar_4974,33.90635758151053,-114.39158210489474,397.9164135235821,725.49,20.566563256377396,15000.0,151662.47,5015.97306034038,0,540.0
3.0,solar,bus_322,solar_5002,35.57314631072963,-117.75129999914815,99.20317184829824,321.51,20.805657171461945,15000.0,610527.6,14019.768686868687,1,540.0
2.0,solar,bus_322,solar_6866,35.773670081975865,-113.082849386,402.3212346671711,1975.87,20.3644778352278,15000.0,163287.61,3303.7093581362155,0,540.0
2.0,solar,bus_322,solar_6870,35.816540155793106,-115.27356027885715,210.34491499911343,511.49,20.3885561933549,15000.0,191078.33,4340.889018140537,0,540.0
1.0,solar,bus_322,solar_6877,34.20294672213158,-114.39158210489474,374.9248753306309,243.36,20.323107440582152,35000.0,248843.27,14732.03952695499,0,540.0
1.0,solar,bus_322,solar_7637,34.40067281587895,-116.0482380198421,261.38245433682573,115.64,20.97164538263398,15000.0,329703.16,8637.77394621809,0,540.0
1.0,solar,bus_322,solar_8402,34.59839890962632,-116.18629267942106,236.01700296837217,800.57,20.779362880359272,35000.0,309062.75,5348.813514564577,0,540.0
1.0,solar,bus_322,solar_8406,34.59839890962632,-115.63407404110526,264.47940171943037,381.67,20.52282248996236,35000.0,307217.75,13701.886610865902,0,540.0
3.0,solar,bus_322,solar_8422,36.00605239491482,-118.878177963,133.89941610185932,1534.09,18.4643785313685,15000.0,147581.83,4738.016111105843,1,540.0
1.0,solar,bus_322,solar_8772,34.59839890962632,-115.21991006236843,289.673052248236,1262.43,20.827260532201606,15000.0,285082.16,4698.472227915261,0,540.0
3.0,solar,bus_322,solar_8801,36.00605239491482,-118.0330194901111,68.78517145128848,1920.94,21.38626932296118,15000.0,166064.89,3150.371663040237,1,540.0
1.0,solar,bus_322,solar_9164,34.6972619565,-115.91018336026316,240.4142598679076,1370.69,20.80076673898595,15000.0,228099.69,4582.887685702328,0,540.0
3.0,solar,bus_322,solar_9554,36.09263361175185,-118.73731821751852,118.67228032587228,2675.24,19.246807189138497,35000.0,439531.4,4826.783703703703,1,540.0
2.0,solar,bus_322,solar_10302,35.94515037724483,-113.95913374314286,321.1411315148643,774.09,20.206921077184717,35000.0,88726.28,5257.520563974944,0,540.0
3.0,solar,bus_322,solar_11083,36.26579604542593,-118.1738792355926,64.60409223380223,562.63,21.704051587967797,15000.0,407670.75,4334.185178850601,1,540.0
2.0,solar,bus_322,solar_11821,36.07376059869655,-115.36118871457143,194.73289798053537,1895.69,20.33245961018209,35000.0,267489.94,4568.217359904856,0,540.0
3.0,solar,bus_322,solar_11837,36.35237726226296,-118.5260285992963,93.64874641012824,3199.82,21.280843517492393,35000.0,657265.94,3555.5323979640634,1,540.0
2.0,solar,bus_322,solar_12188,36.07376059869655,-114.48490435742858,272.064390604476,1034.83,19.649696670386444,35000.0,345709.78,6176.704732336498,0,540.0
3.0,solar,bus_322,solar_12223,36.35237726226296,-117.3287207627037,17.000757440426213,616.44,19.899699049838656,15000.0,431066.34,4162.50411039619,1,540.0
2.0,solar,bus_322,solar_12568,36.11663067251379,-114.74778966457143,247.9843680257455,907.88,19.391389919897858,35000.0,404530.84,7771.421293493865,0,540.0
3.0,solar,bus_322,solar_12591,36.35237726226296,-117.11743114448147,34.302313794774044,1283.28,20.986785155739607,35000.0,243376.78,5059.439440354808,1,540.0
2.0,solar,bus_322,solar_12954,36.159500746331034,-114.13439061457143,301.88043857705964,216.79,19.79746766913336,35000.0,467371.66,9295.096465069715,0,540.0
2.0,solar,bus_322,solar_12977,36.202370820148275,-114.923046536,231.04874441279696,422.82,19.98129969611502,35000.0,365625.44,4648.62371364967,0,540.0
2.0,solar,bus_322,solar_13734,36.28811096778276,-115.01067497171428,222.20830916774057,1435.71,20.022836093802365,35000.0,275067.38,4670.662091503268,0,540.0
2.0,solar,bus_322,solar_14502,36.3309810416,-114.923046536,229.67100537502785,1274.09,19.972700974607537,35000.0,392252.53,3317.1199651070892,0,540.0
1.0,wind,bus_323,wind_3840,32.91772711277368,-115.08185540278947,239.68364259877976,78.0,29.86654403472681,35000.0,257014.03,13494.356293888508,0,3370.0
1.0,wind,bus_323,wind_3841,32.91772711277368,-114.94380074321053,249.8473268893499,66.0,32.903536507098664,35000.0,317563.62,13922.127475281783,0,3370.0
3.0,wind,bus_323,wind_3867,34.18784684133704,-116.976571399,14.5034854944351,66.0,22.15517101019571,15000.0,550612.56,10357.109068159081,1,3370.0
3.0,wind,bus_323,wind_4614,34.274428058174074,-117.04700127174074,6.535136602777389,228.0,45.46469677479659,15000.0,542013.2,9597.691972840154,1,3370.0
3.0,wind,bus_323,wind_4625,34.361009275011114,-118.24430910833333,104.58203429992598,186.0,40.587012468578514,35000.0,411351.8,5539.314954486427,1,3370.0
1.0,wind,bus_323,wind_5738,33.01659015964737,-114.80574608363158,254.02922574984308,144.0,45.67545565294453,35000.0,185248.53,6033.371193415638,0,3370.0
3.0,wind,bus_323,wind_5759,34.534171708685186,-118.5260285992963,133.34834776127403,246.0,27.70681974270578,15000.0,579130.6,4889.942746873255,1,3370.0
3.0,wind,bus_323,wind_5762,34.534171708685186,-118.31473898107407,114.59237314798226,204.0,38.767218884089594,15000.0,378539.16,11720.692783303672,1,3370.0
1.0,wind,bus_323,wind_6124,33.11545320652105,-116.324347339,146.0375908414625,60.0,52.26981609860366,35000.0,376899.84,13854.580762104344,0,3370.0
2.0,wind,bus_323,wind_6862,35.173489048534485,-114.48490435742858,261.1206903326823,42.0,49.37766374099247,35000.0,362114.1,5022.801101628039,0,3370.0
2.0,wind,bus_323,wind_6864,35.173489048534485,-114.309647486,275.92757884276193,252.0,39.248624139220354,35000.0,454195.8,4487.393906682622,0,3370.0
2.0,wind,bus_323,wind_8004,35.216359122351726,-115.01067497171428,219.9668274258883,222.0,57.02361614208024,15000.0,347759.25,3906.8795749374895,0,3370.0
1.0,wind,bus_323,wind_8011,33.31317930026842,-115.63407404110526,172.06731775152622,228.0,17.733234099813693,15000.0,124354.65,5979.508496701373,0,3370.0
1.0,wind,bus_323,wind_8026,33.31317930026842,-113.701308807,332.1716156870614,126.0,33.18933618191138,35000.0,307217.75,13701.886610865902,0,3370.0
1.0,wind,bus_323,wind_8770,33.412042347142105,-113.9774181261579,304.34631793608366,276.0,40.85052500898017,35000.0,139822.95,4952.446145236453,0,3370.0
1.0,wind,bus_323,wind_8775,33.51090539401579,-116.0482380198421,128.35060619670418,108.0,31.262503103984557,15000.0,240732.22,5543.147302292982,0,3370.0
2.0,wind,bus_323,wind_9542,35.25922919616897,-113.43336312885715,354.2803515622491,228.0,40.26782429171251,15000.0,206109.4,3636.3574772151674,0,3370.0
1.0,wind,bus_323,wind_9546,33.609768440889475,-116.18629267942106,111.48445952029444,258.0,31.322704717256308,35000.0,228112.95,6730.409007429606,0,3370.0
1.0,wind,bus_323,wind_9926,33.609768440889475,-115.7721287006842,142.91181160797882,288.0,29.121414121724055,35000.0,177124.89,5342.027528675423,0,3370.0
3.0,wind,bus_323,wind_10314,34.96707779287037,-118.38516885381482,140.9050315760845,246.0,41.28737036872091,15000.0,469507.75,3910.4721550060904,1,3370.0
3.0,wind,bus_323,wind_11080,35.05365900970741,-117.82172987188889,110.11774311751128,240.0,29.83449048851381,15000.0,473568.0,3140.1317006028785,1,3370.0
3.0,wind,bus_323,wind_11451,35.05365900970741,-117.39915063544444,92.7908128693674,216.0,31.922420034212657,35000.0,286184.66,5037.468664619892,1,3370.0
3.0,wind,bus_323,wind_11462,35.14024022654445,-118.59645847203703,167.68816231845597,72.0,30.90716157998361,15000.0,421182.88,4246.732688971792,1,3370.0
2.0,wind,bus_323,wind_12200,35.47357956525517,-115.44881715028572,203.66148853494784,282.0,35.868914710440556,35000.0,368521.7,3513.425303677313,0,3370.0
3.0,wind,bus_323,wind_12222,35.22682144338148,-118.80774809025925,188.9379063577035,180.0,7.294763642570183,15000.0,448000.2,4639.573607492375,1,3370.0
2.0,wind,bus_323,wind_13347,35.602189786706894,-115.36118871457143,219.12466183326947,240.0,31.74171522120349,35000.0,271069.88,4934.397613384755,0,3370.0
2.0,wind,bus_323,wind_13355,35.602189786706894,-114.66016122885715,269.2797730185202,258.0,46.71920613088312,35000.0,318633.25,4238.3168759567225,0,3370.0
2.0,wind,bus_323,wind_13719,35.602189786706894,-113.696248436,345.7253906712206,270.0,49.6009464184887,15000.0,369154.3,5210.298750561249,0,3370.0
2.0,wind,bus_323,wind_13723,35.602189786706894,-113.34573469314286,374.7652373632176,282.0,46.93785294623239,35000.0,342503.72,4586.018234119997,0,3370.0
2.0,wind,bus_323,wind_14115,35.645059860524135,-113.60862000028573,354.91460635607245,102.0,44.604152879739,35000.0,319696.4,5301.523045267489,0,3370.0
1.0,solar,bus_323,solar_1180,33.609768440889475,-113.9774181261579,298.00244430775666,119.51,20.66093307534744,35000.0,415575.4,10881.386489607035,0,540.0
1.0,solar,bus_323,solar_1938,33.70863148776316,-115.91018336026316,126.36630538802622,413.56,21.006451738438415,35000.0,136194.78,5589.921430933224,0,540.0
1.0,solar,bus_323,solar_2696,33.70863148776316,-114.5296367644737,245.7828996721685,975.34,20.23556579392014,15000.0,326046.84,5842.262500000001,0,540.0
3.0,solar,bus_323,solar_3481,35.31340266021852,-117.54001038092592,124.18579463739654,235.46,20.98557988500825,15000.0,1450488.9,9015.091456745968,1,540.0
3.0,solar,bus_323,solar_3865,35.399983877055554,-117.89215974462962,146.01658370257115,555.68,20.956046218629005,15000.0,748010.2,8326.904253604604,1,540.0
1.0,solar,bus_323,solar_4974,33.90635758151053,-114.39158210489474,253.59622263133053,725.49,20.566563256377396,15000.0,151662.47,5015.97306034038,0,540.0
3.0,solar,bus_323,solar_5002,35.57314631072963,-117.75129999914815,157.9016890672229,321.51,20.805657171461945,15000.0,610527.6,14019.768686868687,1,540.0
2.0,solar,bus_323,solar_6866,35.773670081975865,-113.082849386,404.0773843841231,1975.87,20.3644778352278,15000.0,163287.61,3303.7093581362155,0,540.0
2.0,solar,bus_323,solar_6870,35.816540155793106,-115.27356027885715,241.4041152244284,511.49,20.3885561933549,15000.0,191078.33,4340.889018140537,0,540.0
1.0,solar,bus_323,solar_6877,34.20294672213158,-114.39158210489474,250.2727699046988,243.36,20.323107440582152,35000.0,248843.27,14732.03952695499,0,540.0
1.0,solar,bus_323,solar_7637,34.40067281587895,-116.0482380198421,99.16427273654212,115.64,20.97164538263398,15000.0,329703.16,8637.77394621809,0,540.0
1.0,solar,bus_323,solar_8402,34.59839890962632,-116.18629267942106,93.28993891697506,800.57,20.779362880359272,35000.0,309062.75,5348.813514564577,0,540.0
1.0,solar,bus_323,solar_8406,34.59839890962632,-115.63407404110526,140.99755378293014,381.67,20.52282248996236,35000.0,307217.75,13701.886610865902,0,540.0
3.0,solar,bus_323,solar_8422,36.00605239491482,-118.878177963,252.49683765568437,1534.09,18.4643785313685,15000.0,147581.83,4738.016111105843,1,540.0
1.0,solar,bus_323,solar_8772,34.59839890962632,-115.21991006236843,177.84820313800796,1262.43,20.827260532201606,15000.0,285082.16,4698.472227915261,0,540.0
3.0,solar,bus_323,solar_8801,36.00605239491482,-118.0330194901111,212.11616284684916,1920.94,21.38626932296118,15000.0,166064.89,3150.371663040237,1,540.0
1.0,solar,bus_323,solar_9164,34.6972619565,-115.91018336026316,120.83524180714254,1370.69,20.80076673898595,15000.0,228099.69,4582.887685702328,0,540.0
3.0,solar,bus_323,solar_9554,36.09263361175185,-118.73731821751852,252.24971825909168,2675.24,19.246807189138497,35000.0,439531.4,4826.783703703703,1,540.0
2.0,solar,bus_323,solar_10302,35.94515037724483,-113.95913374314286,343.1010573306812,774.09,20.206921077184717,35000.0,88726.28,5257.520563974944,0,540.0
3.0,solar,bus_323,solar_11083,36.26579604542593,-118.1738792355926,243.64693593007064,562.63,21.704051587967797,15000.0,407670.75,4334.185178850601,1,540.0
2.0,solar,bus_323,solar_11821,36.07376059869655,-115.36118871457143,257.5833421545031,1895.69,20.33245961018209,35000.0,267489.94,4568.217359904856,0,540.0
3.0,solar,bus_323,solar_11837,36.35237726226296,-118.5260285992963,266.32057508313886,3199.82,21.280843517492393,35000.0,657265.94,3555.5323979640634,1,540.0
2.0,solar,bus_323,solar_12188,36.07376059869655,-114.48490435742858,313.14279507996446,1034.83,19.649696670386444,35000.0,345709.78,6176.704732336498,0,540.0
3.0,solar,bus_323,solar_12223,36.35237726226296,-117.3287207627037,234.25720157834797,616.44,19.899699049838656,15000.0,431066.34,4162.50411039619,1,540.0
2.0,solar,bus_323,solar_12568,36.11663067251379,-114.74778966457143,298.56633657744635,907.88,19.391389919897858,35000.0,404530.84,7771.421293493865,0,540.0
3.0,solar,bus_323,solar_12591,36.35237726226296,-117.11743114448147,233.4400385683979,1283.28,20.986785155739607,35000.0,243376.78,5059.439440354808,1,540.0
2.0,solar,bus_323,solar_12954,36.159500746331034,-114.13439061457143,343.75299546542374,216.79,19.79746766913336,35000.0,467371.66,9295.096465069715,0,540.0
2.0,solar,bus_323,solar_12977,36.202370820148275,-114.923046536,294.19284291292945,422.82,19.98129969611502,35000.0,365625.44,4648.62371364967,0,540.0
2.0,solar,bus_323,solar_13734,36.28811096778276,-115.01067497171428,296.0263449716771,1435.71,20.022836093802365,35000.0,275067.38,4670.662091503268,0,540.0
2.0,solar,bus_323,solar_14502,36.3309810416,-114.923046536,304.7778690049528,1274.09,19.972700974607537,35000.0,392252.53,3317.1199651070892,0,540.0
1.0,wind,bus_324,wind_3840,32.91772711277368,-115.08185540278947,372.4789426628294,78.0,29.86654403472681,35000.0,257014.03,13494.356293888508,0,3370.0
1.0,wind,bus_324,wind_3841,32.91772711277368,-114.94380074321053,381.8607986290934,66.0,32.903536507098664,35000.0,317563.62,13922.127475281783,0,3370.0
3.0,wind,bus_324,wind_3867,34.18784684133704,-116.976571399,148.9667130848155,66.0,22.15517101019571,15000.0,550612.56,10357.109068159081,1,3370.0
3.0,wind,bus_324,wind_4614,34.274428058174074,-117.04700127174074,137.44042478480551,228.0,45.46469677479659,15000.0,542013.2,9597.691972840154,1,3370.0
3.0,wind,bus_324,wind_4625,34.361009275011114,-118.24430910833333,95.9500523132285,186.0,40.587012468578514,35000.0,411351.8,5539.314954486427,1,3370.0
1.0,wind,bus_324,wind_5738,33.01659015964737,-114.80574608363158,384.24240937811777,144.0,45.67545565294453,35000.0,185248.53,6033.371193415638,0,3370.0
3.0,wind,bus_324,wind_5759,34.534171708685186,-118.5260285992963,87.16932871505873,246.0,27.70681974270578,15000.0,579130.6,4889.942746873255,1,3370.0
3.0,wind,bus_324,wind_5762,34.534171708685186,-118.31473898107407,79.00931358827728,204.0,38.767218884089594,15000.0,378539.16,11720.692783303672,1,3370.0
1.0,wind,bus_324,wind_6124,33.11545320652105,-116.324347339,280.7635064150203,60.0,52.26981609860366,35000.0,376899.84,13854.580762104344,0,3370.0
2.0,wind,bus_324,wind_6862,35.173489048534485,-114.48490435742858,322.59685437011933,42.0,49.37766374099247,35000.0,362114.1,5022.801101628039,0,3370.0
2.0,wind,bus_324,wind_6864,35.173489048534485,-114.309647486,338.5194076629042,252.0,39.248624139220354,35000.0,454195.8,4487.393906682622,0,3370.0
2.0,wind,bus_324,wind_8004,35.216359122351726,-115.01067497171428,274.7334236188892,222.0,57.02361614208024,15000.0,347759.25,3906.8795749374895,0,3370.0
1.0,wind,bus_324,wind_8011,33.31317930026842,-115.63407404110526,304.9452437281022,228.0,17.733234099813693,15000.0,124354.65,5979.508496701373,0,3370.0
1.0,wind,bus_324,wind_8026,33.31317930026842,-113.701308807,450.4175761106364,126.0,33.18933618191138,35000.0,307217.75,13701.886610865902,0,3370.0
1.0,wind,bus_324,wind_8770,33.412042347142105,-113.9774181261579,422.66973306085936,276.0,40.85052500898017,35000.0,139822.95,4952.446145236453,0,3370.0
1.0,wind,bus_324,wind_8775,33.51090539401579,-116.0482380198421,262.29354453102496,108.0,31.262503103984557,15000.0,240732.22,5543.147302292982,0,3370.0
2.0,wind,bus_324,wind_9542,35.25922919616897,-113.43336312885715,417.9330932190744,228.0,40.26782429171251,15000.0,206109.4,3636.3574772151674,0,3370.0
1.0,wind,bus_324,wind_9546,33.609768440889475,-116.18629267942106,245.51918913436864,258.0,31.322704717256308,35000.0,228112.95,6730.409007429606,0,3370.0
1.0,wind,bus_324,wind_9926,33.609768440889475,-115.7721287006842,273.1423213998028,288.0,29.121414121724055,35000.0,177124.89,5342.027528675423,0,3370.0
3.0,wind,bus_324,wind_10314,34.96707779287037,-118.38516885381482,41.538570108981745,246.0,41.28737036872091,15000.0,469507.75,3910.4721550060904,1,3370.0
3.0,wind,bus_324,wind_11080,35.05365900970741,-117.82172987188889,25.78098757710149,240.0,29.83449048851381,15000.0,473568.0,3140.1317006028785,1,3370.0
3.0,wind,bus_324,wind_11451,35.05365900970741,-117.39915063544444,60.256684685225295,216.0,31.922420034212657,35000.0,286184.66,5037.468664619892,1,3370.0
3.0,wind,bus_324,wind_11462,35.14024022654445,-118.59645847203703,51.578958980887776,72.0,30.90716157998361,15000.0,421182.88,4246.732688971792,1,3370.0
2.0,wind,bus_324,wind_12200,35.47357956525517,-115.44881715028572,236.42836042927644,282.0,35.868914710440556,35000.0,368521.7,3513.425303677313,0,3370.0
3.0,wind,bus_324,wind_12222,35.22682144338148,-118.80774809025925,70.25179776889516,180.0,7.294763642570183,15000.0,448000.2,4639.573607492375,1,3370.0
2.0,wind,bus_324,wind_13347,35.602189786706894,-115.36118871457143,246.27134735312777,240.0,31.74171522120349,35000.0,271069.88,4934.397613384755,0,3370.0
2.0,wind,bus_324,wind_13355,35.602189786706894,-114.66016122885715,308.98665030806364,258.0,46.71920613088312,35000.0,318633.25,4238.3168759567225,0,3370.0
2.0,wind,bus_324,wind_13719,35.602189786706894,-113.696248436,395.6377215279466,270.0,49.6009464184887,15000.0,369154.3,5210.298750561249,0,3370.0
2.0,wind,bus_324,wind_13723,35.602189786706894,-113.34573469314286,427.215113739728,282.0,46.93785294623239,35000.0,342503.72,4586.018234119997,0,3370.0
2.0,wind,bus_324,wind_14115,35.645059860524135,-113.60862000028573,403.9705405250593,102.0,44.604152879739,35000.0,319696.4,5301.523045267489,0,3370.0
1.0,solar,bus_324,solar_1180,33.609768440889475,-113.9774181261579,412.35544519653735,119.51,20.66093307534744,35000.0,415575.4,10881.386489607035,0,540.0
1.0,solar,bus_324,solar_1938,33.70863148776316,-115.91018336026316,256.28730947011803,413.56,21.006451738438415,35000.0,136194.78,5589.921430933224,0,540.0
1.0,solar,bus_324,solar_2696,33.70863148776316,-114.5296367644737,361.9391791204949,975.34,20.23556579392014,15000.0,326046.84,5842.262500000001,0,540.0
3.0,solar,bus_324,solar_3481,35.31340266021852,-117.54001038092592,46.46966798175283,235.46,20.98557988500825,15000.0,1450488.9,9015.091456745968,1,540.0
3.0,solar,bus_324,solar_3865,35.399983877055554,-117.89215974462962,25.101169996179483,555.68,20.956046218629005,15000.0,748010.2,8326.904253604604,1,540.0
1.0,solar,bus_324,solar_4974,33.90635758151053,-114.39158210489474,363.5814012051697,725.49,20.566563256377396,15000.0,151662.47,5015.97306034038,0,540.0
3.0,solar,bus_324,solar_5002,35.57314631072963,-117.75129999914815,48.18613969873864,321.51,20.805657171461945,15000.0,610527.6,14019.768686868687,1,540.0
2.0,solar,bus_324,solar_6866,35.773670081975865,-113.082849386,452.6960587608443,1975.87,20.3644778352278,15000.0,163287.61,3303.7093581362155,0,540.0
2.0,solar,bus_324,solar_6870,35.816540155793106,-115.27356027885715,258.956873372855,511.49,20.3885561933549,15000.0,191078.33,4340.889018140537,0,540.0
1.0,solar,bus_324,solar_6877,34.20294672213158,-114.39158210489474,351.21257989869946,243.36,20.323107440582152,35000.0,248843.27,14732.03952695499,0,540.0
1.0,solar,bus_324,solar_7637,34.40067281587895,-116.0482380198421,202.30533559151817,115.64,20.97164538263398,15000.0,329703.16,8637.77394621809,0,540.0
1.0,solar,bus_324,solar_8402,34.59839890962632,-116.18629267942106,181.6293021773592,800.57,20.779362880359272,35000.0,309062.75,5348.813514564577,0,540.0
1.0,solar,bus_324,solar_8406,34.59839890962632,-115.63407404110526,229.13261557319092,381.67,20.52282248996236,35000.0,307217.75,13701.886610865902,0,540.0
3.0,solar,bus_324,solar_8422,36.00605239491482,-118.878177963,117.11379528911446,1534.09,18.4643785313685,15000.0,147581.83,4738.016111105843,1,540.0
1.0,solar,bus_324,solar_8772,34.59839890962632,-115.21991006236843,265.4500034656281,1262.43,20.827260532201606,15000.0,285082.16,4698.472227915261,0,540.0
3.0,solar,bus_324,solar_8801,36.00605239491482,-118.0330194901111,88.89722016394043,1920.94,21.38626932296118,15000.0,166064.89,3150.371663040237,1,540.0
1.0,solar,bus_324,solar_9164,34.6972619565,-115.91018336026316,201.7440807523437,1370.69,20.80076673898595,15000.0,228099.69,4582.887685702328,0,540.0
3.0,solar,bus_324,solar_9554,36.09263361175185,-118.73731821751852,117.20070412450931,2675.24,19.246807189138497,35000.0,439531.4,4826.783703703703,1,540.0
2.0,solar,bus_324,solar_10302,35.94515037724483,-113.95913374314286,377.610453155334,774.09,20.206921077184717,35000.0,88726.28,5257.520563974944,0,540.0
3.0,solar,bus_324,solar_11083,36.26579604542593,-118.1738792355926,118.44611304661385,562.63,21.704051587967797,15000.0,407670.75,4334.185178850601,1,540.0
2.0,solar,bus_324,solar_11821,36.07376059869655,-115.36118871457143,260.12724094175064,1895.69,20.33245961018209,35000.0,267489.94,4568.217359904856,0,540.0
3.0,solar,bus_324,solar_11837,36.35237726226296,-118.5260285992963,134.89191795149716,3199.82,21.280843517492393,35000.0,657265.94,3555.5323979640634,1,540.0
2.0,solar,bus_324,solar_12188,36.07376059869655,-114.48490435742858,334.95043780447793,1034.83,19.649696670386444,35000.0,345709.78,6176.704732336498,0,540.0
3.0,solar,bus_324,solar_12223,36.35237726226296,-117.3287207627037,142.440652562049,616.44,19.899699049838656,15000.0,431066.34,4162.50411039619,1,540.0
2.0,solar,bus_324,solar_12568,36.11663067251379,-114.74778966457143,313.7073181323524,907.88,19.391389919897858,35000.0,404530.84,7771.421293493865,0,540.0
3.0,solar,bus_324,solar_12591,36.35237726226296,-117.11743114448147,151.9227404922951,1283.28,20.986785155739607,35000.0,243376.78,5059.439440354808,1,540.0
2.0,solar,bus_324,solar_12954,36.159500746331034,-114.13439061457143,367.84000114269577,216.79,19.79746766913336,35000.0,467371.66,9295.096465069715,0,540.0
2.0,solar,bus_324,solar_12977,36.202370820148275,-114.923046536,301.98689996635744,422.82,19.98129969611502,35000.0,365625.44,4648.62371364967,0,540.0
2.0,solar,bus_324,solar_13734,36.28811096778276,-115.01067497171428,298.2187831669489,1435.71,20.022836093802365,35000.0,275067.38,4670.662091503268,0,540.0
2.0,solar,bus_324,solar_14502,36.3309810416,-114.923046536,307.30887168219044,1274.09,19.972700974607537,35000.0,392252.53,3317.1199651070892,0,540.0
1.0,wind,bus_325,wind_3840,32.91772711277368,-115.08185540278947,240.75574947824848,78.0,29.86654403472681,35000.0,257014.03,13494.356293888508,0,3370.0
1.0,wind,bus_325,wind_3841,32.91772711277368,-114.94380074321053,250.95049887015952,66.0,32.903536507098664,35000.0,317563.62,13922.127475281783,0,3370.0
3.0,wind,bus_325,wind_3867,34.18784684133704,-116.976571399,15.718762741359669,66.0,22.15517101019571,15000.0,550612.56,10357.109068159081,1,3370.0
3.0,wind,bus_325,wind_4614,34.274428058174074,-117.04700127174074,7.939311673493622,228.0,45.46469677479659,15000.0,542013.2,9597.691972840154,1,3370.0
3.0,wind,bus_325,wind_4625,34.361009275011114,-118.24430910833333,103.15969978225468,186.0,40.587012468578514,35000.0,411351.8,5539.314954486427,1,3370.0
1.0,wind,bus_325,wind_5738,33.01659015964737,-114.80574608363158,255.19151794487837,144.0,45.67545565294453,35000.0,185248.53,6033.371193415638,0,3370.0
3.0,wind,bus_325,wind_5759,34.534171708685186,-118.5260285992963,131.97358264639382,246.0,27.70681974270578,15000.0,579130.6,4889.942746873255,1,3370.0
3.0,wind,bus_325,wind_5762,34.534171708685186,-118.31473898107407,113.2371272107613,204.0,38.767218884089594,15000.0,378539.16,11720.692783303672,1,3370.0
1.0,wind,bus_325,wind_6124,33.11545320652105,-116.324347339,146.66530675488443,60.0,52.26981609860366,35000.0,376899.84,13854.580762104344,0,3370.0
2.0,wind,bus_325,wind_6862,35.173489048534485,-114.48490435742858,262.4958018309873,42.0,49.37766374099247,35000.0,362114.1,5022.801101628039,0,3370.0
2.0,wind,bus_325,wind_6864,35.173489048534485,-114.309647486,277.3126170291482,252.0,39.248624139220354,35000.0,454195.8,4487.393906682622,0,3370.0
2.0,wind,bus_325,wind_8004,35.216359122351726,-115.01067497171428,221.2863979738799,222.0,57.02361614208024,15000.0,347759.25,3906.8795749374895,0,3370.0
1.0,wind,bus_325,wind_8011,33.31317930026842,-115.63407404110526,173.15251367926805,228.0,17.733234099813693,15000.0,124354.65,5979.508496701373,0,3370.0
1.0,wind,bus_325,wind_8026,33.31317930026842,-113.701308807,333.51719070529055,126.0,33.18933618191138,35000.0,307217.75,13701.886610865902,0,3370.0
1.0,wind,bus_325,wind_8770,33.412042347142105,-113.9774181261579,305.69541440544884,276.0,40.85052500898017,35000.0,139822.95,4952.446145236453,0,3370.0
1.0,wind,bus_325,wind_8775,33.51090539401579,-116.0482380198421,129.38973854924595,108.0,31.262503103984557,15000.0,240732.22,5543.147302292982,0,3370.0
2.0,wind,bus_325,wind_9542,35.25922919616897,-113.43336312885715,355.68718190159194,228.0,40.26782429171251,15000.0,206109.4,3636.3574772151674,0,3370.0
1.0,wind,bus_325,wind_9546,33.609768440889475,-116.18629267942106,112.52528511348577,258.0,31.322704717256308,35000.0,228112.95,6730.409007429606,0,3370.0
1.0,wind,bus_325,wind_9926,33.609768440889475,-115.7721287006842,144.11150919417065,288.0,29.121414121724055,35000.0,177124.89,5342.027528675423,0,3370.0
3.0,wind,bus_325,wind_10314,34.96707779287037,-118.38516885381482,139.7871549876409,246.0,41.28737036872091,15000.0,469507.75,3910.4721550060904,1,3370.0
3.0,wind,bus_325,wind_11080,35.05365900970741,-117.82172987188889,109.37681582018386,240.0,29.83449048851381,15000.0,473568.0,3140.1317006028785,1,3370.0
3.0,wind,bus_325,wind_11451,35.05365900970741,-117.39915063544444,92.51415803308764,216.0,31.922420034212657,35000.0,286184.66,5037.468664619892,1,3370.0
3.0,wind,bus_325,wind_11462,35.14024022654445,-118.59645847203703,166.59960058889445,72.0,30.90716157998361,15000.0,421182.88,4246.732688971792,1,3370.0
2.0,wind,bus_325,wind_12200,35.47357956525517,-115.44881715028572,204.81822178281575,282.0,35.868914710440556,35000.0,368521.7,3513.425303677313,0,3370.0
3.0,wind,bus_325,wind_12222,35.22682144338148,-118.80774809025925,187.83216987875696,180.0,7.294763642570183,15000.0,448000.2,4639.573607492375,1,3370.0
2.0,wind,bus_325,wind_13347,35.602189786706894,-115.36118871457143,220.2587994840667,240.0,31.74171522120349,35000.0,271069.88,4934.397613384755,0,3370.0
2.0,wind,bus_325,wind_13355,35.602189786706894,-114.66016122885715,270.54350741527094,258.0,46.71920613088312,35000.0,318633.25,4238.3168759567225,0,3370.0
2.0,wind,bus_325,wind_13719,35.602189786706894,-113.696248436,347.07519032369925,270.0,49.6009464184887,15000.0,369154.3,5210.298750561249,0,3370.0
2.0,wind,bus_325,wind_13723,35.602189786706894,-113.34573469314286,376.1331390246595,282.0,46.93785294623239,35000.0,342503.72,4586.018234119997,0,3370.0
2.0,wind,bus_325,wind_14115,35.645059860524135,-113.60862000028573,356.2628420423014,102.0,44.604152879739,35000.0,319696.4,5301.523045267489,0,3370.0
1.0,solar,bus_325,solar_1180,33.609768440889475,-113.9774181261579,299.3859661699839,119.51,20.66093307534744,35000.0,415575.4,10881.386489607035,0,540.0
1.0,solar,bus_325,solar_1938,33.70863148776316,-115.91018336026316,127.58550984682716,413.56,21.006451738438415,35000.0,136194.78,5589.921430933224,0,540.0
1.0,solar,bus_325,solar_2696,33.70863148776316,-114.5296367644737,247.16236982909217,975.34,20.23556579392014,15000.0,326046.84,5842.262500000001,0,540.0
3.0,solar,bus_325,solar_3481,35.31340266021852,-117.54001038092592,123.85964891578568,235.46,20.98557988500825,15000.0,1450488.9,9015.091456745968,1,540.0
3.0,solar,bus_325,solar_3865,35.399983877055554,-117.89215974462962,145.4305307521243,555.68,20.956046218629005,15000.0,748010.2,8326.904253604604,1,540.0
1.0,solar,bus_325,solar_4974,33.90635758151053,-114.39158210489474,255.01342250239304,725.49,20.566563256377396,15000.0,151662.47,5015.97306034038,0,540.0
3.0,solar,bus_325,solar_5002,35.57314631072963,-117.75129999914815,157.4935292437432,321.51,20.805657171461945,15000.0,610527.6,14019.768686868687,1,540.0
2.0,solar,bus_325,solar_6866,35.773670081975865,-113.082849386,405.4345531110512,1975.87,20.3644778352278,15000.0,163287.61,3303.7093581362155,0,540.0
2.0,solar,bus_325,solar_6870,35.816540155793106,-115.27356027885715,242.49094353838456,511.49,20.3885561933549,15000.0,191078.33,4340.889018140537,0,540.0
1.0,solar,bus_325,solar_6877,34.20294672213158,-114.39158210489474,251.71981115828504,243.36,20.323107440582152,35000.0,248843.27,14732.03952695499,0,540.0
1.0,solar,bus_325,solar_7637,34.40067281587895,-116.0482380198421,100.61233735102292,115.64,20.97164538263398,15000.0,329703.16,8637.77394621809,0,540.0
1.0,solar,bus_325,solar_8402,34.59839890962632,-116.18629267942106,94.65959005938367,800.57,20.779362880359272,35000.0,309062.75,5348.813514564577,0,540.0
1.0,solar,bus_325,solar_8406,34.59839890962632,-115.63407404110526,142.42284751346787,381.67,20.52282248996236,35000.0,307217.75,13701.886610865902,0,540.0
3.0,solar,bus_325,solar_8422,36.00605239491482,-118.878177963,251.685131084757,1534.09,18.4643785313685,15000.0,147581.83,4738.016111105843,1,540.0
1.0,solar,bus_325,solar_8772,34.59839890962632,-115.21991006236843,179.28713534113817,1262.43,20.827260532201606,15000.0,285082.16,4698.472227915261,0,540.0
3.0,solar,bus_325,solar_8801,36.00605239491482,-118.0330194901111,211.66948016241935,1920.94,21.38626932296118,15000.0,166064.89,3150.371663040237,1,540.0
1.0,solar,bus_325,solar_9164,34.6972619565,-115.91018336026316,122.20547036943404,1370.69,20.80076673898595,15000.0,228099.69,4582.887685702328,0,540.0
3.0,solar,bus_325,solar_9554,36.09263361175185,-118.73731821751852,251.5157156019156,2675.24,19.246807189138497,35000.0,439531.4,4826.783703703703,1,540.0
2.0,solar,bus_325,solar_10302,35.94515037724483,-113.95913374314286,344.36955076797295,774.09,20.206921077184717,35000.0,88726.28,5257.520563974944,0,540.0
3.0,solar,bus_325,solar_11083,36.26579604542593,-118.1738792355926,243.1992935831983,562.63,21.704051587967797,15000.0,407670.75,4334.185178850601,1,540.0
2.0,solar,bus_325,solar_11821,36.07376059869655,-115.36118871457143,258.56869486469895,1895.69,20.33245961018209,35000.0,267489.94,4568.217359904856,0,540.0
3.0,solar,bus_325,solar_11837,36.35237726226296,-118.5260285992963,265.74449751454597,3199.82,21.280843517492393,35000.0,657265.94,3555.5323979640634,1,540.0
2.0,solar,bus_325,solar_12188,36.07376059869655,-114.48490435742858,314.31753117369135,1034.83,19.649696670386444,35000.0,345709.78,6176.704732336498,0,540.0
3.0,solar,bus_325,solar_12223,36.35237726226296,-117.3287207627037,234.26549919186945,616.44,19.899699049838656,15000.0,431066.34,4162.50411039619,1,540.0
2.0,solar,bus_325,solar_12568,36.11663067251379,-114.74778966457143,299.68523276134533,907.88,19.391389919897858,35000.0,404530.84,7771.421293493865,0,540.0
3.0,solar,bus_325,solar_12591,36.35237726226296,-117.11743114448147,233.5657305412003,1283.28,20.986785155739607,35000.0,243376.78,5059.439440354808,1,540.0
2.0,solar,bus_325,solar_12954,36.159500746331034,-114.13439061457143,344.9582304096286,216.79,19.79746766913336,35000.0,467371.66,9295.096465069715,0,540.0
2.0,solar,bus_325,solar_12977,36.202370820148275,-114.923046536,295.2539116418022,422.82,19.98129969611502,35000.0,365625.44,4648.62371364967,0,540.0
2.0,solar,bus_325,solar_13734,36.28811096778276,-115.01067497171428,297.04543865229647,1435.71,20.022836093802365,35000.0,275067.38,4670.662091503268,0,540.0
2.0,solar,bus_325,solar_14502,36.3309810416,-114.923046536,305.80648160465927,1274.09,19.972700974607537,35000.0,392252.53,3317.1199651070892,0,540.0
